section,row,seat,inventoryType,offerId,offerName,priceLevel,listPrice,totalPrice,placeId
102,BB,3,resale,GN6DCMJZG43DMMBVHE4XYMJZHFSTONRYHEZTK,,,167.0,194.56,GEYDEOSCII5DG
102,BB,4,resale,GN6DCMJZG43DMMBVHE4XYMJZHFSTONRYHEZTK,,,167.0,194.56,GEYDEOSCII5DI
102,BB,5,resale,GN6DCMJZG43DMMBVHE4XYMJZHFSTONRYHEZTK,,,167.0,194.56,GEYDEOSCII5DK
102,BB,6,resale,GN6DCMJZG43DMMBVHE4XYMJZHFSTONRYHEZTK,,,167.0,194.56,GEYDEOSCII5DM
102,BB,7,resale,GN6DCMJZG43DMMBVHE4XYMJZHFSTONRYHEZTK,,,167.0,194.56,GEYDEOSCII5DO
102,BB,8,resale,GN6DCMJZG43DMMBVHE4XYMJZHFSTONRYHEZTK,,,167.0,194.56,GEYDEOSCII5DQ
102,BB,9,resale,GN6DCMJZG43DMMBVHE4XYMJZHFSTONRYHEZTK,,,167.0,194.56,GEYDEOSCII5DS
102,BB,10,resale,GN6DCMJZG43DMMBVHE4XYMJZHFSTONRYHEZTK,,,167.0,194.56,GEYDEOSCII5DCMA
102,BB,11,resale,GN6DCMJZG43DMMBVHE4XYMJZHFSTONRYHEZTK,,,167.0,194.56,GEYDEOSCII5DCMI
102,BB,12,resale,GN6DCMJZG43DMMBVHE4XYMJZHFSTONRYHEZTK,,,167.0,194.56,GEYDEOSCII5DCMQ
102,BB,23,primary,GJ6DCMBQGAYTANBQGAYDAN34GI3TKLRQGB6DKNJOGUYHYMROGUYHYMRQFY3DG7D4PR6A,Verified Buccaneers Ticket,,275.0,353.63,GEYDEOSCII5DEMY
102,BB,24,primary,GJ6DCMBQGAYTANBQGAYDAN34GI3TKLRQGB6DKNJOGUYHYMROGUYHYMRQFY3DG7D4PR6A,Verified Buccaneers Ticket,,275.0,353.63,GEYDEOSCII5DENA
102,K,14,primary,GJ6DC7BVHE,Verified Buccaneers Ticket,P12,265.0,341.93,GEYDEOSLHIYTI
102,K,15,primary,GJ6DC7BVHE,Verified Buccaneers Ticket,P12,265.0,341.93,GEYDEOSLHIYTK
102,K,16,primary,GJ6DC7BVHE,Verified Buccaneers Ticket,P12,265.0,341.93,GEYDEOSLHIYTM
102,K,17,primary,GJ6DC7BVHE,Verified Buccaneers Ticket,P12,265.0,341.93,GEYDEOSLHIYTO
102,K,18,primary,GJ6DC7BVHE,Verified Buccaneers Ticket,P12,265.0,341.93,GEYDEOSLHIYTQ
102,K,19,resale,GN6DCMRUGI2TGMRUGYYXYMJZHEZTCNLEMM2DK,,,195.0,227.18,GEYDEOSLHIYTS
102,K,20,resale,GN6DCMRUGI2TGMRUGYYXYMJZHEZTCNLEMM2DK,,,195.0,227.18,GEYDEOSLHIZDA
102,L,17,resale,GN6DCMJZG43DMMBVHE4HYMJZHFSTONZQGE3TK,,,183.0,213.2,GEYDEOSMHIYTO
102,L,18,resale,GN6DCMJZG43DMMBVHE4HYMJZHFSTONZQGE3TK,,,183.0,213.2,GEYDEOSMHIYTQ
102,M,15,primary,GJ6DC7BVHE,Verified Buccaneers Ticket,P12,265.0,341.93,GEYDEOSNHIYTK
102,M,16,primary,GJ6DC7BVHE,Verified Buccaneers Ticket,P12,265.0,341.93,GEYDEOSNHIYTM
102,M,17,primary,GJ6DC7BVHE,Verified Buccaneers Ticket,P12,265.0,341.93,GEYDEOSNHIYTO
102,M,18,primary,GJ6DC7BVHE,Verified Buccaneers Ticket,P12,265.0,341.93,GEYDEOSNHIYTQ
102,R,9,primary,GJ6DCMBQGAYTANBQGAYDAN34GI3TKLRQGB6DKNJOGUYHYMROGUYHYMRQFY3DG7D4PR6A,Verified Buccaneers Ticket,,275.0,353.63,GEYDEOSSHI4Q
102,R,10,primary,GJ6DCMBQGAYTANBQGAYDAN34GI3TKLRQGB6DKNJOGUYHYMROGUYHYMRQFY3DG7D4PR6A,Verified Buccaneers Ticket,,275.0,353.63,GEYDEOSSHIYTA
102,T,11,resale,GN6DCMJZG43DMMBVHE2XYMJZHFSTONZRME3DK,,,165.0,192.23,GEYDEOSUHIYTC
102,T,12,resale,GN6DCMJZG43DMMBVHE2XYMJZHFSTONZRME3DK,,,165.0,192.23,GEYDEOSUHIYTE
102,T,13,resale,GN6DCMJZG43DMMBVHE2XYMJZHFSTONZRME3DK,,,165.0,192.23,GEYDEOSUHIYTG
102,T,14,resale,GN6DCMJZG43DMMBVHE2XYMJZHFSTONZRME3DK,,,165.0,192.23,GEYDEOSUHIYTI
102,T,15,resale,GN6DCMJZG43DMMBVHE2XYMJZHFSTONZRME3DK,,,165.0,192.23,GEYDEOSUHIYTK
102,T,16,resale,GN6DCMJZG43DMMBVHE2XYMJZHFSTONZRME3DK,,,165.0,192.23,GEYDEOSUHIYTM
102,V,14,resale,GN6DCMJZG43DMMBVHE2HYMJZHFSTONTBMNRDK,,,163.0,189.9,GEYDEOSWHIYTI
102,V,15,resale,GN6DCMJZG43DMMBVHE2HYMJZHFSTONTBMNRDK,,,163.0,189.9,GEYDEOSWHIYTK
102,V,16,resale,GN6DCMJZG43DMMBVHE2HYMJZHFSTONTBMNRDK,,,163.0,189.9,GEYDEOSWHIYTM
102,V,17,resale,GN6DCMJZG43DMMBVHE2HYMJZHFSTONTBMNRDK,,,163.0,189.9,GEYDEOSWHIYTO
102,V,18,resale,GN6DCMJZG43DMMBVHE2HYMJZHFSTONTBMNRDK,,,163.0,189.9,GEYDEOSWHIYTQ
102,V,19,resale,GN6DCMJZG43DMMBVHE2HYMJZHFSTONTBMNRDK,,,163.0,189.9,GEYDEOSWHIYTS
102,V,20,resale,GN6DCMJZG43DMMBVHE2HYMJZHFSTONTBMNRDK,,,163.0,189.9,GEYDEOSWHIZDA
102,Y,18,primary,GJ6DC7BVHE,Verified Buccaneers Ticket,P12,265.0,341.93,GEYDEOSZHIYTQ
102,Z,16,primary,GJ6DC7BVHE,Verified Buccaneers Ticket,P12,265.0,341.93,GEYDEOS2HIYTM
102,Z,17,primary,GJ6DC7BVHE,Verified Buccaneers Ticket,P12,265.0,341.93,GEYDEOS2HIYTO
102,Z,18,primary,GJ6DC7BVHE,Verified Buccaneers Ticket,P12,265.0,341.93,GEYDEOS2HIYTQ
103,BB,9,resale,GN6DCMJZG43DMMBVHEZXYMJZHFSTONTCG5STK,,,165.0,192.23,GEYDGOSCII5DS
103,BB,10,resale,GN6DCMJZG43DMMBVHEZXYMJZHFSTONTCG5STK,,,165.0,192.23,GEYDGOSCII5DCMA
103,BB,11,resale,GN6DCMJZG43DMMBVHEZXYMJZHFSTONTCG5STK,,,165.0,192.23,GEYDGOSCII5DCMI
103,BB,12,resale,GN6DCMJZG43DMMBVHEZXYMJZHFSTONTCG5STK,,,165.0,192.23,GEYDGOSCII5DCMQ
103,BB,13,resale,GN6DCMJZG43DMMBVHEZXYMJZHFSTONTCG5STK,,,165.0,192.23,GEYDGOSCII5DCMY
103,BB,14,resale,GN6DCMJZG43DMMBVHEZXYMJZHFSTONTCG5STK,,,165.0,192.23,GEYDGOSCII5DCNA
103,BB,15,resale,GN6DCMJZG43DMMBVHEZXYMJZHFSTONTCG5STK,,,165.0,192.23,GEYDGOSCII5DCNI
103,L,8,resale,GN6DCMJZG43DMMBVGUZHYMJZHFSTONRZHE4DK,,,190.0,221.35,GEYDGOSMHI4A
103,L,9,resale,GN6DCMJZG43DMMBVGUZHYMJZHFSTONRZHE4DK,,,190.0,221.35,GEYDGOSMHI4Q
103,N,9,primary,GJ6DC7BVHE,Verified Buccaneers Ticket,P12,265.0,341.93,GEYDGOSOHI4Q
103,N,10,primary,GJ6DC7BVHE,Verified Buccaneers Ticket,P12,265.0,341.93,GEYDGOSOHIYTA
103,S,7,primary,GJ6DC7BVHE,Verified Buccaneers Ticket,P12,265.0,341.93,GEYDGOSTHI3Q
103,S,8,primary,GJ6DC7BVHE,Verified Buccaneers Ticket,P12,265.0,341.93,GEYDGOSTHI4A
103,S,9,resale,GN6DCMJZG43DMMBVHEYXYMJZHFSTONTEGEYTK,,,170.0,198.05,GEYDGOSTHI4Q
103,S,10,resale,GN6DCMJZG43DMMBVHEYXYMJZHFSTONTEGEYTK,,,170.0,198.05,GEYDGOSTHIYTA
103,S,11,resale,GN6DCMJZG43DMMBVHEYXYMJZHFSTONTEGEYTK,,,170.0,198.05,GEYDGOSTHIYTC
103,S,12,resale,GN6DCMJZG43DMMBVHEYXYMJZHFSTONTEGEYTK,,,170.0,198.05,GEYDGOSTHIYTE
103,S,13,resale,GN6DCMJZG43DMMBVHEYXYMJZHFSTONTEGEYTK,,,170.0,198.05,GEYDGOSTHIYTG
103,S,14,resale,GN6DCMJZG43DMMBVHEYXYMJZHFSTONTEGEYTK,,,170.0,198.05,GEYDGOSTHIYTI
103,S,15,resale,GN6DCMJZG43DMMBVHEYXYMJZHFSTONTEGEYTK,,,170.0,198.05,GEYDGOSTHIYTK
103,V,10,primary,GJ6DC7BVHE,Verified Buccaneers Ticket,P12,265.0,341.93,GEYDGOSWHIYTA
103,V,11,primary,GJ6DC7BVHE,Verified Buccaneers Ticket,P12,265.0,341.93,GEYDGOSWHIYTC
103,V,12,primary,GJ6DC7BVHE,Verified Buccaneers Ticket,P12,265.0,341.93,GEYDGOSWHIYTE
103,V,13,primary,GJ6DC7BVHE,Verified Buccaneers Ticket,P12,265.0,341.93,GEYDGOSWHIYTG
103,V,14,resale,GN6DCMRVHA2DQMZVGA2XYMJZHFSTONTFME4DK,,,169.0,196.89,GEYDGOSWHIYTI
103,V,15,resale,GN6DCMRVHA2DQMZVGA2XYMJZHFSTONTFME4DK,,,169.0,196.89,GEYDGOSWHIYTK
103,V,16,resale,GN6DCMRVHA2DQMZVGA2XYMJZHFSTONTFME4DK,,,169.0,196.89,GEYDGOSWHIYTM
103,V,17,resale,GN6DCMRVHA2DQMZVGA2XYMJZHFSTONTFME4DK,,,169.0,196.89,GEYDGOSWHIYTO
103,V,18,resale,GN6DCMRVHA2DQMZVGA2XYMJZHFSTONTFME4DK,,,169.0,196.89,GEYDGOSWHIYTQ
103,V,19,resale,GN6DCMRVHA2DQMZVGA2XYMJZHFSTONTFME4DK,,,169.0,196.89,GEYDGOSWHIYTS
103,WC,9,primary,GJ6DC7BVHE,Verified Buccaneers Ticket,P12,265.0,341.93,GEYDGOSXIM5DS
103,WC,10,primary,GJ6DC7BVHE,Verified Buccaneers Ticket,P12,265.0,341.93,GEYDGOSXIM5DCMA
103,Z,15,primary,GJ6DC7BVHE,Verified Buccaneers Ticket,P12,265.0,341.93,GEYDGOS2HIYTK
103,Z,16,primary,GJ6DC7BVHE,Verified Buccaneers Ticket,P12,265.0,341.93,GEYDGOS2HIYTM
103,Z,17,primary,GJ6DC7BVHE,Verified Buccaneers Ticket,P12,265.0,341.93,GEYDGOS2HIYTO
103,Z,18,resale,GN6DCMRVHE4DINZUGMYXYMJZHFSTONRXMRQTK,,,168.0,195.72,GEYDGOS2HIYTQ
103,Z,19,resale,GN6DCMRVHE4DINZUGMYXYMJZHFSTONRXMRQTK,,,168.0,195.72,GEYDGOS2HIYTS
103,Z,20,resale,GN6DCMRVHE4DINZUGMYXYMJZHFSTONRXMRQTK,,,168.0,195.72,GEYDGOS2HIZDA
103,Z,21,resale,GN6DCMRVHE4DINZUGMYXYMJZHFSTONRXMRQTK,,,168.0,195.72,GEYDGOS2HIZDC
103,Z,22,resale,GN6DCMRVHE4DINZUGMYXYMJZHFSTONRXMRQTK,,,168.0,195.72,GEYDGOS2HIZDE
106,AA,5,resale,GN6DCMRWGA2DINJYGQYXYMJZHFSWGYRWGA2TK,,,181.0,210.87,GEYDMOSBIE5DK
106,AA,6,resale,GN6DCMRWGA2DINJYGQYXYMJZHFSWGYRWGA2TK,,,181.0,210.87,GEYDMOSBIE5DM
106,AA,7,resale,GN6DCMRWGA2DINJYGQYXYMJZHFSWGYRWGA2TK,,,181.0,210.87,GEYDMOSBIE5DO
106,AA,8,resale,GN6DCMRWGA2DINJYGQYXYMJZHFSWGYRWGA2TK,,,181.0,210.87,GEYDMOSBIE5DQ
106,AA,9,resale,GN6DCMRWGA2DINJYGQYXYMJZHFSWGYRWGA2TK,,,181.0,210.87,GEYDMOSBIE5DS
106,AA,10,resale,GN6DCMRWGA2DINJYGQYXYMJZHFSWGYRWGA2TK,,,181.0,210.87,GEYDMOSBIE5DCMA
106,AA,11,resale,GN6DCMRWGA2DINJYGQYXYMJZHFSWGYRWGA2TK,,,181.0,210.87,GEYDMOSBIE5DCMI
106,AA,12,resale,GN6DCMRWGA2DINJYGQYXYMJZHFSWGYRWGA2TK,,,181.0,210.87,GEYDMOSBIE5DCMQ
106,AA,13,resale,GN6DCMRWGA2DINJYGQYXYMJZHFSWGYRWGA2TK,,,181.0,210.87,GEYDMOSBIE5DCMY
106,C,20,resale,GN6DCMRTGU4DIMZWG4ZXYMJZHEZTCNJYMJSTK,,,320.0,372.8,GEYDMOSDHIZDA
106,C,21,resale,GN6DCMRTGU4DIMZWG4ZXYMJZHEZTCNJYMJSTK,,,320.0,372.8,GEYDMOSDHIZDC
106,CC,7,resale,GN6DCMRRGM3TINRXGQZHYMJZHFSTONRXMQ2TK,,,171.0,199.22,GEYDMOSDIM5DO
106,CC,8,resale,GN6DCMRRGM3TINRXGQZHYMJZHFSTONRXMQ2TK,,,171.0,199.22,GEYDMOSDIM5DQ
106,CC,9,resale,GN6DCMRRGM3TINRXGQZHYMJZHFSTONRXMQ2TK,,,171.0,199.22,GEYDMOSDIM5DS
106,CC,10,resale,GN6DCMRRGM3TINRXGQZHYMJZHFSTONRXMQ2TK,,,171.0,199.22,GEYDMOSDIM5DCMA
106,CC,11,resale,GN6DCMRRGM3TINRXGQZHYMJZHFSTONRXMQ2TK,,,171.0,199.22,GEYDMOSDIM5DCMI
106,H,16,resale,GN6DCMRUGE3TSMRZGA3HYMJZHFSTQN3DGUYDK,,,200.0,233.0,GEYDMOSIHIYTM
106,H,17,resale,GN6DCMRUGE3TSMRZGA3HYMJZHFSTQN3DGUYDK,,,200.0,233.0,GEYDMOSIHIYTO
106,L,10,resale,GN6DCMRUGM3DIMJSGYYXYMJZHEZTCNLDGVSTK,,,180.0,209.7,GEYDMOSMHIYTA
106,L,11,resale,GN6DCMRUGM3DIMJSGYYXYMJZHEZTCNLDGVSTK,,,180.0,209.7,GEYDMOSMHIYTC
106,P,10,resale,GN6DCMJZG43DMMBVGQ4XYMJZHFSTONTCGAZDK,,,190.0,221.35,GEYDMOSQHIYTA
106,P,11,resale,GN6DCMJZG43DMMBVGQ4XYMJZHFSTONTCGAZDK,,,190.0,221.35,GEYDMOSQHIYTC
106,P,12,resale,GN6DCMJZG43DMMBVGQ4XYMJZHFSTONTCGAZDK,,,190.0,221.35,GEYDMOSQHIYTE
106,P,13,resale,GN6DCMJZG43DMMBVGQ4XYMJZHFSTONTCGAZDK,,,190.0,221.35,GEYDMOSQHIYTG
106,T,16,resale,GN6DCMRVHA4TCMJTGA4HYMJZHFSTONTCGVSDK,,,176.0,205.04,GEYDMOSUHIYTM
106,T,17,resale,GN6DCMRVHA4TCMJTGA4HYMJZHFSTONTCGVSDK,,,176.0,205.04,GEYDMOSUHIYTO
106,W,7,resale,GN6DCMJZG43DMMBUHA2XYMJZHFSTONTCGE2DK,,,184.0,214.36,GEYDMOSXHI3Q
106,W,8,resale,GN6DCMJZG43DMMBUHA2XYMJZHFSTONTCGE2DK,,,184.0,214.36,GEYDMOSXHI4A
106,W,9,resale,GN6DCMJZG43DMMBUHA2XYMJZHFSTONTCGE2DK,,,184.0,214.36,GEYDMOSXHI4Q
106,W,10,resale,GN6DCMJZG43DMMBUHA2XYMJZHFSTONTCGE2DK,,,184.0,214.36,GEYDMOSXHIYTA
106,W,11,resale,GN6DCMJZG43DMMBUHA2XYMJZHFSTONTCGE2DK,,,184.0,214.36,GEYDMOSXHIYTC
106,W,12,resale,GN6DCMJZG43DMMBUHA2XYMJZHFSTONTCGE2DK,,,184.0,214.36,GEYDMOSXHIYTE
106,W,13,resale,GN6DCMJZG43DMMBUHA2XYMJZHFSTONTCGE2DK,,,184.0,214.36,GEYDMOSXHIYTG
106,W,14,resale,GN6DCMJZG43DMMBUHA2XYMJZHFSTONTCGE2DK,,,184.0,214.36,GEYDMOSXHIYTI
106,WC,7,primary,GJ6DC7BVHE,Verified Buccaneers Ticket,P12,265.0,341.93,GEYDMOSXIM5DO
106,WC,8,primary,GJ6DC7BVHE,Verified Buccaneers Ticket,P12,265.0,341.93,GEYDMOSXIM5DQ
106,Y,18,resale,GN6DCMRUGM2TAMZWGE4XYMJZHEZTCNJYGI3DK,,,160.0,186.4,GEYDMOSZHIYTQ
106,Y,19,resale,GN6DCMRUGM2TAMZWGE4XYMJZHEZTCNJYGI3DK,,,160.0,186.4,GEYDMOSZHIYTS
107,A,17,resale,GN6DCMRUHEYDIMJQG44XYMJZHEZTCNLCGJSTK,,,925.0,1077.63,GEYDOOSBHIYTO
107,A,18,resale,GN6DCMRUHEYDIMJQG44XYMJZHEZTCNLCGJSTK,,,925.0,1077.63,GEYDOOSBHIYTQ
107,B,19,resale,GN6DCMRVG42TCOBZGM3XYMJZHE4DSMZUGY2DK,,,340.0,396.1,GEYDOOSCHIYTS
107,B,20,resale,GN6DCMRVG42TCOBZGM3XYMJZHE4DSMZUGY2DK,,,340.0,396.1,GEYDOOSCHIZDA
107,BB,14,primary,GJ6DC7BVHA,Verified Buccaneers Ticket,P11,230.0,297.2,GEYDOOSCII5DCNA
107,BB,15,primary,GJ6DC7BVHA,Verified Buccaneers Ticket,P11,230.0,297.2,GEYDOOSCII5DCNI
107,BB,16,primary,GJ6DC7BVHA,Verified Buccaneers Ticket,P11,230.0,297.2,GEYDOOSCII5DCNQ
107,CC,17,resale,GN6DCMRTHE2DQMJVGUYHYMJZHEZTCNJXGQ2TK,,,240.0,279.6,GEYDOOSDIM5DCNY
107,CC,18,resale,GN6DCMRTHE2DQMJVGUYHYMJZHEZTCNJXGQ2TK,,,240.0,279.6,GEYDOOSDIM5DCOA
107,CC,21,resale,GN6DCMJZGI2DMOBVG4YXYMJZHEZTCNLCGYYDK,,,214.0,249.31,GEYDOOSDIM5DEMI
107,CC,22,resale,GN6DCMJZGI2DMOBVG4YXYMJZHEZTCNLCGYYDK,,,214.0,249.31,GEYDOOSDIM5DEMQ
107,D,13,resale,GN6DCMRUHEYDIMBQGMYXYMJZHEZTCNRQGNTDK,,,375.0,436.88,GEYDOOSEHIYTG
107,D,14,resale,GN6DCMRUHEYDIMBQGMYXYMJZHEZTCNRQGNTDK,,,375.0,436.88,GEYDOOSEHIYTI
107,E,7,resale,GN6DCMRTGYYTAMBVHA3HYMJZHEZTCNJRGMYTK,,,248.0,288.92,GEYDOOSFHI3Q
107,E,8,resale,GN6DCMRTGYYTAMBVHA3HYMJZHEZTCNJRGMYTK,,,248.0,288.92,GEYDOOSFHI4A
107,N,14,primary,GJ6DC7BVHA,Verified Buccaneers Ticket,P11,230.0,297.2,GEYDOOSOHIYTI
107,N,15,primary,GJ6DC7BVHA,Verified Buccaneers Ticket,P11,230.0,297.2,GEYDOOSOHIYTK
107,N,16,primary,GJ6DC7BVHA,Verified Buccaneers Ticket,P11,230.0,297.2,GEYDOOSOHIYTM
107,V,6,primary,GJ6DC7BVHA,Verified Buccaneers Ticket,P11,230.0,297.2,GEYDOOSWHI3A
107,V,7,primary,GJ6DC7BVHA,Verified Buccaneers Ticket,P11,230.0,297.2,GEYDOOSWHI3Q
107,WC,9,primary,GJ6DC7BVGE,Verified Buccaneers Ticket,P4,304.0,391.85,GEYDOOSXIM5DS
107,WC,10,primary,GJ6DC7BVGE,Verified Buccaneers Ticket,P4,304.0,391.85,GEYDOOSXIM5DCMA
107,X,21,primary,GJ6DC7BVHA,Verified Buccaneers Ticket,P11,230.0,297.2,GEYDOOSYHIZDC
107,X,22,primary,GJ6DC7BVHA,Verified Buccaneers Ticket,P11,230.0,297.2,GEYDOOSYHIZDE
107,Y,15,primary,GJ6DC7BVHA,Verified Buccaneers Ticket,P11,230.0,297.2,GEYDOOSZHIYTK
107,Y,16,primary,GJ6DC7BVHA,Verified Buccaneers Ticket,P11,230.0,297.2,GEYDOOSZHIYTM
107,Y,17,primary,GJ6DC7BVHA,Verified Buccaneers Ticket,P11,230.0,297.2,GEYDOOSZHIYTO
107,Y,18,primary,GJ6DC7BVHA,Verified Buccaneers Ticket,P11,230.0,297.2,GEYDOOSZHIYTQ
108,AA,1,resale,GN6DCMRUG42DCMJVHA2HYMJZHEZTCNRQMYYDK,,,309.0,359.99,GEYDQOSBIE5DC
108,AA,2,resale,GN6DCMRUG42DCMJVHA2HYMJZHEZTCNRQMYYDK,,,309.0,359.99,GEYDQOSBIE5DE
108,AA,3,resale,GN6DCMRUG42DCMJVHA2HYMJZHEZTCNRQMYYDK,,,309.0,359.99,GEYDQOSBIE5DG
108,AA,4,resale,GN6DCMRUG42DCMJVHA2HYMJZHEZTCNRQMYYDK,,,309.0,359.99,GEYDQOSBIE5DI
108,D,1,resale,GN6DCMJZGE3DSMRSGIZXYMJZHEZTCNJWGJRDK,,,795.0,926.18,GEYDQOSEHIYQ
108,D,2,resale,GN6DCMJZGE3DSMRSGIZXYMJZHEZTCNJWGJRDK,,,795.0,926.18,GEYDQOSEHIZA
108,J,6,resale,GN6DCMRUGE3TSMRZGA2HYMJZHFSWEZRTGQ3TK,,,281.0,327.37,GEYDQOSKHI3A
108,J,7,resale,GN6DCMRUGE3TSMRZGA2HYMJZHFSWEZRTGQ3TK,,,281.0,327.37,GEYDQOSKHI3Q
108,K,5,resale,GN6DCMRWGA2DINJXGU3XYMJZHFSWGYLGMMZTK,,,280.0,326.2,GEYDQOSLHI2Q
108,K,6,resale,GN6DCMRWGA2DINJXGU3XYMJZHFSWGYLGMMZTK,,,280.0,326.2,GEYDQOSLHI3A
108,K,17,resale,GN6DCMRVGIZDQNBTGQYXYMJZHFSDIZDCGQZTK,,,295.0,343.68,GEYDQOSLHIYTO
108,K,18,resale,GN6DCMRVGIZDQNBTGQYXYMJZHFSDIZDCGQZTK,,,295.0,343.68,GEYDQOSLHIYTQ
108,K,19,resale,GN6DCMRVGIZDQNBTGQYXYMJZHFSDIZDCGQZTK,,,295.0,343.68,GEYDQOSLHIYTS
108,K,20,resale,GN6DCMRVGIZDQNBTGQYXYMJZHFSDIZDCGQZTK,,,295.0,343.68,GEYDQOSLHIZDA
108,K,21,resale,GN6DCMRVGIZDQNBTGQYXYMJZHFSDIZDCGQZTK,,,295.0,343.68,GEYDQOSLHIZDC
108,R,17,resale,GN6DCMRVGQZTQNZVGM2XYMJZHE2TCMBRHE2TK,,,292.0,340.18,GEYDQOSSHIYTO
108,R,18,resale,GN6DCMRVGQZTQNZVGM2XYMJZHE2TCMBRHE2TK,,,292.0,340.18,GEYDQOSSHIYTQ
109,E,3,resale,GN6DCMRQGUYDONZZHA3XYMJZHEZTCNJRGI4TK,,,565.0,658.23,GEYDSOSFHIZQ
109,E,4,resale,GN6DCMRQGUYDONZZHA3XYMJZHEZTCNJRGI4TK,,,565.0,658.23,GEYDSOSFHI2A
109,F,3,resale,GN6DCMRUGM4DONZXGA4XYMJZHEZTCNJZHFRTK,,,355.0,413.58,GEYDSOSGHIZQ
109,F,4,resale,GN6DCMRUGM4DONZXGA4XYMJZHEZTCNJZHFRTK,,,355.0,413.58,GEYDSOSGHI2A
109,F,5,resale,GN6DCMRUGM4DONZUGEZHYMJZHEZTCNJZHFQTK,,,350.0,407.75,GEYDSOSGHI2Q
109,F,6,resale,GN6DCMRUGM4DONZUGEZHYMJZHEZTCNJZHFQTK,,,350.0,407.75,GEYDSOSGHI3A
109,J,7,resale,GN6DCMRUGE4TCNZRGU4HYMJZHEZTCNLBMQ4TK,,,405.0,471.83,GEYDSOSKHI3Q
109,J,8,resale,GN6DCMRUGE4TCNZRGU4HYMJZHEZTCNLBMQ4TK,,,405.0,471.83,GEYDSOSKHI4A
109,L,11,resale,GN6DCMRUGE3TSMRZGQ3HYMJZHFSWEZRYGY2TK,,,338.0,393.77,GEYDSOSMHIYTC
109,L,12,resale,GN6DCMRUGE3TSMRZGQ3HYMJZHFSWEZRYGY2TK,,,338.0,393.77,GEYDSOSMHIYTE
109,M,15,resale,GN6DCMRTGUYDSOBRGUZHYMJZHEZTCNLCHBTDK,,,450.0,524.25,GEYDSOSNHIYTK
109,M,16,resale,GN6DCMRTGUYDSOBRGUZHYMJZHEZTCNLCHBTDK,,,450.0,524.25,GEYDSOSNHIYTM
109,P,21,resale,GN6DCMRUGM3DKMBVGE3HYMJZHEZTCNJSHEYDK,,,500.0,582.5,GEYDSOSQHIZDC
109,P,22,resale,GN6DCMRUGM3DKMBVGE3HYMJZHEZTCNJSHEYDK,,,500.0,582.5,GEYDSOSQHIZDE
109,V,17,resale,GN6DCMRVGAYTINRYGQZHYMJZHEZTCNRRGBSDK,,,349.0,406.59,GEYDSOSWHIYTO
109,V,18,resale,GN6DCMRVGAYTINRYGQZHYMJZHEZTCNRRGBSDK,,,349.0,406.59,GEYDSOSWHIYTQ
110,B,5,resale,GN6DCMRTHA4TANRVGQ4HYMJZHEZTCNJXMZRTK,,,590.0,687.35,GEYTAOSCHI2Q
110,B,6,resale,GN6DCMRTHA4TANRVGQ4HYMJZHEZTCNJXMZRTK,,,590.0,687.35,GEYTAOSCHI3A
110,B,7,resale,GN6DCMRTHA4TANRVGQ4HYMJZHEZTCNJXMZRTK,,,590.0,687.35,GEYTAOSCHI3Q
110,B,8,resale,GN6DCMRTHA4TANRVGQ4HYMJZHEZTCNJXMZRTK,,,590.0,687.35,GEYTAOSCHI4A
110,C,22,resale,GN6DCMRUGE3TSMRZGM3HYMJZHFSWEZTDMJRDK,,,483.0,562.7,GEYTAOSDHIZDE
110,D,11,resale,GN6DCMRTGM3TANRYGYZXYMJZHEZTCNJZMZRTK,,,490.0,570.85,GEYTAOSEHIYTC
110,D,12,resale,GN6DCMRTGM3TANRYGYZXYMJZHEZTCNJZMZRTK,,,490.0,570.85,GEYTAOSEHIYTE
110,T,1,resale,GN6DCMRUGEYDEOJRGQ3HYMJZHEZTCNJZG5QTK,,,950.0,1106.75,GEYTAOSUHIYQ
110,T,2,resale,GN6DCMRUGEYDEOJRGQ3HYMJZHEZTCNJZG5QTK,,,950.0,1106.75,GEYTAOSUHIZA
111,B,3,resale,GN6DCMRWGAZDGNRTGA2XYMJZHFSTENJWMZRDK,,,650.0,757.25,GEYTCOSCHIZQ
111,B,4,resale,GN6DCMRWGAZDGNRTGA2XYMJZHFSTENJWMZRDK,,,650.0,757.25,GEYTCOSCHI2A
111,N,5,resale,GN6DCMRSGA4TCOBZGU4HYMJZHE4GMZJQMZSTK,,,346.0,403.09,GEYTCOSOHI2Q
111,N,6,resale,GN6DCMRSGA4TCOBZGU4HYMJZHE4GMZJQMZSTK,,,346.0,403.09,GEYTCOSOHI3A
111,N,7,resale,GN6DCMRSGA4TCOBZGU4HYMJZHE4GMZJQMZSTK,,,346.0,403.09,GEYTCOSOHI3Q
111,N,8,resale,GN6DCMRSGA4TCOBZGU4HYMJZHE4GMZJQMZSTK,,,346.0,403.09,GEYTCOSOHI4A
111,R,17,resale,GN6DCMRUHE4TINBRGYZHYMJZHEZTCNRTGYYTK,,,337.0,392.61,GEYTCOSSHIYTO
111,R,18,resale,GN6DCMRUHE4TINBRGYZHYMJZHEZTCNRTGYYTK,,,337.0,392.61,GEYTCOSSHIYTQ
111,R,19,resale,GN6DCMRUHE4TINBRGYZHYMJZHEZTCNRTGYYTK,,,337.0,392.61,GEYTCOSSHIYTS
111,WC,5,primary,GJ6DC7BVGY,Verified Buccaneers Ticket,P9,290.0,373.9,GEYTCOSXIM5DK
111,WC,6,primary,GJ6DC7BVGY,Verified Buccaneers Ticket,P9,290.0,373.9,GEYTCOSXIM5DM
111,WC,7,primary,GJ6DC7BVGY,Verified Buccaneers Ticket,P9,290.0,373.9,GEYTCOSXIM5DO
111,WC,11,primary,GJ6DC7BVGY,Verified Buccaneers Ticket,P9,290.0,373.9,GEYTCOSXIM5DCMI
111,WC,12,primary,GJ6DC7BVGY,Verified Buccaneers Ticket,P9,290.0,373.9,GEYTCOSXIM5DCMQ
111,WC,13,primary,GJ6DC7BVGY,Verified Buccaneers Ticket,P9,290.0,373.9,GEYTCOSXIM5DCMY
111,WC,14,primary,GJ6DC7BVGY,Verified Buccaneers Ticket,P9,290.0,373.9,GEYTCOSXIM5DCNA
112,A,23,resale,GN6DCMRTGY4TCNJZGM4XYMJZHEZTCNJWGZQTK,,,2499.0,2911.34,GEYTEOSBHIZDG
112,A,24,resale,GN6DCMRTGY4TCNJZGM4XYMJZHEZTCNJWGZQTK,,,2499.0,2911.34,GEYTEOSBHIZDI
112,H,17,resale,GN6DCMRUGE3TSMRZGAYXYMJZHFSWEZTDMJRTK,,,348.0,405.42,GEYTEOSIHIYTO
112,H,18,resale,GN6DCMRUGE3TSMRZGAYXYMJZHFSWEZTDMJRTK,,,348.0,405.42,GEYTEOSIHIYTQ
112,J,11,resale,GN6DCMRUGU4TANBTG42XYMJZHEZTCNLFHBRDK,,,665.0,774.73,GEYTEOSKHIYTC
112,J,12,resale,GN6DCMRUGU4TANBTG42XYMJZHEZTCNLFHBRDK,,,665.0,774.73,GEYTEOSKHIYTE
112,L,5,resale,GN6DCMRVGYZTGNJTHA4HYMJZHE2TEYLGGMYDK,,,349.0,406.59,GEYTEOSMHI2Q
112,L,6,resale,GN6DCMRVGYZTGNJTHA4HYMJZHE2TEYLGGMYDK,,,349.0,406.59,GEYTEOSMHI3A
112,W,12,resale,GN6DCMRUHAYTANJWGE2HYMJZHEZTCNJUGUYDK,,,600.0,699.0,GEYTEOSXHIYTE
112,W,13,resale,GN6DCMRUHAYTANJWGE2HYMJZHEZTCNJUGUYDK,,,600.0,699.0,GEYTEOSXHIYTG
112,W,14,resale,GN6DCMRUHAYTANRUGQ3XYMJZHEZTCNLCGE2TK,,,600.0,699.0,GEYTEOSXHIYTI
112,W,15,resale,GN6DCMRUHAYTANRUGQ3XYMJZHEZTCNLCGE2TK,,,600.0,699.0,GEYTEOSXHIYTK
112,W,16,resale,GN6DCMRUHAYTANZRGI2XYMJZHEZTCNRTGQ2TK,,,600.0,699.0,GEYTEOSXHIYTM
112,W,17,resale,GN6DCMRUHAYTANZRGI2XYMJZHEZTCNRTGQ2TK,,,600.0,699.0,GEYTEOSXHIYTO
112,X,17,resale,GN6DCMRVGEZTMOJWGE3XYMJZHFSWEZRVHE3DK,,,304.0,354.16,GEYTEOSYHIYTO
112,X,18,resale,GN6DCMRVGEZTMOJWGE3XYMJZHFSWEZRVHE3DK,,,304.0,354.16,GEYTEOSYHIYTQ
112,X,19,resale,GN6DCMRVGEZTMOJWGE3XYMJZHFSWEZRVHE3DK,,,304.0,354.16,GEYTEOSYHIYTS
112,X,20,resale,GN6DCMRVGEZTMOJWGE3XYMJZHFSWEZRVHE3DK,,,304.0,354.16,GEYTEOSYHIZDA
112,X,21,resale,GN6DCMRVGEZTMOJWGE3XYMJZHFSWEZRVHE3DK,,,304.0,354.16,GEYTEOSYHIZDC
113,B,21,resale,GN6DCMJZGQZTANBXGA3HYMJZHE2WEMJZGQ4DK,,,560.0,652.4,GEYTGOSCHIZDC
113,B,22,resale,GN6DCMJZGQZTANBXGA3HYMJZHE2WEMJZGQ4DK,,,560.0,652.4,GEYTGOSCHIZDE
113,CC,17,resale,GN6DCMRUGE3TSMRZG4YHYMJZHFSTQYZTMQZTK,,,256.0,298.24,GEYTGOSDIM5DCNY
113,CC,18,resale,GN6DCMRUGE3TSMRZG4YHYMJZHFSTQYZTMQZTK,,,256.0,298.24,GEYTGOSDIM5DCOA
113,CC,19,resale,GN6DCMRUGQYTMMBZGE4HYMJZHEZTCNJUGI2DK,,,275.0,320.38,GEYTGOSDIM5DCOI
113,CC,20,resale,GN6DCMRUGQYTMMBZGE4HYMJZHEZTCNJUGI2DK,,,275.0,320.38,GEYTGOSDIM5DEMA
113,D,12,resale,GN6DCMRTGYZDONBQGA4XYMJZHEZTCNLDGJRTK,,,350.0,407.75,GEYTGOSEHIYTE
113,D,13,resale,GN6DCMRTGYZDONBQGA4XYMJZHEZTCNLDGJRTK,,,350.0,407.75,GEYTGOSEHIYTG
113,D,14,resale,GN6DCMRTGYZDONBQGA4XYMJZHEZTCNLDGJRTK,,,350.0,407.75,GEYTGOSEHIYTI
113,D,15,resale,GN6DCMRTGYZDONBQGA4XYMJZHEZTCNLDGJRTK,,,350.0,407.75,GEYTGOSEHIYTK
113,J,9,resale,GN6DCMRUGE3TSMRZGU4HYMJZHFSWEZRVHFQTK,,,297.0,346.01,GEYTGOSKHI4Q
113,J,10,resale,GN6DCMRUGE3TSMRZGU4HYMJZHFSWEZRVHFQTK,,,297.0,346.01,GEYTGOSKHIYTA
113,J,11,resale,GN6DCMRUGE3TSMRZGU4HYMJZHFSWEZRVHFQTK,,,297.0,346.01,GEYTGOSKHIYTC
113,J,12,resale,GN6DCMRUGE3TSMRZGU4HYMJZHFSWEZRVHFQTK,,,297.0,346.01,GEYTGOSKHIYTE
113,J,13,resale,GN6DCMRUGE3TSMRZGU4HYMJZHFSWEZRVHFQTK,,,297.0,346.01,GEYTGOSKHIYTG
113,J,14,resale,GN6DCMRUGE3TSMRZGU4HYMJZHFSWEZRVHFQTK,,,297.0,346.01,GEYTGOSKHIYTI
113,J,15,resale,GN6DCMRUGE3TSMRZGU4HYMJZHFSWEZRVHFQTK,,,297.0,346.01,GEYTGOSKHIYTK
113,J,16,resale,GN6DCMRUGE3TSMRZGU4HYMJZHFSWEZRVHFQTK,,,297.0,346.01,GEYTGOSKHIYTM
113,S,5,resale,GN6DCMRTGIZTMNBRHA4XYMJZHEZTCNJYMJRDK,,,340.0,396.1,GEYTGOSTHI2Q
113,S,6,resale,GN6DCMRTGIZTMNBRHA4XYMJZHEZTCNJYMJRDK,,,340.0,396.1,GEYTGOSTHI3A
113,S,7,resale,GN6DCMRTGIZTMNBRHA4XYMJZHEZTCNJYMJRDK,,,340.0,396.1,GEYTGOSTHI3Q
113,S,8,resale,GN6DCMRTGIZTMNBRHA4XYMJZHEZTCNJYMJRDK,,,340.0,396.1,GEYTGOSTHI4A
113,W,15,resale,GN6DCMRTHA3TCOBTGY2XYMJZHEZTCNJRMQYTK,,,425.0,495.13,GEYTGOSXHIYTK
113,W,16,resale,GN6DCMRTHA3TCOBTGY2XYMJZHEZTCNJRMQYTK,,,425.0,495.13,GEYTGOSXHIYTM
114,AA,11,primary,GJ6DC7BVHA,Verified Buccaneers Ticket,P11,230.0,297.2,GEYTIOSBIE5DCMI
114,AA,12,primary,GJ6DC7BVHA,Verified Buccaneers Ticket,P11,230.0,297.2,GEYTIOSBIE5DCMQ
114,AA,13,primary,GJ6DC7BVHA,Verified Buccaneers Ticket,P11,230.0,297.2,GEYTIOSBIE5DCMY
114,AA,14,primary,GJ6DC7BVHA,Verified Buccaneers Ticket,P11,230.0,297.2,GEYTIOSBIE5DCNA
114,C,11,resale,GN6DCMRUGA4DEOJUGQYHYMJZHEZTCNJSG5QTK,,,350.0,407.75,GEYTIOSDHIYTC
114,C,12,resale,GN6DCMRUGA4DEOJUGQYHYMJZHEZTCNJSG5QTK,,,350.0,407.75,GEYTIOSDHIYTE
114,CC,5,resale,GN6DCMRVGQ4TCMBUGYZXYMJZHEYDSOBTMFSDK,,,273.0,318.05,GEYTIOSDIM5DK
114,CC,6,resale,GN6DCMRVGQ4TCMBUGYZXYMJZHEYDSOBTMFSDK,,,273.0,318.05,GEYTIOSDIM5DM
114,CC,13,resale,GN6DCMRTGUZDIOJVGEYXYMJZHEZTCNJVMIZTK,,,249.0,290.09,GEYTIOSDIM5DCMY
114,CC,14,resale,GN6DCMRTGUZDIOJVGEYXYMJZHEZTCNJVMIZTK,,,249.0,290.09,GEYTIOSDIM5DCNA
114,Y,3,resale,GN6DCMRVGY4DEMJSHAZXYMJZHE3GCYLBHBRDK,,,275.0,320.38,GEYTIOSZHIZQ
114,Y,4,resale,GN6DCMRVGY4DEMJSHAZXYMJZHE3GCYLBHBRDK,,,275.0,320.38,GEYTIOSZHI2A
114,Y,5,primary,GJ6DC7BVHA,Verified Buccaneers Ticket,P11,230.0,297.2,GEYTIOSZHI2Q
114,Y,11,primary,GJ6DC7BVHA,Verified Buccaneers Ticket,P11,230.0,297.2,GEYTIOSZHIYTC
114,Z,11,primary,GJ6DC7BVHA,Verified Buccaneers Ticket,P11,230.0,297.2,GEYTIOS2HIYTC
114,Z,12,primary,GJ6DC7BVHA,Verified Buccaneers Ticket,P11,230.0,297.2,GEYTIOS2HIYTE
114,Z,19,primary,GJ6DC7BVHA,Verified Buccaneers Ticket,P11,230.0,297.2,GEYTIOS2HIYTS
114,Z,20,primary,GJ6DC7BVHA,Verified Buccaneers Ticket,P11,230.0,297.2,GEYTIOS2HIZDA
115,AA,6,resale,GN6DCMJZG43DMMBUHA3XYMJZHFSTONRXMQ2DK,,,179.0,208.54,GEYTKOSBIE5DM
115,AA,7,resale,GN6DCMJZG43DMMBUHA3XYMJZHFSTONRXMQ2DK,,,179.0,208.54,GEYTKOSBIE5DO
115,AA,8,resale,GN6DCMJZG43DMMBUHA3XYMJZHFSTONRXMQ2DK,,,179.0,208.54,GEYTKOSBIE5DQ
115,AA,9,resale,GN6DCMJZG43DMMBUHA3XYMJZHFSTONRXMQ2DK,,,179.0,208.54,GEYTKOSBIE5DS
115,AA,10,resale,GN6DCMJZG43DMMBUHA3XYMJZHFSTONRXMQ2DK,,,179.0,208.54,GEYTKOSBIE5DCMA
115,AA,11,resale,GN6DCMJZG43DMMBUHA3XYMJZHFSTONRXMQ2DK,,,179.0,208.54,GEYTKOSBIE5DCMI
115,AA,12,resale,GN6DCMJZG43DMMBUHA3XYMJZHFSTONRXMQ2DK,,,179.0,208.54,GEYTKOSBIE5DCMQ
115,AA,13,resale,GN6DCMJZG43DMMBUHA3XYMJZHFSTONRXMQ2DK,,,179.0,208.54,GEYTKOSBIE5DCMY
115,AA,14,primary,GJ6DC7BVHE,Verified Buccaneers Ticket,P12,265.0,341.93,GEYTKOSBIE5DCNA
115,AA,15,primary,GJ6DC7BVHE,Verified Buccaneers Ticket,P12,265.0,341.93,GEYTKOSBIE5DCNI
115,AA,16,primary,GJ6DC7BVHE,Verified Buccaneers Ticket,P12,265.0,341.93,GEYTKOSBIE5DCNQ
115,AA,17,primary,GJ6DC7BVHE,Verified Buccaneers Ticket,P12,265.0,341.93,GEYTKOSBIE5DCNY
115,BB,3,primary,GJ6DC7BVHE,Verified Buccaneers Ticket,P12,265.0,341.93,GEYTKOSCII5DG
115,BB,4,primary,GJ6DC7BVHE,Verified Buccaneers Ticket,P12,265.0,341.93,GEYTKOSCII5DI
115,BB,5,primary,GJ6DC7BVHE,Verified Buccaneers Ticket,P12,265.0,341.93,GEYTKOSCII5DK
115,BB,6,primary,GJ6DC7BVHE,Verified Buccaneers Ticket,P12,265.0,341.93,GEYTKOSCII5DM
115,BB,7,resale,GN6DCMRWGA2DINJXGYYXYMJZHFSWGYLBHFQTK,,,171.0,199.22,GEYTKOSCII5DO
115,BB,8,resale,GN6DCMRWGA2DINJXGYYXYMJZHFSWGYLBHFQTK,,,171.0,199.22,GEYTKOSCII5DQ
115,BB,19,primary,GJ6DC7BVHE,Verified Buccaneers Ticket,P12,265.0,341.93,GEYTKOSCII5DCOI
115,BB,20,primary,GJ6DCMBQGAYTANBQGAYDAN34GI3TKLRQGB6DKNJOGUYHYMROGUYHYMRQFY3DG7D4PR6A,Verified Buccaneers Ticket,,275.0,353.63,GEYTKOSCII5DEMA
115,BB,21,primary,GJ6DCMBQGAYTANBQGAYDAN34GI3TKLRQGB6DKNJOGUYHYMROGUYHYMRQFY3DG7D4PR6A,Verified Buccaneers Ticket,,275.0,353.63,GEYTKOSCII5DEMI
115,N,4,resale,GN6DCMRVG44TEMBZHA2XYMJZHE4TKZRSMFRDK,,,265.0,308.73,GEYTKOSOHI2A
115,N,7,resale,GN6DCMJZG43DMMBUG4ZXYMJZHFSTONTBGRRTK,,,188.0,219.02,GEYTKOSOHI3Q
115,N,8,resale,GN6DCMJZG43DMMBUG4ZXYMJZHFSTONTBGRRTK,,,188.0,219.02,GEYTKOSOHI4A
115,N,9,resale,GN6DCMJZG43DMMBUG4ZXYMJZHFSTONTBGRRTK,,,188.0,219.02,GEYTKOSOHI4Q
115,R,5,resale,GN6DCMJZG43DMMBUHA4XYMJZHFSTONZQGJSTK,,,184.0,214.36,GEYTKOSSHI2Q
115,R,6,resale,GN6DCMJZG43DMMBUHA4XYMJZHFSTONZQGJSTK,,,184.0,214.36,GEYTKOSSHI3A
115,R,7,resale,GN6DCMJZG43DMMBUHA4XYMJZHFSTONZQGJSTK,,,184.0,214.36,GEYTKOSSHI3Q
115,R,8,resale,GN6DCMJZG43DMMBUHA4XYMJZHFSTONZQGJSTK,,,184.0,214.36,GEYTKOSSHI4A
115,R,9,resale,GN6DCMJZG43DMMBUHA4XYMJZHFSTONZQGJSTK,,,184.0,214.36,GEYTKOSSHI4Q
115,R,10,resale,GN6DCMJZG43DMMBUHA4XYMJZHFSTONZQGJSTK,,,184.0,214.36,GEYTKOSSHIYTA
115,R,11,resale,GN6DCMJZG43DMMBUHA4XYMJZHFSTONZQGJSTK,,,184.0,214.36,GEYTKOSSHIYTC
115,R,12,resale,GN6DCMJZG43DMMBUHA4XYMJZHFSTONZQGJSTK,,,184.0,214.36,GEYTKOSSHIYTE
115,R,13,resale,GN6DCMJZG43DMMBUHA4XYMJZHFSTONZQGJSTK,,,184.0,214.36,GEYTKOSSHIYTG
115,V,7,resale,GN6DCMRVHA2TSMJZGIYXYMJZHFSTONRZGUZDK,,,182.0,212.03,GEYTKOSWHI3Q
115,V,8,resale,GN6DCMRVHA2TSMJZGIYXYMJZHFSTONRZGUZDK,,,182.0,212.03,GEYTKOSWHI4A
115,V,9,resale,GN6DCMRVHA2TSMJZGIYXYMJZHFSTONRZGUZDK,,,182.0,212.03,GEYTKOSWHI4Q
115,V,10,resale,GN6DCMRVHA2TSMJZGIYXYMJZHFSTONRZGUZDK,,,182.0,212.03,GEYTKOSWHIYTA
115,V,11,resale,GN6DCMRVHA2TSMJZGIYXYMJZHFSTONRZGUZDK,,,182.0,212.03,GEYTKOSWHIYTC
115,V,12,resale,GN6DCMRVHA2TSMJZGIYXYMJZHFSTONRZGUZDK,,,182.0,212.03,GEYTKOSWHIYTE
115,V,13,resale,GN6DCMRVHA2TSMJZGIYXYMJZHFSTONRZGUZDK,,,182.0,212.03,GEYTKOSWHIYTG
115,V,14,resale,GN6DCMRVHA2TSMJZGIYXYMJZHFSTONRZGUZDK,,,182.0,212.03,GEYTKOSWHIYTI
115,V,15,resale,GN6DCMRVHA2TSMJZGIYXYMJZHFSTONRZGUZDK,,,182.0,212.03,GEYTKOSWHIYTK
115,Z,9,resale,GN6DCMRWGA2DINJYGQ2HYMJZHFSWGYLBMJQTK,,,171.0,199.22,GEYTKOS2HI4Q
115,Z,10,resale,GN6DCMRWGA2DINJYGQ2HYMJZHFSWGYLBMJQTK,,,171.0,199.22,GEYTKOS2HIYTA
115,Z,11,resale,GN6DCMRWGA2DINJYGQ2HYMJZHFSWGYLBMJQTK,,,171.0,199.22,GEYTKOS2HIYTC
115,Z,12,resale,GN6DCMRWGA2DINJYGQ2HYMJZHFSWGYLBMJQTK,,,171.0,199.22,GEYTKOS2HIYTE
115,Z,13,primary,GJ6DC7BVHE,Verified Buccaneers Ticket,P12,265.0,341.93,GEYTKOS2HIYTG
115,Z,14,primary,GJ6DC7BVHE,Verified Buccaneers Ticket,P12,265.0,341.93,GEYTKOS2HIYTI
118,AA,2,primary,GJ6DCMBQGAYTANBQGAYDAN34GI3TKLRQGB6DKNJOGUYHYMROGUYHYMRQFY3DG7D4PR6A,Verified Buccaneers Ticket,,275.0,353.63,GEYTQOSBIE5DE
118,AA,3,primary,GJ6DCMBQGAYTANBQGAYDAN34GI3TKLRQGB6DKNJOGUYHYMROGUYHYMRQFY3DG7D4PR6A,Verified Buccaneers Ticket,,275.0,353.63,GEYTQOSBIE5DG
118,AA,4,primary,GJ6DC7BVHE,Verified Buccaneers Ticket,P12,265.0,341.93,GEYTQOSBIE5DI
118,AA,12,resale,GN6DCMJZG43DMMBXGM4XYMJZHFSTONRZG5TDK,,,161.0,187.57,GEYTQOSBIE5DCMQ
118,AA,13,resale,GN6DCMJZG43DMMBXGM4XYMJZHFSTONRZG5TDK,,,161.0,187.57,GEYTQOSBIE5DCMY
118,AA,14,resale,GN6DCMJZG43DMMBXGM4XYMJZHFSTONRZG5TDK,,,161.0,187.57,GEYTQOSBIE5DCNA
118,AA,15,resale,GN6DCMJZG43DMMBXGM4XYMJZHFSTONRZG5TDK,,,161.0,187.57,GEYTQOSBIE5DCNI
118,AA,16,resale,GN6DCMJZG43DMMBXGM4XYMJZHFSTONRZG5TDK,,,161.0,187.57,GEYTQOSBIE5DCNQ
118,AA,17,resale,GN6DCMJZG43DMMBXGM4XYMJZHFSTONRZG5TDK,,,161.0,187.57,GEYTQOSBIE5DCNY
118,AA,18,resale,GN6DCMJZG43DMMBXGM4XYMJZHFSTONRZG5TDK,,,161.0,187.57,GEYTQOSBIE5DCOA
118,BB,12,primary,GJ6DC7BVHE,Verified Buccaneers Ticket,P12,265.0,341.93,GEYTQOSCII5DCMQ
118,BB,13,primary,GJ6DC7BVHE,Verified Buccaneers Ticket,P12,265.0,341.93,GEYTQOSCII5DCMY
118,BB,19,primary,GJ6DC7BVHE,Verified Buccaneers Ticket,P12,265.0,341.93,GEYTQOSCII5DCOI
118,BB,20,primary,GJ6DC7BVHE,Verified Buccaneers Ticket,P12,265.0,341.93,GEYTQOSCII5DEMA
118,BB,21,primary,GJ6DC7BVHE,Verified Buccaneers Ticket,P12,265.0,341.93,GEYTQOSCII5DEMI
118,BB,22,primary,GJ6DC7BVHE,Verified Buccaneers Ticket,P12,265.0,341.93,GEYTQOSCII5DEMQ
118,S,10,primary,GJ6DC7BVHE,Verified Buccaneers Ticket,P12,265.0,341.93,GEYTQOSTHIYTA
118,S,11,primary,GJ6DC7BVHE,Verified Buccaneers Ticket,P12,265.0,341.93,GEYTQOSTHIYTC
118,S,12,primary,GJ6DC7BVHE,Verified Buccaneers Ticket,P12,265.0,341.93,GEYTQOSTHIYTE
118,T,9,resale,GN6DCMJZG43DMMBVHA2HYMJZHFSWGYJVGMYTK,,,165.0,192.23,GEYTQOSUHI4Q
118,T,10,resale,GN6DCMJZG43DMMBVHA2HYMJZHFSWGYJVGMYTK,,,165.0,192.23,GEYTQOSUHIYTA
118,U,17,resale,GN6DCMRWGA2DINJYGQ3HYMJZHFSWGYLDHFSTK,,,164.0,191.06,GEYTQOSVHIYTO
118,U,18,resale,GN6DCMRWGA2DINJYGQ3HYMJZHFSWGYLDHFSTK,,,164.0,191.06,GEYTQOSVHIYTQ
118,U,19,resale,GN6DCMRWGA2DINJYGQ3HYMJZHFSWGYLDHFSTK,,,164.0,191.06,GEYTQOSVHIYTS
118,U,20,resale,GN6DCMRWGA2DINJYGQ3HYMJZHFSWGYLDHFSTK,,,164.0,191.06,GEYTQOSVHIZDA
118,V,12,primary,GJ6DC7BVHE,Verified Buccaneers Ticket,P12,265.0,341.93,GEYTQOSWHIYTE
118,V,13,primary,GJ6DC7BVHE,Verified Buccaneers Ticket,P12,265.0,341.93,GEYTQOSWHIYTG
118,V,14,primary,GJ6DC7BVHE,Verified Buccaneers Ticket,P12,265.0,341.93,GEYTQOSWHIYTI
118,W,7,resale,GN6DCMJZG43DMMBVGI4HYMJZHFSTONTCGFRDK,,,172.0,200.38,GEYTQOSXHI3Q
118,W,8,resale,GN6DCMJZG43DMMBVGI4HYMJZHFSTONTCGFRDK,,,172.0,200.38,GEYTQOSXHI4A
118,W,9,resale,GN6DCMJZG43DMMBVGI4HYMJZHFSTONTCGFRDK,,,172.0,200.38,GEYTQOSXHI4Q
118,W,10,resale,GN6DCMJZG43DMMBVGI4HYMJZHFSTONTCGFRDK,,,172.0,200.38,GEYTQOSXHIYTA
118,W,11,resale,GN6DCMJZG43DMMBVGI4HYMJZHFSTONTCGFRDK,,,172.0,200.38,GEYTQOSXHIYTC
118,W,12,resale,GN6DCMJZG43DMMBVGI4HYMJZHFSTONTCGFRDK,,,172.0,200.38,GEYTQOSXHIYTE
118,W,13,resale,GN6DCMJZG43DMMBVGI4HYMJZHFSTONTCGFRDK,,,172.0,200.38,GEYTQOSXHIYTG
118,W,14,resale,GN6DCMJZG43DMMBVGI4HYMJZHFSTONTCGFRDK,,,172.0,200.38,GEYTQOSXHIYTI
118,W,15,resale,GN6DCMJZG43DMMBVGI4HYMJZHFSTONTCGFRDK,,,172.0,200.38,GEYTQOSXHIYTK
118,W,16,resale,GN6DCMJZG43DMMBVGI4HYMJZHFSTONTCGFRDK,,,172.0,200.38,GEYTQOSXHIYTM
118,W,17,resale,GN6DCMJZG43DMMBVGI4HYMJZHFSTONTCGFRDK,,,172.0,200.38,GEYTQOSXHIYTO
118,W,18,resale,GN6DCMJZG43DMMBVGI4HYMJZHFSTONTCGFRDK,,,172.0,200.38,GEYTQOSXHIYTQ
118,WC,5,primary,GJ6DC7BVHE,Verified Buccaneers Ticket,P12,265.0,341.93,GEYTQOSXIM5DK
118,WC,6,primary,GJ6DC7BVHE,Verified Buccaneers Ticket,P12,265.0,341.93,GEYTQOSXIM5DM
118,X,8,primary,GJ6DC7BVHE,Verified Buccaneers Ticket,P12,265.0,341.93,GEYTQOSYHI4A
118,X,9,primary,GJ6DC7BVHE,Verified Buccaneers Ticket,P12,265.0,341.93,GEYTQOSYHI4Q
118,X,10,primary,GJ6DC7BVHE,Verified Buccaneers Ticket,P12,265.0,341.93,GEYTQOSYHIYTA
118,X,11,primary,GJ6DC7BVHE,Verified Buccaneers Ticket,P12,265.0,341.93,GEYTQOSYHIYTC
118,X,12,primary,GJ6DC7BVHE,Verified Buccaneers Ticket,P12,265.0,341.93,GEYTQOSYHIYTE
118,X,13,primary,GJ6DC7BVHE,Verified Buccaneers Ticket,P12,265.0,341.93,GEYTQOSYHIYTG
119,AA,9,primary,GJ6DC7BVHE,Verified Buccaneers Ticket,P12,265.0,341.93,GEYTSOSBIE5DS
119,AA,10,primary,GJ6DC7BVHE,Verified Buccaneers Ticket,P12,265.0,341.93,GEYTSOSBIE5DCMA
119,AA,15,resale,GN6DCMRVG4YTQOBYGIYXYMJZHFSTONZQGE3DK,,,151.0,175.92,GEYTSOSBIE5DCNI
119,AA,16,resale,GN6DCMRVG4YTQOBYGIYXYMJZHFSTONZQGE3DK,,,151.0,175.92,GEYTSOSBIE5DCNQ
119,AA,17,resale,GN6DCMRVG4YTQOBYGIYXYMJZHFSTONZQGE3DK,,,151.0,175.92,GEYTSOSBIE5DCNY
119,P,7,resale,GN6DCMJZG43DMMBVHAZXYMJZHFSTONTFGA3TK,,,172.0,200.38,GEYTSOSQHI3Q
119,P,8,resale,GN6DCMJZG43DMMBVHAZXYMJZHFSTONTFGA3TK,,,172.0,200.38,GEYTSOSQHI4A
119,P,9,resale,GN6DCMJZG43DMMBVHAZXYMJZHFSTONTFGA3TK,,,172.0,200.38,GEYTSOSQHI4Q
119,S,7,resale,GN6DCMJZG43DMMBVHAZHYMJZHFSTONZQMQ3DK,,,159.0,185.24,GEYTSOSTHI3Q
119,S,8,resale,GN6DCMJZG43DMMBVHAZHYMJZHFSTONZQMQ3DK,,,159.0,185.24,GEYTSOSTHI4A
119,S,9,resale,GN6DCMJZG43DMMBVHAZHYMJZHFSTONZQMQ3DK,,,159.0,185.24,GEYTSOSTHI4Q
119,S,10,resale,GN6DCMJZG43DMMBVHAZHYMJZHFSTONZQMQ3DK,,,159.0,185.24,GEYTSOSTHIYTA
119,S,11,resale,GN6DCMJZG43DMMBVHAZHYMJZHFSTONZQMQ3DK,,,159.0,185.24,GEYTSOSTHIYTC
119,S,12,resale,GN6DCMJZG43DMMBVHAZHYMJZHFSTONZQMQ3DK,,,159.0,185.24,GEYTSOSTHIYTE
119,U,7,resale,GN6DCMJZG43DMMBVGI2XYMJZHFSTONRYMIZTK,,,166.0,193.39,GEYTSOSVHI3Q
119,U,8,resale,GN6DCMJZG43DMMBVGI2XYMJZHFSTONRYMIZTK,,,166.0,193.39,GEYTSOSVHI4A
119,U,9,resale,GN6DCMJZG43DMMBVGI2XYMJZHFSTONRYMIZTK,,,166.0,193.39,GEYTSOSVHI4Q
119,U,10,resale,GN6DCMJZG43DMMBVGI2XYMJZHFSTONRYMIZTK,,,166.0,193.39,GEYTSOSVHIYTA
119,U,11,resale,GN6DCMJZG43DMMBVGI2XYMJZHFSTONRYMIZTK,,,166.0,193.39,GEYTSOSVHIYTC
119,U,12,resale,GN6DCMJZG43DMMBVGI2XYMJZHFSTONRYMIZTK,,,166.0,193.39,GEYTSOSVHIYTE
119,U,13,resale,GN6DCMJZG43DMMBVGI2XYMJZHFSTONRYMIZTK,,,166.0,193.39,GEYTSOSVHIYTG
119,U,14,resale,GN6DCMJZG43DMMBVGI2XYMJZHFSTONRYMIZTK,,,166.0,193.39,GEYTSOSVHIYTI
119,U,15,resale,GN6DCMJZG43DMMBVGI2XYMJZHFSTONRYMIZTK,,,166.0,193.39,GEYTSOSVHIYTK
119,U,16,primary,GJ6DC7BVHE,Verified Buccaneers Ticket,P12,265.0,341.93,GEYTSOSVHIYTM
119,U,17,primary,GJ6DC7BVHE,Verified Buccaneers Ticket,P12,265.0,341.93,GEYTSOSVHIYTO
119,V,14,primary,GJ6DC7BVHE,Verified Buccaneers Ticket,P12,265.0,341.93,GEYTSOSWHIYTI
119,V,15,primary,GJ6DC7BVHE,Verified Buccaneers Ticket,P12,265.0,341.93,GEYTSOSWHIYTK
119,WC,13,resale,GN6DCMRSG4ZDANBVGA3XYMJZHFSTSNZYHFRDK,,,150.0,174.75,GEYTSOSXIM5DCMY
119,WC,14,resale,GN6DCMRSG4ZDANBVGA3XYMJZHFSTSNZYHFRDK,,,150.0,174.75,GEYTSOSXIM5DCNA
119,X,14,resale,GN6DCMRUHEYDKMJXGY2HYMJZHFSTONTBMYYTK,,,156.0,181.74,GEYTSOSYHIYTI
119,X,15,resale,GN6DCMRUHEYDKMJXGY2HYMJZHFSTONTBMYYTK,,,156.0,181.74,GEYTSOSYHIYTK
119,X,16,resale,GN6DCMRUHEYDKMJXGY2HYMJZHFSTONTBMYYTK,,,156.0,181.74,GEYTSOSYHIYTM
119,X,17,resale,GN6DCMRUHEYDKMJXGY2HYMJZHFSTONTBMYYTK,,,156.0,181.74,GEYTSOSYHIYTO
119,X,18,resale,GN6DCMRUHEYDKMJXGY2HYMJZHFSTONTBMYYTK,,,156.0,181.74,GEYTSOSYHIYTQ
119,X,19,resale,GN6DCMRUHEYDKMJXGY2HYMJZHFSTONTBMYYTK,,,156.0,181.74,GEYTSOSYHIYTS
119,Z,12,primary,GJ6DC7BVHE,Verified Buccaneers Ticket,P12,265.0,341.93,GEYTSOS2HIYTE
119,Z,13,primary,GJ6DC7BVHE,Verified Buccaneers Ticket,P12,265.0,341.93,GEYTSOS2HIYTG
119,Z,14,primary,GJ6DC7BVHE,Verified Buccaneers Ticket,P12,265.0,341.93,GEYTSOS2HIYTI
119,Z,15,primary,GJ6DC7BVHE,Verified Buccaneers Ticket,P12,265.0,341.93,GEYTSOS2HIYTK
119,Z,16,resale,GN6DCMJZG43DMMBWGQYHYMJZHFSTONRYMFRTK,,,153.0,178.25,GEYTSOS2HIYTM
119,Z,17,resale,GN6DCMJZG43DMMBWGQYHYMJZHFSTONRYMFRTK,,,153.0,178.25,GEYTSOS2HIYTO
119,Z,18,resale,GN6DCMJZG43DMMBWGQYHYMJZHFSTONRYMFRTK,,,153.0,178.25,GEYTSOS2HIYTQ
119,Z,19,resale,GN6DCMJZG43DMMBWGQYHYMJZHFSTONRYMFRTK,,,153.0,178.25,GEYTSOS2HIYTS
120,AA,13,primary,GJ6DC7BWGQ,Verified Buccaneers Ticket,P17,150.0,194.85,GEZDAOSBIE5DCMY
120,AA,14,primary,GJ6DC7BWGQ,Verified Buccaneers Ticket,P17,150.0,194.85,GEZDAOSBIE5DCNA
120,AA,15,primary,GJ6DC7BWGQ,Verified Buccaneers Ticket,P17,150.0,194.85,GEZDAOSBIE5DCNI
120,AA,16,primary,GJ6DC7BWGQ,Verified Buccaneers Ticket,P17,150.0,194.85,GEZDAOSBIE5DCNQ
120,AA,17,primary,GJ6DC7BWGQ,Verified Buccaneers Ticket,P17,150.0,194.85,GEZDAOSBIE5DCNY
120,CC,12,resale,GN6DCMRWGA2DINJYGQ4XYMJZHFSWGYRXMMZTK,,,144.0,167.76,GEZDAOSDIM5DCMQ
120,CC,13,resale,GN6DCMRWGA2DINJYGQ4XYMJZHFSWGYRXMMZTK,,,144.0,167.76,GEZDAOSDIM5DCMY
120,CC,16,primary,GJ6DC7BWGQ,Verified Buccaneers Ticket,P17,150.0,194.85,GEZDAOSDIM5DCNQ
120,CC,17,primary,GJ6DC7BWGQ,Verified Buccaneers Ticket,P17,150.0,194.85,GEZDAOSDIM5DCNY
120,M,17,resale,GN6DCMJZGEYDGMZYGM2HYMJZHFSTONTCGBRTK,,,162.0,188.73,GEZDAOSNHIYTO
120,M,18,resale,GN6DCMJZGEYDGMZYGM2HYMJZHFSTONTCGBRTK,,,162.0,188.73,GEZDAOSNHIYTQ
120,M,19,resale,GN6DCMJZGEYDGMZYGM2HYMJZHFSTONTCGBRTK,,,162.0,188.73,GEZDAOSNHIYTS
120,P,12,resale,GN6DCMRRGA2TEMJYG4YHYMJZHEZTCNJTGZRTK,,,155.0,180.58,GEZDAOSQHIYTE
120,P,13,resale,GN6DCMRRGA2TEMJYG4YHYMJZHEZTCNJTGZRTK,,,155.0,180.58,GEZDAOSQHIYTG
120,P,14,resale,GN6DCMRRGA2TEMJYG4YHYMJZHEZTCNJTGZRTK,,,155.0,180.58,GEZDAOSQHIYTI
120,P,15,resale,GN6DCMRRGA2TEMJYG4YHYMJZHEZTCNJTGZRTK,,,155.0,180.58,GEZDAOSQHIYTK
120,R,7,primary,GJ6DC7BWGQ,Verified Buccaneers Ticket,P17,150.0,194.85,GEZDAOSSHI3Q
120,T,10,resale,GN6DCMJZG43DMMBYGU4HYMJZHFSTONZQMVRDK,,,145.0,168.93,GEZDAOSUHIYTA
120,T,11,resale,GN6DCMJZG43DMMBYGU4HYMJZHFSTONZQMVRDK,,,145.0,168.93,GEZDAOSUHIYTC
120,V,10,resale,GN6DCMJZG43DMMBWGQYXYMJZHFSTONTGMZQTK,,,152.0,177.08,GEZDAOSWHIYTA
120,V,11,resale,GN6DCMJZG43DMMBWGQYXYMJZHFSTONTGMZQTK,,,152.0,177.08,GEZDAOSWHIYTC
120,V,12,resale,GN6DCMJZG43DMMBWGQYXYMJZHFSTONTGMZQTK,,,152.0,177.08,GEZDAOSWHIYTE
120,V,13,resale,GN6DCMJZG43DMMBWGQYXYMJZHFSTONTGMZQTK,,,152.0,177.08,GEZDAOSWHIYTG
120,V,14,resale,GN6DCMJZG43DMMBWGQYXYMJZHFSTONTGMZQTK,,,152.0,177.08,GEZDAOSWHIYTI
120,V,15,resale,GN6DCMJZG43DMMBWGQYXYMJZHFSTONTGMZQTK,,,152.0,177.08,GEZDAOSWHIYTK
120,V,16,resale,GN6DCMJZG43DMMBWGQYXYMJZHFSTONTGMZQTK,,,152.0,177.08,GEZDAOSWHIYTM
120,V,17,resale,GN6DCMJZG43DMMBWGQYXYMJZHFSTONTGMZQTK,,,152.0,177.08,GEZDAOSWHIYTO
120,V,18,resale,GN6DCMJZG43DMMBWGQYXYMJZHFSTONTGMZQTK,,,152.0,177.08,GEZDAOSWHIYTQ
120,X,12,primary,GJ6DC7BWGQ,Verified Buccaneers Ticket,P17,150.0,194.85,GEZDAOSYHIYTE
120,X,13,primary,GJ6DC7BWGQ,Verified Buccaneers Ticket,P17,150.0,194.85,GEZDAOSYHIYTG
120,Z,7,resale,GN6DCMRTGY3DOMJVGU4XYMJZHFSTONZWGQ3DK,,,144.0,167.76,GEZDAOS2HI3Q
120,Z,8,resale,GN6DCMRTGY3DOMJVGU4XYMJZHFSTONZWGQ3DK,,,144.0,167.76,GEZDAOS2HI4A
120,Z,9,resale,GN6DCMRTGY3DOMJVGU4XYMJZHFSTONZWGQ3DK,,,144.0,167.76,GEZDAOS2HI4Q
120,Z,10,resale,GN6DCMRTGY3DOMJVGU4XYMJZHFSTONZWGQ3DK,,,144.0,167.76,GEZDAOS2HIYTA
120,Z,11,resale,GN6DCMRTGY3DOMJVGU4XYMJZHFSTONZWGQ3DK,,,144.0,167.76,GEZDAOS2HIYTC
120,Z,12,resale,GN6DCMRTGY3DOMJVGU4XYMJZHFSTONZWGQ3DK,,,144.0,167.76,GEZDAOS2HIYTE
121,BB,5,primary,GJ6DC7BWGQ,Verified Buccaneers Ticket,P17,150.0,194.85,GEZDCOSCII5DK
121,BB,6,primary,GJ6DC7BWGQ,Verified Buccaneers Ticket,P17,150.0,194.85,GEZDCOSCII5DM
121,BB,7,primary,GJ6DC7BWGQ,Verified Buccaneers Ticket,P17,150.0,194.85,GEZDCOSCII5DO
121,BB,8,primary,GJ6DC7BWGQ,Verified Buccaneers Ticket,P17,150.0,194.85,GEZDCOSCII5DQ
121,BB,15,resale,GN6DCMJZG43DMMBYGYZXYMJZHFSTONTEGE4TK,,,144.0,167.76,GEZDCOSCII5DCNI
121,BB,16,resale,GN6DCMJZG43DMMBYGYZXYMJZHFSTONTEGE4TK,,,144.0,167.76,GEZDCOSCII5DCNQ
121,BB,17,resale,GN6DCMJZG43DMMBYGYZXYMJZHFSTONTEGE4TK,,,144.0,167.76,GEZDCOSCII5DCNY
121,BB,18,resale,GN6DCMJZG43DMMBYGYZXYMJZHFSTONTEGE4TK,,,144.0,167.76,GEZDCOSCII5DCOA
121,BB,19,primary,GJ6DC7BWGQ,Verified Buccaneers Ticket,P17,150.0,194.85,GEZDCOSCII5DCOI
121,BB,20,primary,GJ6DC7BWGQ,Verified Buccaneers Ticket,P17,150.0,194.85,GEZDCOSCII5DEMA
121,D,16,resale,GN6DCMRUHAZTCOJWGMZXYMJZHBRTANBXGM4TK,,,250.0,291.25,GEZDCOSEHIYTM
121,H,17,resale,GN6DCMRUGUYTQNRYGYYHYMJZHEZTCNJWHE2DK,,,500.0,582.5,GEZDCOSIHIYTO
121,H,18,resale,GN6DCMRUGUYTQNRYGYYHYMJZHEZTCNJWHE2DK,,,500.0,582.5,GEZDCOSIHIYTQ
121,J,3,resale,GN6DCMJZG42TIOJSGY4XYMJZHFSTONTCHAZTK,,,173.0,201.55,GEZDCOSKHIZQ
121,J,4,resale,GN6DCMJZG42TIOJSGY4XYMJZHFSTONTCHAZTK,,,173.0,201.55,GEZDCOSKHI2A
121,N,5,primary,GJ6DC7BWGQ,Verified Buccaneers Ticket,P17,150.0,194.85,GEZDCOSOHI2Q
121,N,6,primary,GJ6DC7BWGQ,Verified Buccaneers Ticket,P17,150.0,194.85,GEZDCOSOHI3A
121,N,11,resale,GN6DCMJZGE3DONJUGI3HYMJZHFSTONTFMI4TK,,,164.0,191.06,GEZDCOSOHIYTC
121,N,12,resale,GN6DCMJZGE3DONJUGI3HYMJZHFSTONTFMI4TK,,,164.0,191.06,GEZDCOSOHIYTE
121,N,13,resale,GN6DCMJZGE3DONJUGI3HYMJZHFSTONTFMI4TK,,,164.0,191.06,GEZDCOSOHIYTG
121,P,14,primary,GJ6DC7BWGQ,Verified Buccaneers Ticket,P17,150.0,194.85,GEZDCOSQHIYTI
121,P,15,primary,GJ6DC7BWGQ,Verified Buccaneers Ticket,P17,150.0,194.85,GEZDCOSQHIYTK
121,S,13,resale,GN6DCMJZG43DMMBYGQ4XYMJZHFSTONTCGYYDK,,,146.0,170.09,GEZDCOSTHIYTG
121,S,14,resale,GN6DCMJZG43DMMBYGQ4XYMJZHFSTONTCGYYDK,,,146.0,170.09,GEZDCOSTHIYTI
121,S,15,resale,GN6DCMJZG43DMMBYGQ4XYMJZHFSTONTCGYYDK,,,146.0,170.09,GEZDCOSTHIYTK
121,S,16,resale,GN6DCMJZG43DMMBYGQ4XYMJZHFSTONTCGYYDK,,,146.0,170.09,GEZDCOSTHIYTM
121,U,11,resale,GN6DCMJZG43DMMBYGQ3HYMJZHFSTONTEMI4TK,,,145.0,168.93,GEZDCOSVHIYTC
121,U,12,resale,GN6DCMJZG43DMMBYGQ3HYMJZHFSTONTEMI4TK,,,145.0,168.93,GEZDCOSVHIYTE
121,U,13,resale,GN6DCMJZG43DMMBYGQ3HYMJZHFSTONTEMI4TK,,,145.0,168.93,GEZDCOSVHIYTG
121,U,14,resale,GN6DCMJZG43DMMBYGQ3HYMJZHFSTONTEMI4TK,,,145.0,168.93,GEZDCOSVHIYTI
121,U,15,resale,GN6DCMJZG43DMMBYGQ3HYMJZHFSTONTEMI4TK,,,145.0,168.93,GEZDCOSVHIYTK
121,U,16,resale,GN6DCMJZG43DMMBYGQ3HYMJZHFSTONTEMI4TK,,,145.0,168.93,GEZDCOSVHIYTM
121,V,7,primary,GJ6DC7BWGQ,Verified Buccaneers Ticket,P17,150.0,194.85,GEZDCOSWHI3Q
121,V,8,primary,GJ6DC7BWGQ,Verified Buccaneers Ticket,P17,150.0,194.85,GEZDCOSWHI4A
121,V,9,primary,GJ6DC7BWGQ,Verified Buccaneers Ticket,P17,150.0,194.85,GEZDCOSWHI4Q
121,V,10,primary,GJ6DC7BWGQ,Verified Buccaneers Ticket,P17,150.0,194.85,GEZDCOSWHIYTA
121,V,11,resale,GN6DCMJZGE4TOMZZGE2XYMJZHEYTQMLDMIZTK,,,145.0,168.93,GEZDCOSWHIYTC
121,V,12,resale,GN6DCMJZGE4TOMZZGE2XYMJZHEYTQMLDMIZTK,,,145.0,168.93,GEZDCOSWHIYTE
121,V,13,resale,GN6DCMJZGE4TOMZZGE2XYMJZHEYTQMLDMIZTK,,,145.0,168.93,GEZDCOSWHIYTG
121,V,14,resale,GN6DCMJZGE4TOMZZGE2XYMJZHEYTQMLDMIZTK,,,145.0,168.93,GEZDCOSWHIYTI
121,V,15,resale,GN6DCMJZGE4TOMZZGE2XYMJZHEYTQMLDMIZTK,,,145.0,168.93,GEZDCOSWHIYTK
121,V,16,resale,GN6DCMJZGE4TOMZZGE2XYMJZHEYTQMLDMIZTK,,,145.0,168.93,GEZDCOSWHIYTM
122,BB,17,primary,GJ6DC7BWGQ,Verified Buccaneers Ticket,P17,150.0,194.85,GEZDEOSCII5DCNY
122,BB,18,primary,GJ6DC7BWGQ,Verified Buccaneers Ticket,P17,150.0,194.85,GEZDEOSCII5DCOA
122,CC,3,resale,GN6DCMRWGA2DINJYGQ3XYMJZHFSWGYRVGU4TK,,,145.0,168.93,GEZDEOSDIM5DG
122,CC,4,resale,GN6DCMRWGA2DINJYGQ3XYMJZHFSWGYRVGU4TK,,,145.0,168.93,GEZDEOSDIM5DI
122,D,15,resale,GN6DCMRSHA2TCNRXHE4XYMJZHEZTCNJXMY3DK,,,250.0,291.25,GEZDEOSEHIYTK
122,D,16,resale,GN6DCMRSHA2TCNRXHE4XYMJZHEZTCNJXMY3DK,,,250.0,291.25,GEZDEOSEHIYTM
122,K,11,resale,GN6DCMRSGI4DENBVHAZXYMJZHEZTCNJTGZTDK,,,200.0,233.0,GEZDEOSLHIYTC
122,K,12,resale,GN6DCMRSGI4DENBVHAZXYMJZHEZTCNJTGZTDK,,,200.0,233.0,GEZDEOSLHIYTE
122,K,13,resale,GN6DCMRSGI4DENBVHAZXYMJZHEZTCNJTGZTDK,,,200.0,233.0,GEZDEOSLHIYTG
122,K,14,resale,GN6DCMRSGI4DENBVHAZXYMJZHEZTCNJTGZTDK,,,200.0,233.0,GEZDEOSLHIYTI
122,L,15,resale,GN6DCMRQGQ2DEMZXGQZHYMJZHFSTONTBMVTDK,,,170.0,198.05,GEZDEOSMHIYTK
122,L,16,resale,GN6DCMRQGQ2DEMZXGQZHYMJZHFSTONTBMVTDK,,,170.0,198.05,GEZDEOSMHIYTM
122,M,17,resale,GN6DCMJZGEYDGMZWHA2XYMJZHFSTONZTMM4TK,,,161.0,187.57,GEZDEOSNHIYTO
122,P,18,resale,GN6DCMJZG42TIOJSG4YHYMJZHFSTONZRMUYTK,,,168.0,195.72,GEZDEOSQHIYTQ
122,P,19,resale,GN6DCMJZG42TIOJSG4YHYMJZHFSTONZRMUYTK,,,168.0,195.72,GEZDEOSQHIYTS
122,P,20,resale,GN6DCMJZG42TIOJSG4YHYMJZHFSTONZRMUYTK,,,168.0,195.72,GEZDEOSQHIZDA
122,P,21,resale,GN6DCMJZG42TIOJSG4YHYMJZHFSTONZRMUYTK,,,168.0,195.72,GEZDEOSQHIZDC
122,P,22,resale,GN6DCMJZG42TIOJSG4YHYMJZHFSTONZRMUYTK,,,168.0,195.72,GEZDEOSQHIZDE
122,S,6,primary,GJ6DC7BWGQ,Verified Buccaneers Ticket,P17,150.0,194.85,GEZDEOSTHI3A
122,S,7,primary,GJ6DC7BWGQ,Verified Buccaneers Ticket,P17,150.0,194.85,GEZDEOSTHI3Q
122,S,8,primary,GJ6DC7BWGQ,Verified Buccaneers Ticket,P17,150.0,194.85,GEZDEOSTHI4A
122,S,11,resale,GN6DCMJZG43DMMBYGQ3XYMJZHFSTONZRGBSDK,,,150.0,174.75,GEZDEOSTHIYTC
122,S,12,resale,GN6DCMJZG43DMMBYGQ3XYMJZHFSTONZRGBSDK,,,150.0,174.75,GEZDEOSTHIYTE
122,S,13,resale,GN6DCMJZG43DMMBYGQ3XYMJZHFSTONZRGBSDK,,,150.0,174.75,GEZDEOSTHIYTG
122,S,14,resale,GN6DCMJZG43DMMBYGQ3XYMJZHFSTONZRGBSDK,,,150.0,174.75,GEZDEOSTHIYTI
122,U,3,resale,GN6DCMRWGA2DINJYGQ2XYMJZHFSWGYRQGQ4TK,,,149.0,173.59,GEZDEOSVHIZQ
122,U,4,resale,GN6DCMRWGA2DINJYGQ2XYMJZHFSWGYRQGQ4TK,,,149.0,173.59,GEZDEOSVHI2A
122,V,22,resale,GN6DCMJZG43DMMBYGQ2XYMJZHFSTONTFGYZTK,,,141.0,164.27,GEZDEOSWHIZDE
122,Z,3,resale,GN6DCMJZG43DMMBWGM4XYMJZHFSTONRUMUYTK,,,154.0,179.41,GEZDEOS2HIZQ
122,Z,4,resale,GN6DCMJZG43DMMBWGM4XYMJZHFSTONRUMUYTK,,,154.0,179.41,GEZDEOS2HI2A
122,Z,5,resale,GN6DCMJZG43DMMBWGM4XYMJZHFSTONRUMUYTK,,,154.0,179.41,GEZDEOS2HI2Q
122,Z,6,resale,GN6DCMJZG43DMMBWGM4XYMJZHFSTONRUMUYTK,,,154.0,179.41,GEZDEOS2HI3A
122,Z,7,resale,GN6DCMJZG43DMMBWGM4XYMJZHFSTONRUMUYTK,,,154.0,179.41,GEZDEOS2HI3Q
122,Z,8,resale,GN6DCMJZG43DMMBWGM4XYMJZHFSTONRUMUYTK,,,154.0,179.41,GEZDEOS2HI4A
122,Z,9,resale,GN6DCMJZG43DMMBWGM4XYMJZHFSTONRUMUYTK,,,154.0,179.41,GEZDEOS2HI4Q
122,Z,10,resale,GN6DCMJZG43DMMBWGM4XYMJZHFSTONRUMUYTK,,,154.0,179.41,GEZDEOS2HIYTA
123,C,9,resale,GN6DCMRRG4ZDENJSGE3XYMJZHEZTCNJSGZSTK,,,300.0,349.5,GEZDGOSDHI4Q
123,C,10,resale,GN6DCMRRG4ZDENJSGE3XYMJZHEZTCNJSGZSTK,,,300.0,349.5,GEZDGOSDHIYTA
123,F,7,resale,GN6DCMRUGIZDIOJQGI4XYMJZHFSTONTFGI3TK,,,193.0,224.85,GEZDGOSGHI3Q
123,F,8,resale,GN6DCMRUGIZDIOJQGI4XYMJZHFSTONTFGI3TK,,,193.0,224.85,GEZDGOSGHI4A
123,F,9,resale,GN6DCMRUGIZDIOJQGI4XYMJZHFSTONTFGI3TK,,,193.0,224.85,GEZDGOSGHI4Q
123,F,10,resale,GN6DCMRUGIZDIOJQGI4XYMJZHFSTONTFGI3TK,,,193.0,224.85,GEZDGOSGHIYTA
123,F,13,resale,GN6DCMRSGE2DGNJTGQ2XYMJZHE4TIZDGME4DK,,,204.0,237.66,GEZDGOSGHIYTG
123,F,14,resale,GN6DCMRSGE2DGNJTGQ2XYMJZHE4TIZDGME4DK,,,204.0,237.66,GEZDGOSGHIYTI
123,F,15,resale,GN6DCMRSGE2DGNJTGQ2XYMJZHE4TIZDGME4DK,,,204.0,237.66,GEZDGOSGHIYTK
123,F,16,resale,GN6DCMRSGE2DGNJTGQ2XYMJZHE4TIZDGME4DK,,,204.0,237.66,GEZDGOSGHIYTM
123,F,17,resale,GN6DCMRSGE2DGNJTGQ2XYMJZHE4TIZDGME4DK,,,204.0,237.66,GEZDGOSGHIYTO
123,F,18,resale,GN6DCMRSGE2DGNJTGQ2XYMJZHE4TIZDGME4DK,,,204.0,237.66,GEZDGOSGHIYTQ
123,G,19,resale,GN6DCMRTGQZTCMZUGI2HYMJZHEZTCNJTG4ZTK,,,178.0,207.37,GEZDGOSHHIYTS
123,H,3,resale,GN6DCMRSGE2DGNJTGQ4XYMJZHE4TIZJQGNSTK,,,196.0,228.34,GEZDGOSIHIZQ
123,H,4,resale,GN6DCMRSGE2DGNJTGQ4XYMJZHE4TIZJQGNSTK,,,196.0,228.34,GEZDGOSIHI2A
123,J,1,resale,GN6DCMRUGA4DQNJWGI3XYMJZHEZTCNJTG5STK,,,245.0,285.43,GEZDGOSKHIYQ
123,J,2,resale,GN6DCMRUGA4DQNJWGI3XYMJZHEZTCNJTG5STK,,,245.0,285.43,GEZDGOSKHIZA
123,J,3,resale,GN6DCMRTGI3DOOJZGY3HYMJZHEZTCNJQGZTDK,,,200.0,233.0,GEZDGOSKHIZQ
123,J,4,resale,GN6DCMRTGI3DOOJZGY3HYMJZHEZTCNJQGZTDK,,,200.0,233.0,GEZDGOSKHI2A
123,J,23,resale,GN6DCMRUGIZDIOJQGMYHYMJZHFSTONZTMVRTK,,,187.0,217.86,GEZDGOSKHIZDG
123,J,24,resale,GN6DCMRUGIZDIOJQGMYHYMJZHFSTONZTMVRTK,,,187.0,217.86,GEZDGOSKHIZDI
123,L,6,primary,GJ6DCMBQGAYTANBQGAYDAN34GE3TSLRQGB6DGNROGMYHYMROGUYHYMJTFY2DG7D4PR6A,Verified Buccaneers Ticket,,179.0,231.23,GEZDGOSMHI3A
123,L,7,primary,GJ6DCMBQGAYTANBQGAYDAN34GE3TSLRQGB6DGNROGMYHYMROGUYHYMJTFY2DG7D4PR6A,Verified Buccaneers Ticket,,179.0,231.23,GEZDGOSMHI3Q
123,M,6,resale,GN6DCMJZGEYDGMZXGUYXYMJZHFSTONZRGFQTK,,,164.0,191.06,GEZDGOSNHI3A
123,N,9,resale,GN6DCMRQHE3DKNZVGI3HYMJZHFSTONRYMEYTK,,,172.0,200.38,GEZDGOSOHI4Q
123,N,10,resale,GN6DCMRQHE3DKNZVGI3HYMJZHFSTONRYMEYTK,,,172.0,200.38,GEZDGOSOHIYTA
123,N,11,resale,GN6DCMRQHE3DKNZVGI3HYMJZHFSTONRYMEYTK,,,172.0,200.38,GEZDGOSOHIYTC
123,T,16,resale,GN6DCMRTGAYDKMJQGE2HYMJZHFSTONTFME3TK,,,153.0,178.25,GEZDGOSUHIYTM
123,T,17,resale,GN6DCMRTGAYDKMJQGE2HYMJZHFSTONTFME3TK,,,153.0,178.25,GEZDGOSUHIYTO
123,T,18,resale,GN6DCMRTGAYDKMJQGE2HYMJZHFSTONTFME3TK,,,153.0,178.25,GEZDGOSUHIYTQ
123,T,19,resale,GN6DCMRTGAYDKMJQGE2HYMJZHFSTONTFME3TK,,,153.0,178.25,GEZDGOSUHIYTS
123,T,20,resale,GN6DCMRTGAYDKMJQGE2HYMJZHFSTONTFME3TK,,,153.0,178.25,GEZDGOSUHIZDA
123,U,9,resale,GN6DCMJZG43DMMBYGQ2HYMJZHFSTONZSGQ4TK,,,152.0,177.08,GEZDGOSVHI4Q
123,U,10,resale,GN6DCMJZG43DMMBYGQ2HYMJZHFSTONZSGQ4TK,,,152.0,177.08,GEZDGOSVHIYTA
123,U,11,resale,GN6DCMJZG43DMMBYGQ2HYMJZHFSTONZSGQ4TK,,,152.0,177.08,GEZDGOSVHIYTC
123,U,12,resale,GN6DCMJZG43DMMBYGQ2HYMJZHFSTONZSGQ4TK,,,152.0,177.08,GEZDGOSVHIYTE
123,U,13,resale,GN6DCMJZG43DMMBYGQ2HYMJZHFSTONZSGQ4TK,,,152.0,177.08,GEZDGOSVHIYTG
123,U,14,resale,GN6DCMJZG43DMMBYGQ2HYMJZHFSTONZSGQ4TK,,,152.0,177.08,GEZDGOSVHIYTI
123,V,18,primary,GJ6DC7BWGQ,Verified Buccaneers Ticket,P17,150.0,194.85,GEZDGOSWHIYTQ
123,V,19,primary,GJ6DC7BWGQ,Verified Buccaneers Ticket,P17,150.0,194.85,GEZDGOSWHIYTS
123,W,16,resale,GN6DCMRVGQ2TAMRSGE4HYMJZHFSTONZQMQ3TK,,,150.0,174.75,GEZDGOSXHIYTM
123,W,17,resale,GN6DCMRVGQ2TAMRSGE4HYMJZHFSTONZQMQ3TK,,,150.0,174.75,GEZDGOSXHIYTO
123,W,18,resale,GN6DCMRVGQ2TAMRSGE4HYMJZHFSTONZQMQ3TK,,,150.0,174.75,GEZDGOSXHIYTQ
123,W,19,resale,GN6DCMRVGQ2TAMRSGE4HYMJZHFSTONZQMQ3TK,,,150.0,174.75,GEZDGOSXHIYTS
123,W,20,resale,GN6DCMRVGQ2TAMRSGE4HYMJZHFSTONZQMQ3TK,,,150.0,174.75,GEZDGOSXHIZDA
124,A,16,resale,GN6DCMRVG44TQOJXHEZHYMJZHE4TQODGHEZTK,,,1300.0,1514.5,GEZDIOSBHIYTM
124,A,17,resale,GN6DCMRVG44TQOJXHEZHYMJZHE4TQODGHEZTK,,,1300.0,1514.5,GEZDIOSBHIYTO
124,AA,14,primary,GJ6DC7BWGQ,Verified Buccaneers Ticket,P17,150.0,194.85,GEZDIOSBIE5DCNA
124,AA,15,primary,GJ6DC7BWGQ,Verified Buccaneers Ticket,P17,150.0,194.85,GEZDIOSBIE5DCNI
124,AA,16,primary,GJ6DC7BWGQ,Verified Buccaneers Ticket,P17,150.0,194.85,GEZDIOSBIE5DCNQ
124,AA,17,primary,GJ6DC7BWGQ,Verified Buccaneers Ticket,P17,150.0,194.85,GEZDIOSBIE5DCNY
124,AA,18,primary,GJ6DC7BWGQ,Verified Buccaneers Ticket,P17,150.0,194.85,GEZDIOSBIE5DCOA
124,BB,3,resale,GN6DCMRUGIZDIOBZGU4HYMJZHFSTONZVGVQTK,,,154.0,179.41,GEZDIOSCII5DG
124,BB,4,resale,GN6DCMRUGIZDIOBZGU4HYMJZHFSTONZVGVQTK,,,154.0,179.41,GEZDIOSCII5DI
124,BB,5,resale,GN6DCMRUGIZDIOBZGU4HYMJZHFSTONZVGVQTK,,,154.0,179.41,GEZDIOSCII5DK
124,BB,6,resale,GN6DCMRUGIZDIOBZGU4HYMJZHFSTONZVGVQTK,,,154.0,179.41,GEZDIOSCII5DM
124,BB,7,resale,GN6DCMRUGIZDIOBZGU4HYMJZHFSTONZVGVQTK,,,154.0,179.41,GEZDIOSCII5DO
124,BB,8,resale,GN6DCMRUGIZDIOBZGU4HYMJZHFSTONZVGVQTK,,,154.0,179.41,GEZDIOSCII5DQ
124,BB,9,resale,GN6DCMRUGIZDIOBZGU4HYMJZHFSTONZVGVQTK,,,154.0,179.41,GEZDIOSCII5DS
124,BB,10,resale,GN6DCMRUGIZDIOBZGU4HYMJZHFSTONZVGVQTK,,,154.0,179.41,GEZDIOSCII5DCMA
124,E,15,resale,GN6DCMRSGE2DCOBYGQ2HYMJZHEZTCNJSG4YDK,,,300.0,349.5,GEZDIOSFHIYTK
124,E,16,resale,GN6DCMRSGE2DCOBYGQ2HYMJZHEZTCNJSG4YDK,,,300.0,349.5,GEZDIOSFHIYTM
124,F,13,resale,GN6DCMJZGEYDGMZVHE2XYMJZHFSTONTEGE4DK,,,186.0,216.69,GEZDIOSGHIYTG
124,F,14,resale,GN6DCMJZGEYDGMZVHE2XYMJZHFSTONTEGE4DK,,,186.0,216.69,GEZDIOSGHIYTI
124,F,15,resale,GN6DCMJZGEYDGMZVHE2XYMJZHFSTONTEGE4DK,,,186.0,216.69,GEZDIOSGHIYTK
124,G,5,resale,GN6DCMRUGQ2TGOJXG4YHYMJZHEZTCNJZHFSDK,,,212.0,246.98,GEZDIOSHHI2Q
124,G,6,resale,GN6DCMRUGQ2TGOJXG4YHYMJZHEZTCNJZHFSDK,,,212.0,246.98,GEZDIOSHHI3A
124,G,7,resale,GN6DCMRUGQ2TGOJXG4YHYMJZHEZTCNJZHFSDK,,,212.0,246.98,GEZDIOSHHI3Q
124,H,11,resale,GN6DCMJYG4YDQOBRHAYHYMJZHEZTCNLBMM4DK,,,229.0,266.79,GEZDIOSIHIYTC
124,H,12,resale,GN6DCMJYG4YDQOBRHAYHYMJZHEZTCNLBMM4DK,,,229.0,266.79,GEZDIOSIHIYTE
124,H,13,resale,GN6DCMJYG4YDQOBRHAYHYMJZHEZTCNLBMM4DK,,,229.0,266.79,GEZDIOSIHIYTG
124,H,14,resale,GN6DCMJYG4YDQOBRHAYHYMJZHEZTCNLBMM4DK,,,229.0,266.79,GEZDIOSIHIYTI
124,H,15,resale,GN6DCMJYG4YDQOBRHAYHYMJZHEZTCNLBMM4DK,,,229.0,266.79,GEZDIOSIHIYTK
124,H,16,resale,GN6DCMJYG4YDQOBRHAYHYMJZHEZTCNLBMM4DK,,,229.0,266.79,GEZDIOSIHIYTM
124,J,1,resale,GN6DCMRQGQ3DMNZVHA4XYMJZHEZTCNJTMY2DK,,,399.0,464.84,GEZDIOSKHIYQ
124,J,2,resale,GN6DCMRQGQ3DMNZVHA4XYMJZHEZTCNJTMY2DK,,,399.0,464.84,GEZDIOSKHIZA
124,R,21,primary,GJ6DC7BWGQ,Verified Buccaneers Ticket,P17,150.0,194.85,GEZDIOSSHIZDC
124,S,3,resale,GN6DCMJZG43DMMBVGAYHYMJZHFSTONZWMU4DK,,,152.0,177.08,GEZDIOSTHIZQ
124,S,4,resale,GN6DCMJZG43DMMBVGAYHYMJZHFSTONZWMU4DK,,,152.0,177.08,GEZDIOSTHI2A
124,S,5,resale,GN6DCMJZG43DMMBVGAYHYMJZHFSTONZWMU4DK,,,152.0,177.08,GEZDIOSTHI2Q
124,S,6,resale,GN6DCMJZG43DMMBVGAYHYMJZHFSTONZWMU4DK,,,152.0,177.08,GEZDIOSTHI3A
124,S,7,resale,GN6DCMJZG43DMMBVGAYHYMJZHFSTONZWMU4DK,,,152.0,177.08,GEZDIOSTHI3Q
124,S,8,resale,GN6DCMJZG43DMMBVGAYHYMJZHFSTONZWMU4DK,,,152.0,177.08,GEZDIOSTHI4A
124,U,18,resale,GN6DCMRVHA4TCMJSGU4XYMJZHFSTONZTMRRTK,,,151.0,175.92,GEZDIOSVHIYTQ
124,U,19,resale,GN6DCMRVHA4TCMJSGU4XYMJZHFSTONZTMRRTK,,,151.0,175.92,GEZDIOSVHIYTS
124,U,20,resale,GN6DCMRVHA4TCMJSGU4XYMJZHFSTONZTMRRTK,,,151.0,175.92,GEZDIOSVHIZDA
124,U,21,primary,GJ6DC7BWGQ,Verified Buccaneers Ticket,P17,150.0,194.85,GEZDIOSVHIZDC
124,U,22,primary,GJ6DC7BWGQ,Verified Buccaneers Ticket,P17,150.0,194.85,GEZDIOSVHIZDE
124,V,19,resale,GN6DCMRVHA2DQMZVGEZHYMJZHFSTONTBGQ2DK,,,150.0,174.75,GEZDIOSWHIYTS
124,V,20,resale,GN6DCMRVHA2DQMZVGEZHYMJZHFSTONTBGQ2DK,,,150.0,174.75,GEZDIOSWHIZDA
124,V,21,resale,GN6DCMRVHA2DQMZVGEZHYMJZHFSTONTBGQ2DK,,,150.0,174.75,GEZDIOSWHIZDC
124,V,22,resale,GN6DCMRVHA2DQMZVGEZHYMJZHFSTONTBGQ2DK,,,150.0,174.75,GEZDIOSWHIZDE
125,B,3,resale,GN6DCMRSGA3TONBVHEZHYMJZHEZTCNJXGNRDK,,,235.0,273.78,GEZDKOSCHIZQ
125,B,4,resale,GN6DCMRSGA3TONBVHEZHYMJZHEZTCNJXGNRDK,,,235.0,273.78,GEZDKOSCHI2A
125,D,4,resale,GN6DCMRUGE3TSMRZG4YXYMJZHFSTONZRGJRTK,,,191.0,222.52,GEZDKOSEHI2A
125,D,5,resale,GN6DCMRUGE3TSMRZG4YXYMJZHFSTONZRGJRTK,,,191.0,222.52,GEZDKOSEHI2Q
125,D,6,resale,GN6DCMRUGE3TSMRZG4YXYMJZHFSTONZRGJRTK,,,191.0,222.52,GEZDKOSEHI3A
125,D,7,resale,GN6DCMRUGE3TSMRZG4YXYMJZHFSTONZRGJRTK,,,191.0,222.52,GEZDKOSEHI3Q
125,F,15,resale,GN6DCMRVGA4TCNZQHA4HYMJZHE2TKNRUMNTDK,,,189.0,220.19,GEZDKOSGHIYTK
125,F,16,resale,GN6DCMRVGA4TCNZQHA4HYMJZHE2TKNRUMNTDK,,,189.0,220.19,GEZDKOSGHIYTM
125,F,17,resale,GN6DCMRVGA4TCNZQHA4HYMJZHE2TKNRUMNTDK,,,189.0,220.19,GEZDKOSGHIYTO
125,F,18,resale,GN6DCMRVGA4TCNZQHA4HYMJZHE2TKNRUMNTDK,,,189.0,220.19,GEZDKOSGHIYTQ
125,G,22,resale,GN6DCMRUHA3TOOJSGIYXYMJZHEZTCNRUMM2TK,,,180.0,209.7,GEZDKOSHHIZDE
125,G,23,resale,GN6DCMRUHA3TOOJSGIYXYMJZHEZTCNRUMM2TK,,,180.0,209.7,GEZDKOSHHIZDG
125,H,5,resale,GN6DCMJZGEYDGMZXGU2XYMJZHFSTONRYG44DK,,,173.0,201.55,GEZDKOSIHI2Q
125,H,6,resale,GN6DCMJZGEYDGMZXGU2XYMJZHFSTONRYG44DK,,,173.0,201.55,GEZDKOSIHI3A
125,H,7,resale,GN6DCMJZGEYDGMZXGU2XYMJZHFSTONRYG44DK,,,173.0,201.55,GEZDKOSIHI3Q
125,H,15,resale,GN6DCMJYG4YDQOBRHAYXYMJZHEZTCNLGG5SDK,,,233.0,271.45,GEZDKOSIHIYTK
125,H,16,resale,GN6DCMJYG4YDQOBRHAYXYMJZHEZTCNLGG5SDK,,,233.0,271.45,GEZDKOSIHIYTM
125,H,17,resale,GN6DCMJYG4YDQOBRHAYXYMJZHEZTCNLGG5SDK,,,233.0,271.45,GEZDKOSIHIYTO
125,H,18,resale,GN6DCMJYG4YDQOBRHAYXYMJZHEZTCNLGG5SDK,,,233.0,271.45,GEZDKOSIHIYTQ
125,H,19,resale,GN6DCMJYG4YDQOBRHAYXYMJZHEZTCNLGG5SDK,,,233.0,271.45,GEZDKOSIHIYTS
125,H,20,resale,GN6DCMJYG4YDQOBRHAYXYMJZHEZTCNLGG5SDK,,,233.0,271.45,GEZDKOSIHIZDA
125,J,1,resale,GN6DCMRTGU2TEOBSHAYXYMJZHEZTCNJYMJTDK,,,176.0,205.04,GEZDKOSKHIYQ
125,J,2,resale,GN6DCMRTGU2TEOBSHAYXYMJZHEZTCNJYMJTDK,,,176.0,205.04,GEZDKOSKHIZA
125,J,3,resale,GN6DCMRTGU2TEOBSHAYXYMJZHEZTCNJYMJTDK,,,176.0,205.04,GEZDKOSKHIZQ
125,J,4,resale,GN6DCMRTGU2TEOBSHAYXYMJZHEZTCNJYMJTDK,,,176.0,205.04,GEZDKOSKHI2A
125,L,6,primary,GJ6DCMBQGAYTANBQGAYDAN34GE3TSLRQGB6DGNROGMYHYMROGUYHYMJTFY2DG7D4PR6A,Verified Buccaneers Ticket,,179.0,231.23,GEZDKOSMHI3A
125,M,19,resale,GN6DCMRVGY3DKNBVGUZHYMJZHE3DCYLGMFSDK,,,200.0,233.0,GEZDKOSNHIYTS
125,M,20,resale,GN6DCMRVGY3DKNBVGUZHYMJZHE3DCYLGMFSDK,,,200.0,233.0,GEZDKOSNHIZDA
125,N,9,resale,GN6DCMRVHA2TMMRTGY4HYMJZHFQWEYJSGYZTK,,,154.0,179.41,GEZDKOSOHI4Q
125,N,10,resale,GN6DCMRVHA2TMMRTGY4HYMJZHFQWEYJSGYZTK,,,154.0,179.41,GEZDKOSOHIYTA
125,N,11,resale,GN6DCMRVHA2TMMRTGY4HYMJZHFQWEYJSGYZTK,,,154.0,179.41,GEZDKOSOHIYTC
125,N,12,resale,GN6DCMRVHA2TMMRTGY4HYMJZHFQWEYJSGYZTK,,,154.0,179.41,GEZDKOSOHIYTE
125,N,13,primary,GJ6DC7BWGQ,Verified Buccaneers Ticket,P17,150.0,194.85,GEZDKOSOHIYTG
125,N,14,primary,GJ6DC7BWGQ,Verified Buccaneers Ticket,P17,150.0,194.85,GEZDKOSOHIYTI
125,N,15,resale,GN6DCMJZG42TIOJSGY2XYMJZHFSTONTFGYZDK,,,164.0,191.06,GEZDKOSOHIYTK
125,N,16,resale,GN6DCMJZG42TIOJSGY2XYMJZHFSTONTFGYZDK,,,164.0,191.06,GEZDKOSOHIYTM
125,N,17,resale,GN6DCMJZG42TIOJSGY2XYMJZHFSTONTFGYZDK,,,164.0,191.06,GEZDKOSOHIYTO
125,N,18,resale,GN6DCMJZG42TIOJSGY2XYMJZHFSTONTFGYZDK,,,164.0,191.06,GEZDKOSOHIYTQ
125,N,19,resale,GN6DCMJZG42TIOJSGY2XYMJZHFSTONTFGYZDK,,,164.0,191.06,GEZDKOSOHIYTS
125,N,20,resale,GN6DCMJZG42TIOJSGY2XYMJZHFSTONTFGYZDK,,,164.0,191.06,GEZDKOSOHIZDA
125,N,21,primary,GJ6DC7BWGQ,Verified Buccaneers Ticket,P17,150.0,194.85,GEZDKOSOHIZDC
125,N,22,primary,GJ6DC7BWGQ,Verified Buccaneers Ticket,P17,150.0,194.85,GEZDKOSOHIZDE
125,P,16,primary,GJ6DC7BWGQ,Verified Buccaneers Ticket,P17,150.0,194.85,GEZDKOSQHIYTM
125,P,17,primary,GJ6DC7BWGQ,Verified Buccaneers Ticket,P17,150.0,194.85,GEZDKOSQHIYTO
125,P,18,primary,GJ6DC7BWGQ,Verified Buccaneers Ticket,P17,150.0,194.85,GEZDKOSQHIYTQ
125,P,19,primary,GJ6DC7BWGQ,Verified Buccaneers Ticket,P17,150.0,194.85,GEZDKOSQHIYTS
125,P,20,primary,GJ6DC7BWGQ,Verified Buccaneers Ticket,P17,150.0,194.85,GEZDKOSQHIZDA
125,P,21,primary,GJ6DC7BWGQ,Verified Buccaneers Ticket,P17,150.0,194.85,GEZDKOSQHIZDC
125,P,22,primary,GJ6DC7BWGQ,Verified Buccaneers Ticket,P17,150.0,194.85,GEZDKOSQHIZDE
125,R,4,primary,GJ6DC7BWGQ,Verified Buccaneers Ticket,P17,150.0,194.85,GEZDKOSSHI2A
125,R,5,primary,GJ6DC7BWGQ,Verified Buccaneers Ticket,P17,150.0,194.85,GEZDKOSSHI2Q
125,R,6,primary,GJ6DC7BWGQ,Verified Buccaneers Ticket,P17,150.0,194.85,GEZDKOSSHI3A
125,T,4,resale,GN6DCMJZG43DMMBYGQYXYMJZHFSTONTDGQ3DK,,,145.0,168.93,GEZDKOSUHI2A
125,T,5,resale,GN6DCMJZG43DMMBYGQYXYMJZHFSTONTDGQ3DK,,,145.0,168.93,GEZDKOSUHI2Q
125,T,6,resale,GN6DCMJZG43DMMBYGQYXYMJZHFSTONTDGQ3DK,,,145.0,168.93,GEZDKOSUHI3A
125,T,7,resale,GN6DCMJZG43DMMBYGQYXYMJZHFSTONTDGQ3DK,,,145.0,168.93,GEZDKOSUHI3Q
125,T,8,resale,GN6DCMJZG43DMMBYGQYXYMJZHFSTONTDGQ3DK,,,145.0,168.93,GEZDKOSUHI4A
125,T,9,resale,GN6DCMJZG43DMMBYGQYXYMJZHFSTONTDGQ3DK,,,145.0,168.93,GEZDKOSUHI4Q
125,T,10,resale,GN6DCMJZG43DMMBYGQYXYMJZHFSTONTDGQ3DK,,,145.0,168.93,GEZDKOSUHIYTA
125,U,10,primary,GJ6DC7BWGQ,Verified Buccaneers Ticket,P17,150.0,194.85,GEZDKOSVHIYTA
125,U,11,primary,GJ6DC7BWGQ,Verified Buccaneers Ticket,P17,150.0,194.85,GEZDKOSVHIYTC
125,U,12,primary,GJ6DC7BWGQ,Verified Buccaneers Ticket,P17,150.0,194.85,GEZDKOSVHIYTE
125,X,3,resale,GN6DCMJZG43DMMBWGI4XYMJZHFSTONTDMZSTK,,,151.0,175.92,GEZDKOSYHIZQ
125,X,4,resale,GN6DCMJZG43DMMBWGI4XYMJZHFSTONTDMZSTK,,,151.0,175.92,GEZDKOSYHI2A
125,X,5,resale,GN6DCMJZG43DMMBWGI4XYMJZHFSTONTDMZSTK,,,151.0,175.92,GEZDKOSYHI2Q
125,X,6,resale,GN6DCMJZG43DMMBWGI4XYMJZHFSTONTDMZSTK,,,151.0,175.92,GEZDKOSYHI3A
125,X,7,resale,GN6DCMJZG43DMMBWGI4XYMJZHFSTONTDMZSTK,,,151.0,175.92,GEZDKOSYHI3Q
125,X,8,resale,GN6DCMJZG43DMMBWGI4XYMJZHFSTONTDMZSTK,,,151.0,175.92,GEZDKOSYHI4A
125,X,9,resale,GN6DCMJZG43DMMBWGI4XYMJZHFSTONTDMZSTK,,,151.0,175.92,GEZDKOSYHI4Q
125,X,10,resale,GN6DCMJZG43DMMBWGI4XYMJZHFSTONTDMZSTK,,,151.0,175.92,GEZDKOSYHIYTA
125,X,11,resale,GN6DCMRVGUYTQMBWGI2HYMJZHEYTOYJWMNRDK,,,145.0,168.93,GEZDKOSYHIYTC
125,X,12,resale,GN6DCMRVGUYTQMBWGI2HYMJZHEYTOYJWMNRDK,,,145.0,168.93,GEZDKOSYHIYTE
125,X,13,resale,GN6DCMRVGUYTQMBWGI2HYMJZHEYTOYJWMNRDK,,,145.0,168.93,GEZDKOSYHIYTG
125,X,14,resale,GN6DCMRVGUYTQMBWGI2HYMJZHEYTOYJWMNRDK,,,145.0,168.93,GEZDKOSYHIYTI
125,X,15,resale,GN6DCMRVGUYTQMBWGI2HYMJZHEYTOYJWMNRDK,,,145.0,168.93,GEZDKOSYHIYTK
125,X,16,resale,GN6DCMRVGUYTQMBWGI2HYMJZHEYTOYJWMNRDK,,,145.0,168.93,GEZDKOSYHIYTM
125,X,17,resale,GN6DCMRVGUYTQMBWGI2HYMJZHEYTOYJWMNRDK,,,145.0,168.93,GEZDKOSYHIYTO
125,X,18,resale,GN6DCMRVGUYTQMBWGI2HYMJZHEYTOYJWMNRDK,,,145.0,168.93,GEZDKOSYHIYTQ
125,Y,5,resale,GN6DCMRVGUYTOOBTGAYXYMJZHEZGGMJUMQ4TK,,,145.0,168.93,GEZDKOSZHI2Q
125,Y,6,resale,GN6DCMRVGUYTOOBTGAYXYMJZHEZGGMJUMQ4TK,,,145.0,168.93,GEZDKOSZHI3A
125,Y,7,resale,GN6DCMRVGUYTOOBTGAYXYMJZHEZGGMJUMQ4TK,,,145.0,168.93,GEZDKOSZHI3Q
125,Y,8,resale,GN6DCMRVGUYTOOBTGAYXYMJZHEZGGMJUMQ4TK,,,145.0,168.93,GEZDKOSZHI4A
125,Y,9,resale,GN6DCMRVGUYTOOBTGAYXYMJZHEZGGMJUMQ4TK,,,145.0,168.93,GEZDKOSZHI4Q
125,Y,10,resale,GN6DCMRVGUYTOOBTGAYXYMJZHEZGGMJUMQ4TK,,,145.0,168.93,GEZDKOSZHIYTA
125,Y,20,resale,GN6DCMJZG43DMMBZGY3XYMJZHFSTONTDGA3TK,,,137.0,159.61,GEZDKOSZHIZDA
126,AA,3,resale,GN6DCMRUGIZTCNJWGYZHYMJZHFSTONTDGI4TK,,,148.0,172.42,GEZDMOSBIE5DG
126,AA,4,resale,GN6DCMRUGIZTCNJWGYZHYMJZHFSTONTDGI4TK,,,148.0,172.42,GEZDMOSBIE5DI
126,AA,5,resale,GN6DCMRUGIZTCNJWGYZHYMJZHFSTONTDGI4TK,,,148.0,172.42,GEZDMOSBIE5DK
126,AA,6,resale,GN6DCMRUGIZTCNJWGYZHYMJZHFSTONTDGI4TK,,,148.0,172.42,GEZDMOSBIE5DM
126,AA,7,resale,GN6DCMRUGIZTCNJWGYZHYMJZHFSTONTDGI4TK,,,148.0,172.42,GEZDMOSBIE5DO
126,AA,8,resale,GN6DCMRUGIZTCNJWGYZHYMJZHFSTONTDGI4TK,,,148.0,172.42,GEZDMOSBIE5DQ
126,AA,9,resale,GN6DCMRUGIZTCNJWGYZHYMJZHFSTONTDGI4TK,,,148.0,172.42,GEZDMOSBIE5DS
126,AA,10,resale,GN6DCMRUGIZTCNJWGYZHYMJZHFSTONTDGI4TK,,,148.0,172.42,GEZDMOSBIE5DCMA
126,AA,11,resale,GN6DCMRUGIZTCNJWGYZHYMJZHFSTONTDGI4TK,,,148.0,172.42,GEZDMOSBIE5DCMI
126,AA,12,resale,GN6DCMRUGIZTCNJWGYZHYMJZHFSTONTDGI4TK,,,148.0,172.42,GEZDMOSBIE5DCMQ
126,AA,13,resale,GN6DCMRUGIZTCNJWGYZHYMJZHFSTONTDGI4TK,,,148.0,172.42,GEZDMOSBIE5DCMY
126,CC,19,primary,GJ6DC7BWGQ,Verified Buccaneers Ticket,P17,150.0,194.85,GEZDMOSDIM5DCOI
126,CC,20,primary,GJ6DCMBQGAYTANBQGAYDAN34GE3DALRQGB6DGMROGUYHYMROGUYHYMJSFYYDA7D4PR6A,Verified Buccaneers Ticket,,160.0,207.0,GEZDMOSDIM5DEMA
126,CC,21,primary,GJ6DCMBQGAYTANBQGAYDAN34GE3DALRQGB6DGMROGUYHYMROGUYHYMJSFYYDA7D4PR6A,Verified Buccaneers Ticket,,160.0,207.0,GEZDMOSDIM5DEMI
126,L,5,primary,GJ6DC7BWGQ,Verified Buccaneers Ticket,P17,150.0,194.85,GEZDMOSMHI2Q
126,L,6,primary,GJ6DC7BWGQ,Verified Buccaneers Ticket,P17,150.0,194.85,GEZDMOSMHI3A
126,L,7,primary,GJ6DC7BWGQ,Verified Buccaneers Ticket,P17,150.0,194.85,GEZDMOSMHI3Q
126,L,8,primary,GJ6DC7BWGQ,Verified Buccaneers Ticket,P17,150.0,194.85,GEZDMOSMHI4A
126,P,3,resale,GN6DCMRQGM2TMOJYGUZHYMJZHFSTONTCGZQTK,,,160.0,186.4,GEZDMOSQHIZQ
126,P,4,resale,GN6DCMRQGM2TMOJYGUZHYMJZHFSTONTCGZQTK,,,160.0,186.4,GEZDMOSQHI2A
126,R,9,primary,GJ6DC7BWGQ,Verified Buccaneers Ticket,P17,150.0,194.85,GEZDMOSSHI4Q
126,R,10,primary,GJ6DC7BWGQ,Verified Buccaneers Ticket,P17,150.0,194.85,GEZDMOSSHIYTA
126,R,11,primary,GJ6DC7BWGQ,Verified Buccaneers Ticket,P17,150.0,194.85,GEZDMOSSHIYTC
126,S,3,primary,GJ6DC7BWGQ,Verified Buccaneers Ticket,P17,150.0,194.85,GEZDMOSTHIZQ
126,S,4,primary,GJ6DC7BWGQ,Verified Buccaneers Ticket,P17,150.0,194.85,GEZDMOSTHI2A
126,T,9,resale,GN6DCMRVHA4TCMJSGY4HYMJZHFSTONTEMI2DK,,,144.0,167.76,GEZDMOSUHI4Q
126,T,10,resale,GN6DCMRVHA4TCMJSGY4HYMJZHFSTONTEMI2DK,,,144.0,167.76,GEZDMOSUHIYTA
126,U,3,resale,GN6DCMJZG43DMMBYGM3XYMJZHFSTONTCGZRDK,,,143.0,166.6,GEZDMOSVHIZQ
126,U,4,resale,GN6DCMJZG43DMMBYGM3XYMJZHFSTONTCGZRDK,,,143.0,166.6,GEZDMOSVHI2A
126,U,5,resale,GN6DCMJZG43DMMBYGM3XYMJZHFSTONTCGZRDK,,,143.0,166.6,GEZDMOSVHI2Q
126,U,6,resale,GN6DCMJZG43DMMBYGM3XYMJZHFSTONTCGZRDK,,,143.0,166.6,GEZDMOSVHI3A
126,V,5,primary,GJ6DC7BWGQ,Verified Buccaneers Ticket,P17,150.0,194.85,GEZDMOSWHI2Q
126,V,6,primary,GJ6DC7BWGQ,Verified Buccaneers Ticket,P17,150.0,194.85,GEZDMOSWHI3A
126,V,7,primary,GJ6DC7BWGQ,Verified Buccaneers Ticket,P17,150.0,194.85,GEZDMOSWHI3Q
126,V,8,primary,GJ6DC7BWGQ,Verified Buccaneers Ticket,P17,150.0,194.85,GEZDMOSWHI4A
126,Z,7,resale,GN6DCMJZGI3TQOBTGUYXYMJZHEZTCNJWGJSTK,,,110.0,128.15,GEZDMOS2HI3Q
126,Z,8,resale,GN6DCMJZGI3TQOBTGUYXYMJZHEZTCNJWGJSTK,,,110.0,128.15,GEZDMOS2HI4A
127,CC,10,resale,GN6DCMRVHA2TIMJTGAYHYMJZHFSTONZUMMYTK,,,149.0,173.59,GEZDOOSDIM5DCMA
127,CC,11,resale,GN6DCMRVHA2TIMJTGAYHYMJZHFSTONZUMMYTK,,,149.0,173.59,GEZDOOSDIM5DCMI
127,CC,12,resale,GN6DCMRVHA2TIMJTGAYHYMJZHFSTONZUMMYTK,,,149.0,173.59,GEZDOOSDIM5DCMQ
127,CC,13,resale,GN6DCMRVHA2TIMJTGAYHYMJZHFSTONZUMMYTK,,,149.0,173.59,GEZDOOSDIM5DCMY
127,CC,14,resale,GN6DCMRVHA2TIMJTGAYHYMJZHFSTONZUMMYTK,,,149.0,173.59,GEZDOOSDIM5DCNA
127,CC,15,resale,GN6DCMRVHA2TIMJTGAYHYMJZHFSTONZUMMYTK,,,149.0,173.59,GEZDOOSDIM5DCNI
127,CC,16,resale,GN6DCMRVHA2TIMJTGAYHYMJZHFSTONZUMMYTK,,,149.0,173.59,GEZDOOSDIM5DCNQ
127,CC,17,resale,GN6DCMRVHA2TIMJTGAYHYMJZHFSTONZUMMYTK,,,149.0,173.59,GEZDOOSDIM5DCNY
127,CC,18,resale,GN6DCMRVHA2TIMJTGAYHYMJZHFSTONZUMMYTK,,,149.0,173.59,GEZDOOSDIM5DCOA
127,CC,19,resale,GN6DCMRVHA2TIMJTGAYHYMJZHFSTONZUMMYTK,,,149.0,173.59,GEZDOOSDIM5DCOI
127,CC,20,resale,GN6DCMRVHA2TIMJTGAYHYMJZHFSTONZUMMYTK,,,149.0,173.59,GEZDOOSDIM5DEMA
127,CC,21,resale,GN6DCMRVHA2TIMJTGAYHYMJZHFSTONZUMMYTK,,,149.0,173.59,GEZDOOSDIM5DEMI
127,CC,22,resale,GN6DCMRVHA2TIMJTGAYHYMJZHFSTONZUMMYTK,,,149.0,173.59,GEZDOOSDIM5DEMQ
127,D,18,resale,GN6DCMJZG43DMMBVHAYHYMJZHFSTONTFMNTDK,,,190.0,221.35,GEZDOOSEHIYTQ
127,G,14,resale,GN6DCMRVGY2DQMJTGYYHYMJZHE2TQZDBHAZDK,,,225.0,262.13,GEZDOOSHHIYTI
127,G,15,resale,GN6DCMRVGY2DQMJTGYYHYMJZHE2TQZDBHAZDK,,,225.0,262.13,GEZDOOSHHIYTK
127,G,16,resale,GN6DCMRVGY2DQMJTGYYHYMJZHE2TQZDBHAZDK,,,225.0,262.13,GEZDOOSHHIYTM
127,G,17,resale,GN6DCMRVGY2DQMJTGYYHYMJZHE2TQZDBHAZDK,,,225.0,262.13,GEZDOOSHHIYTO
127,J,13,resale,GN6DCMRUGIZDIOBZG42HYMJZHFSTONTCGE4DK,,,169.0,196.89,GEZDOOSKHIYTG
127,J,14,resale,GN6DCMRUGIZDIOBZG42HYMJZHFSTONTCGE4DK,,,169.0,196.89,GEZDOOSKHIYTI
127,J,15,resale,GN6DCMRUGIZDIOBZG42HYMJZHFSTONTCGE4DK,,,169.0,196.89,GEZDOOSKHIYTK
127,J,16,resale,GN6DCMRUGIZDIOBZG42HYMJZHFSTONTCGE4DK,,,169.0,196.89,GEZDOOSKHIYTM
127,K,14,resale,GN6DCMRUGIZDIOBZG44HYMJZHFSTONZQGE4TK,,,168.0,195.72,GEZDOOSLHIYTI
127,K,15,resale,GN6DCMRUGIZDIOBZG44HYMJZHFSTONZQGE4TK,,,168.0,195.72,GEZDOOSLHIYTK
127,K,16,resale,GN6DCMRUGIZDIOBZG44HYMJZHFSTONZQGE4TK,,,168.0,195.72,GEZDOOSLHIYTM
127,K,17,resale,GN6DCMRUGIZDIOBZG44HYMJZHFSTONZQGE4TK,,,168.0,195.72,GEZDOOSLHIYTO
127,K,18,resale,GN6DCMRUGIZDIOBZG44HYMJZHFSTONZQGE4TK,,,168.0,195.72,GEZDOOSLHIYTQ
127,K,19,resale,GN6DCMRUGIZDIOBZG44HYMJZHFSTONZQGE4TK,,,168.0,195.72,GEZDOOSLHIYTS
127,K,20,resale,GN6DCMRUGIZDIOBZG44HYMJZHFSTONZQGE4TK,,,168.0,195.72,GEZDOOSLHIZDA
127,L,11,resale,GN6DCMJZG43DMMBVGUYHYMJZHFSTONTGGVRDK,,,174.0,202.71,GEZDOOSMHIYTC
127,L,12,resale,GN6DCMJZG43DMMBVGUYHYMJZHFSTONTGGVRDK,,,174.0,202.71,GEZDOOSMHIYTE
127,L,13,resale,GN6DCMJZG43DMMBVGUYHYMJZHFSTONTGGVRDK,,,174.0,202.71,GEZDOOSMHIYTG
127,L,14,resale,GN6DCMJZG43DMMBVGUYHYMJZHFSTONTGGVRDK,,,174.0,202.71,GEZDOOSMHIYTI
127,L,15,resale,GN6DCMJZG43DMMBVGUYHYMJZHFSTONTGGVRDK,,,174.0,202.71,GEZDOOSMHIYTK
127,L,16,resale,GN6DCMJZG43DMMBVGUYHYMJZHFSTONTGGVRDK,,,174.0,202.71,GEZDOOSMHIYTM
127,L,17,resale,GN6DCMJZG43DMMBVGUYHYMJZHFSTONTGGVRDK,,,174.0,202.71,GEZDOOSMHIYTO
127,L,18,resale,GN6DCMJZG43DMMBVGUYHYMJZHFSTONTGGVRDK,,,174.0,202.71,GEZDOOSMHIYTQ
127,L,19,resale,GN6DCMJZG43DMMBVGUYHYMJZHFSTONTGGVRDK,,,174.0,202.71,GEZDOOSMHIYTS
127,L,20,resale,GN6DCMJZG43DMMBVGUYHYMJZHFSTONTGGVRDK,,,174.0,202.71,GEZDOOSMHIZDA
127,S,8,primary,GJ6DCMBQGAYTANBQGAYDAN34GE3TKLRQGB6DGNJOGUYHYMROGUYHYMJTFYYTG7D4PR6A,Verified Buccaneers Ticket,,175.0,226.13,GEZDOOSTHI4A
127,S,9,primary,GJ6DCMBQGAYTANBQGAYDAN34GE3TKLRQGB6DGNJOGUYHYMROGUYHYMJTFYYTG7D4PR6A,Verified Buccaneers Ticket,,175.0,226.13,GEZDOOSTHI4Q
127,S,10,resale,GN6DCMRUGIZTCNJYGAYHYMJZHFSTONTDGA4DK,,,155.0,180.58,GEZDOOSTHIYTA
127,S,11,resale,GN6DCMRUGIZTCNJYGAYHYMJZHFSTONTDGA4DK,,,155.0,180.58,GEZDOOSTHIYTC
127,S,12,resale,GN6DCMRUGIZTCNJYGAYHYMJZHFSTONTDGA4DK,,,155.0,180.58,GEZDOOSTHIYTE
127,S,13,resale,GN6DCMRUGIZTCNJYGAYHYMJZHFSTONTDGA4DK,,,155.0,180.58,GEZDOOSTHIYTG
127,S,14,resale,GN6DCMRUGIZTCNJYGAYHYMJZHFSTONTDGA4DK,,,155.0,180.58,GEZDOOSTHIYTI
127,S,15,resale,GN6DCMRUGIZTCNJYGAYHYMJZHFSTONTDGA4DK,,,155.0,180.58,GEZDOOSTHIYTK
127,S,16,resale,GN6DCMRUGIZTCNJYGAYHYMJZHFSTONTDGA4DK,,,155.0,180.58,GEZDOOSTHIYTM
127,S,17,resale,GN6DCMRUGIZTCNJYGAYHYMJZHFSTONTDGA4DK,,,155.0,180.58,GEZDOOSTHIYTO
127,S,18,resale,GN6DCMRUGIZTCNJYGAYHYMJZHFSTONTDGA4DK,,,155.0,180.58,GEZDOOSTHIYTQ
127,S,19,resale,GN6DCMRUGIZTCNJYGAYHYMJZHFSTONTDGA4DK,,,155.0,180.58,GEZDOOSTHIYTS
127,S,20,resale,GN6DCMRUGIZTCNJYGAYHYMJZHFSTONTDGA4DK,,,155.0,180.58,GEZDOOSTHIZDA
127,T,12,primary,GJ6DC7BWGM,Verified Buccaneers Ticket,P16,165.0,214.03,GEZDOOSUHIYTE
127,T,13,primary,GJ6DC7BWGM,Verified Buccaneers Ticket,P16,165.0,214.03,GEZDOOSUHIYTG
127,T,14,primary,GJ6DC7BWGM,Verified Buccaneers Ticket,P16,165.0,214.03,GEZDOOSUHIYTI
127,U,6,primary,GJ6DCMBQGAYTANBQGAYDAN34GE3TKLRQGB6DGNJOGUYHYMROGUYHYMJTFYYTG7D4PR6A,Verified Buccaneers Ticket,,175.0,226.13,GEZDOOSVHI3A
127,U,7,primary,GJ6DCMBQGAYTANBQGAYDAN34GE3TKLRQGB6DGNJOGUYHYMROGUYHYMJTFYYTG7D4PR6A,Verified Buccaneers Ticket,,175.0,226.13,GEZDOOSVHI3Q
127,U,8,resale,GN6DCMRWGA2DINJYGQ4HYMJZHFSWGYRUMM3TK,,,154.0,179.41,GEZDOOSVHI4A
127,U,9,resale,GN6DCMRWGA2DINJYGQ4HYMJZHFSWGYRUMM3TK,,,154.0,179.41,GEZDOOSVHI4Q
127,U,10,resale,GN6DCMRWGA2DINJYGQ4HYMJZHFSWGYRUMM3TK,,,154.0,179.41,GEZDOOSVHIYTA
127,U,11,resale,GN6DCMRWGA2DINJYGQ4HYMJZHFSWGYRUMM3TK,,,154.0,179.41,GEZDOOSVHIYTC
127,U,12,resale,GN6DCMRWGA2DINJYGQ4HYMJZHFSWGYRUMM3TK,,,154.0,179.41,GEZDOOSVHIYTE
127,U,13,resale,GN6DCMRWGA2DINJYGQ4HYMJZHFSWGYRUMM3TK,,,154.0,179.41,GEZDOOSVHIYTG
127,U,14,resale,GN6DCMRWGA2DINJYGQ4HYMJZHFSWGYRUMM3TK,,,154.0,179.41,GEZDOOSVHIYTI
127,U,15,resale,GN6DCMRWGA2DINJYGQ4HYMJZHFSWGYRUMM3TK,,,154.0,179.41,GEZDOOSVHIYTK
127,U,16,resale,GN6DCMRWGA2DINJYGQ4HYMJZHFSWGYRUMM3TK,,,154.0,179.41,GEZDOOSVHIYTM
127,U,17,resale,GN6DCMRWGA2DINJYGQ4HYMJZHFSWGYRUMM3TK,,,154.0,179.41,GEZDOOSVHIYTO
127,U,18,resale,GN6DCMRWGA2DINJYGQ4HYMJZHFSWGYRUMM3TK,,,154.0,179.41,GEZDOOSVHIYTQ
127,U,19,resale,GN6DCMRWGA2DINJYGQ4HYMJZHFSWGYRUMM3TK,,,154.0,179.41,GEZDOOSVHIYTS
127,U,20,resale,GN6DCMRWGA2DINJYGQ4HYMJZHFSWGYRUMM3TK,,,154.0,179.41,GEZDOOSVHIZDA
127,V,6,primary,GJ6DCMBQGAYTANBQGAYDAN34GE3TKLRQGB6DGNJOGUYHYMROGUYHYMJTFYYTG7D4PR6A,Verified Buccaneers Ticket,,175.0,226.13,GEZDOOSWHI3A
127,V,7,primary,GJ6DCMBQGAYTANBQGAYDAN34GE3TKLRQGB6DGNJOGUYHYMROGUYHYMJTFYYTG7D4PR6A,Verified Buccaneers Ticket,,175.0,226.13,GEZDOOSWHI3Q
128,AA,9,resale,GN6DCMRVHA2DQMZVGEYXYMJZHFSTONTBMRSDK,,,157.0,182.91,GEZDQOSBIE5DS
128,AA,10,resale,GN6DCMRVHA2DQMZVGEYXYMJZHFSTONTBMRSDK,,,157.0,182.91,GEZDQOSBIE5DCMA
128,AA,11,resale,GN6DCMRVHA2DQMZVGEYXYMJZHFSTONTBMRSDK,,,157.0,182.91,GEZDQOSBIE5DCMI
128,AA,12,resale,GN6DCMRVHA2DQMZVGEYXYMJZHFSTONTBMRSDK,,,157.0,182.91,GEZDQOSBIE5DCMQ
128,AA,13,resale,GN6DCMRVHA2DQMZVGEYXYMJZHFSTONTBMRSDK,,,157.0,182.91,GEZDQOSBIE5DCMY
128,AA,14,resale,GN6DCMRVHA2DQMZVGEYXYMJZHFSTONTBMRSDK,,,157.0,182.91,GEZDQOSBIE5DCNA
128,AA,15,resale,GN6DCMRVHA2DQMZVGEYXYMJZHFSTONTBMRSDK,,,157.0,182.91,GEZDQOSBIE5DCNI
128,AA,16,resale,GN6DCMRVHA2DQMZVGEYXYMJZHFSTONTBMRSDK,,,157.0,182.91,GEZDQOSBIE5DCNQ
128,AA,17,resale,GN6DCMRVHA2DQMZVGEYXYMJZHFSTONTBMRSDK,,,157.0,182.91,GEZDQOSBIE5DCNY
128,AA,18,resale,GN6DCMRVHA2DQMZVGEYXYMJZHFSTONTBMRSDK,,,157.0,182.91,GEZDQOSBIE5DCOA
128,AA,19,resale,GN6DCMRVHA2DQMZVGEYXYMJZHFSTONTBMRSDK,,,157.0,182.91,GEZDQOSBIE5DCOI
128,BB,1,primary,GJ6DCMBQGAYTANBQGAYDAN34GE3TKLRQGB6DGNJOGUYHYMROGUYHYMJTFYYTG7D4PR6A,Verified Buccaneers Ticket,,175.0,226.13,GEZDQOSCII5DC
128,BB,2,primary,GJ6DCMBQGAYTANBQGAYDAN34GE3TKLRQGB6DGNJOGUYHYMROGUYHYMJTFYYTG7D4PR6A,Verified Buccaneers Ticket,,175.0,226.13,GEZDQOSCII5DE
128,CC,11,resale,GN6DCMRVGYZTQMJWGQ4XYMJZHFSTONTBMYZDK,,,147.0,171.26,GEZDQOSDIM5DCMI
128,CC,12,resale,GN6DCMRVGYZTQMJWGQ4XYMJZHFSTONTBMYZDK,,,147.0,171.26,GEZDQOSDIM5DCMQ
128,CC,13,resale,GN6DCMRVGYZTQMJWGQ4XYMJZHFSTONTBMYZDK,,,147.0,171.26,GEZDQOSDIM5DCMY
128,CC,14,resale,GN6DCMRVGYZTQMJWGQ4XYMJZHFSTONTBMYZDK,,,147.0,171.26,GEZDQOSDIM5DCNA
128,CC,15,resale,GN6DCMRVGYZTQMJWGQ4XYMJZHFSTONTBMYZDK,,,147.0,171.26,GEZDQOSDIM5DCNI
128,CC,16,resale,GN6DCMRVGYZTQMJWGQ4XYMJZHFSTONTBMYZDK,,,147.0,171.26,GEZDQOSDIM5DCNQ
128,E,5,resale,GN6DCMJZG43DMMBUG42HYMJZHFSTONRZHBRTK,,,193.0,224.85,GEZDQOSFHI2Q
128,E,6,resale,GN6DCMJZG43DMMBUG42HYMJZHFSTONRZHBRTK,,,193.0,224.85,GEZDQOSFHI3A
128,E,7,resale,GN6DCMJZG43DMMBUG42HYMJZHFSTONRZHBRTK,,,193.0,224.85,GEZDQOSFHI3Q
128,F,5,resale,GN6DCMJZGE3DKMJSGIZXYMJZHEZTCNDGMEZTK,,,187.0,217.86,GEZDQOSGHI2Q
128,F,6,resale,GN6DCMJZGE3DKMJSGIZXYMJZHEZTCNDGMEZTK,,,187.0,217.86,GEZDQOSGHI3A
128,F,7,resale,GN6DCMJZG43DMMBUG4YXYMJZHFSTONZRMZRDK,,,191.0,222.52,GEZDQOSGHI3Q
128,F,8,resale,GN6DCMJZG43DMMBUG4YXYMJZHFSTONZRMZRDK,,,191.0,222.52,GEZDQOSGHI4A
128,J,7,primary,GJ6DC7BWGM,Verified Buccaneers Ticket,P16,165.0,214.03,GEZDQOSKHI3Q
128,J,8,primary,GJ6DC7BWGM,Verified Buccaneers Ticket,P16,165.0,214.03,GEZDQOSKHI4A
128,L,5,primary,GJ6DCMBQGAYTANBQGAYDAN34GE2TKLRQGB6DGMJOGUYHYMROGUYHYMJRFY3DG7D4PR6A,Verified Buccaneers Ticket,,155.0,200.63,GEZDQOSMHI2Q
128,L,6,primary,GJ6DCMBQGAYTANBQGAYDAN34GE2TKLRQGB6DGMJOGUYHYMROGUYHYMJRFY3DG7D4PR6A,Verified Buccaneers Ticket,,155.0,200.63,GEZDQOSMHI3A
128,P,5,resale,GN6DCMRQGY2TSNBRGA2HYMJZHFSTONZTMZRDK,,,179.0,208.54,GEZDQOSQHI2Q
128,P,6,resale,GN6DCMRQGY2TSNBRGA2HYMJZHFSTONZTMZRDK,,,179.0,208.54,GEZDQOSQHI3A
128,P,7,resale,GN6DCMRQGY2TSNBRGA2HYMJZHFSTONZTMZRDK,,,179.0,208.54,GEZDQOSQHI3Q
128,P,8,resale,GN6DCMRQGY2TSNBRGA2HYMJZHFSTONZTMZRDK,,,179.0,208.54,GEZDQOSQHI4A
128,P,9,resale,GN6DCMRQGY2TSNBRGA2HYMJZHFSTONZTMZRDK,,,179.0,208.54,GEZDQOSQHI4Q
128,P,10,resale,GN6DCMRQGY2TSNBRGA2HYMJZHFSTONZTMZRDK,,,179.0,208.54,GEZDQOSQHIYTA
128,P,11,resale,GN6DCMRQGY2TSNBRGA2HYMJZHFSTONZTMZRDK,,,179.0,208.54,GEZDQOSQHIYTC
128,P,12,resale,GN6DCMRQGY2TSNBRGA2HYMJZHFSTONZTMZRDK,,,179.0,208.54,GEZDQOSQHIYTE
128,P,13,resale,GN6DCMRQGY2TSNBRGA2HYMJZHFSTONZTMZRDK,,,179.0,208.54,GEZDQOSQHIYTG
128,P,14,resale,GN6DCMRQGY2TSNBRGA2HYMJZHFSTONZTMZRDK,,,179.0,208.54,GEZDQOSQHIYTI
128,U,5,resale,GN6DCMRVHA2DQMZVGA3XYMJZHFSTONZQMQYDK,,,161.0,187.57,GEZDQOSVHI2Q
128,U,6,resale,GN6DCMRVHA2DQMZVGA3XYMJZHFSTONZQMQYDK,,,161.0,187.57,GEZDQOSVHI3A
128,U,7,resale,GN6DCMRVHA2DQMZVGA3XYMJZHFSTONZQMQYDK,,,161.0,187.57,GEZDQOSVHI3Q
128,U,8,resale,GN6DCMRVHA2DQMZVGA3XYMJZHFSTONZQMQYDK,,,161.0,187.57,GEZDQOSVHI4A
128,U,9,resale,GN6DCMRVHA2DQMZVGA3XYMJZHFSTONZQMQYDK,,,161.0,187.57,GEZDQOSVHI4Q
128,U,10,resale,GN6DCMRVHA2DQMZVGA3XYMJZHFSTONZQMQYDK,,,161.0,187.57,GEZDQOSVHIYTA
128,U,11,resale,GN6DCMRVHA2DQMZVGA3XYMJZHFSTONZQMQYDK,,,161.0,187.57,GEZDQOSVHIYTC
128,U,12,resale,GN6DCMRVHA2DQMZVGA3XYMJZHFSTONZQMQYDK,,,161.0,187.57,GEZDQOSVHIYTE
128,U,13,resale,GN6DCMRVHA2DQMZVGA3XYMJZHFSTONZQMQYDK,,,161.0,187.57,GEZDQOSVHIYTG
128,U,14,resale,GN6DCMRVHA2DQMZVGA3XYMJZHFSTONZQMQYDK,,,161.0,187.57,GEZDQOSVHIYTI
128,U,15,resale,GN6DCMRVHA2DQMZVGA3XYMJZHFSTONZQMQYDK,,,161.0,187.57,GEZDQOSVHIYTK
128,U,16,resale,GN6DCMRVHA2DQMZVGA3XYMJZHFSTONZQMQYDK,,,161.0,187.57,GEZDQOSVHIYTM
128,V,18,primary,GJ6DCMBQGAYTANBQGAYDAN34GE3TKLRQGB6DGNJOGUYHYMROGUYHYMJTFYYTG7D4PR6A,Verified Buccaneers Ticket,,175.0,226.13,GEZDQOSWHIYTQ
128,V,19,primary,GJ6DCMBQGAYTANBQGAYDAN34GE3TKLRQGB6DGNJOGUYHYMROGUYHYMJTFYYTG7D4PR6A,Verified Buccaneers Ticket,,175.0,226.13,GEZDQOSWHIYTS
128,WC,15,primary,GJ6DC7BWGM,Verified Buccaneers Ticket,P16,165.0,214.03,GEZDQOSXIM5DCNI
128,WC,16,primary,GJ6DC7BWGM,Verified Buccaneers Ticket,P16,165.0,214.03,GEZDQOSXIM5DCNQ
131,BB,20,resale,GN6DCMRUHE2DEMBVGUZXYMJZHEZTCNRTGYYDK,,,194.0,226.01,GEZTCOSCII5DEMA
131,BB,21,resale,GN6DCMRUHE2DEMBVGUZXYMJZHEZTCNRTGYYDK,,,194.0,226.01,GEZTCOSCII5DEMI
131,CC,16,resale,GN6DCMRVGQ2TAMRSGE3HYMJZHFSTONTCMJRTK,,,158.0,184.07,GEZTCOSDIM5DCNQ
131,CC,17,resale,GN6DCMRVGQ2TAMRSGE3HYMJZHFSTONTCMJRTK,,,158.0,184.07,GEZTCOSDIM5DCNY
131,CC,20,resale,GN6DCMRUHE2DEMBVGU2XYMJZHEZTCNLBGY3DK,,,194.0,226.01,GEZTCOSDIM5DEMA
131,CC,21,resale,GN6DCMRUHE2DEMBVGU2XYMJZHEZTCNLBGY3DK,,,194.0,226.01,GEZTCOSDIM5DEMI
131,E,20,resale,GN6DCMRUGIZDIOJQGIYHYMJZHFSTONZRHFRTK,,,193.0,224.85,GEZTCOSFHIZDA
131,E,21,resale,GN6DCMRUGIZDIOJQGIYHYMJZHFSTONZRHFRTK,,,193.0,224.85,GEZTCOSFHIZDC
131,F,14,resale,GN6DCMJZG43DMMBUGY2HYMJZHFSTONTFMM2DK,,,199.0,231.84,GEZTCOSGHIYTI
131,F,15,resale,GN6DCMJZG43DMMBUGY2HYMJZHFSTONTFMM2DK,,,199.0,231.84,GEZTCOSGHIYTK
131,F,16,resale,GN6DCMJZG43DMMBUGY2HYMJZHFSTONTFMM2DK,,,199.0,231.84,GEZTCOSGHIYTM
131,F,17,resale,GN6DCMJZG43DMMBUGY2HYMJZHFSTONTFMM2DK,,,199.0,231.84,GEZTCOSGHIYTO
131,F,18,resale,GN6DCMJZG43DMMBUGY2HYMJZHFSTONTFMM2DK,,,199.0,231.84,GEZTCOSGHIYTQ
131,F,19,resale,GN6DCMJZG43DMMBUGY2HYMJZHFSTONTFMM2DK,,,199.0,231.84,GEZTCOSGHIYTS
131,F,20,resale,GN6DCMJZG43DMMBUGY2HYMJZHFSTONTFMM2DK,,,199.0,231.84,GEZTCOSGHIZDA
131,F,21,resale,GN6DCMJZG43DMMBUGY2HYMJZHFSTONTFMM2DK,,,199.0,231.84,GEZTCOSGHIZDC
131,L,10,resale,GN6DCMJZG43DMMBUGY3XYMJZHFSTONTEMY4DK,,,188.0,219.02,GEZTCOSMHIYTA
131,L,11,resale,GN6DCMJZG43DMMBUGY3XYMJZHFSTONTEMY4DK,,,188.0,219.02,GEZTCOSMHIYTC
131,L,12,resale,GN6DCMJZG43DMMBUGY3XYMJZHFSTONTEMY4DK,,,188.0,219.02,GEZTCOSMHIYTE
131,L,13,resale,GN6DCMJZG43DMMBUGY3XYMJZHFSTONTEMY4DK,,,188.0,219.02,GEZTCOSMHIYTG
131,L,14,resale,GN6DCMJZG43DMMBUGY3XYMJZHFSTONTEMY4DK,,,188.0,219.02,GEZTCOSMHIYTI
131,L,15,resale,GN6DCMJZG43DMMBUGY3XYMJZHFSTONTEMY4DK,,,188.0,219.02,GEZTCOSMHIYTK
131,L,16,resale,GN6DCMJZG43DMMBUGY3XYMJZHFSTONTEMY4DK,,,188.0,219.02,GEZTCOSMHIYTM
131,L,17,resale,GN6DCMJZG43DMMBUGY3XYMJZHFSTONTEMY4DK,,,188.0,219.02,GEZTCOSMHIYTO
131,L,18,resale,GN6DCMJZG43DMMBUGY3XYMJZHFSTONTEMY4DK,,,188.0,219.02,GEZTCOSMHIYTQ
131,N,9,primary,GJ6DCMBQGAYTANBQGAYDAN34GE3TKLRQGB6DGNJOGUYHYMROGUYHYMJTFYYTG7D4PR6A,Verified Buccaneers Ticket,,175.0,226.13,GEZTCOSOHI4Q
131,N,10,primary,GJ6DCMBQGAYTANBQGAYDAN34GE3TKLRQGB6DGNJOGUYHYMROGUYHYMJTFYYTG7D4PR6A,Verified Buccaneers Ticket,,175.0,226.13,GEZTCOSOHIYTA
131,R,7,resale,GN6DCMRRGEYTINZSGU2XYMJZHFSTONZQMI2DK,,,160.0,186.4,GEZTCOSSHI3Q
131,R,8,resale,GN6DCMRRGEYTINZSGU2XYMJZHFSTONZQMI2DK,,,160.0,186.4,GEZTCOSSHI4A
131,R,9,resale,GN6DCMRRGEYTINZSGU2XYMJZHFSTONZQMI2DK,,,160.0,186.4,GEZTCOSSHI4Q
131,R,10,resale,GN6DCMRRGEYTINZSGU2XYMJZHFSTONZQMI2DK,,,160.0,186.4,GEZTCOSSHIYTA
131,U,13,resale,GN6DCMJZG43DMMBUHE3XYMJZHFSTONRYHAZDK,,,159.0,185.24,GEZTCOSVHIYTG
131,U,14,resale,GN6DCMJZG43DMMBUHE3XYMJZHFSTONRYHAZDK,,,159.0,185.24,GEZTCOSVHIYTI
131,U,15,resale,GN6DCMJZG43DMMBUHE3XYMJZHFSTONRYHAZDK,,,159.0,185.24,GEZTCOSVHIYTK
131,W,4,primary,GJ6DCMBQGAYTANBQGAYDAN34GE3TKLRQGB6DGNJOGUYHYMROGUYHYMJTFYYTG7D4PR6A,Verified Buccaneers Ticket,,175.0,226.13,GEZTCOSXHI2A
131,W,5,primary,GJ6DCMBQGAYTANBQGAYDAN34GE3TKLRQGB6DGNJOGUYHYMROGUYHYMJTFYYTG7D4PR6A,Verified Buccaneers Ticket,,175.0,226.13,GEZTCOSXHI2Q
131,WC,5,primary,GJ6DC7BWGM,Verified Buccaneers Ticket,P16,165.0,214.03,GEZTCOSXIM5DK
131,WC,6,primary,GJ6DC7BWGM,Verified Buccaneers Ticket,P16,165.0,214.03,GEZTCOSXIM5DM
131,WC,7,primary,GJ6DC7BWGM,Verified Buccaneers Ticket,P16,165.0,214.03,GEZTCOSXIM5DO
131,WC,8,primary,GJ6DC7BWGM,Verified Buccaneers Ticket,P16,165.0,214.03,GEZTCOSXIM5DQ
131,X,3,primary,GJ6DCMBQGAYTANBQGAYDAN34GE3TKLRQGB6DGNJOGUYHYMROGUYHYMJTFYYTG7D4PR6A,Verified Buccaneers Ticket,,175.0,226.13,GEZTCOSYHIZQ
131,X,4,primary,GJ6DCMBQGAYTANBQGAYDAN34GE3TKLRQGB6DGNJOGUYHYMROGUYHYMJTFYYTG7D4PR6A,Verified Buccaneers Ticket,,175.0,226.13,GEZTCOSYHI2A
131,X,5,primary,GJ6DC7BWGM,Verified Buccaneers Ticket,P16,165.0,214.03,GEZTCOSYHI2Q
131,Y,3,resale,GN6DCMJZG43DMMBUHE2HYMJZHFSTONZTMY4TK,,,166.0,193.39,GEZTCOSZHIZQ
131,Y,4,resale,GN6DCMJZG43DMMBUHE2HYMJZHFSTONZTMY4TK,,,166.0,193.39,GEZTCOSZHI2A
131,Y,5,resale,GN6DCMJZG43DMMBUHE2HYMJZHFSTONZTMY4TK,,,166.0,193.39,GEZTCOSZHI2Q
131,Y,6,resale,GN6DCMJZG43DMMBUHE2HYMJZHFSTONZTMY4TK,,,166.0,193.39,GEZTCOSZHI3A
131,Y,7,resale,GN6DCMJZG43DMMBUHE2HYMJZHFSTONZTMY4TK,,,166.0,193.39,GEZTCOSZHI3Q
131,Y,8,resale,GN6DCMJZG43DMMBUHE2HYMJZHFSTONZTMY4TK,,,166.0,193.39,GEZTCOSZHI4A
131,Y,9,resale,GN6DCMJZG43DMMBUHE2HYMJZHFSTONZTMY4TK,,,166.0,193.39,GEZTCOSZHI4Q
131,Y,10,resale,GN6DCMJZG43DMMBUHE2HYMJZHFSTONZTMY4TK,,,166.0,193.39,GEZTCOSZHIYTA
131,Y,11,resale,GN6DCMJZG43DMMBUHE2HYMJZHFSTONZTMY4TK,,,166.0,193.39,GEZTCOSZHIYTC
131,Y,12,resale,GN6DCMJZG43DMMBUHE2HYMJZHFSTONZTMY4TK,,,166.0,193.39,GEZTCOSZHIYTE
131,Y,13,resale,GN6DCMJZG43DMMBUHE2HYMJZHFSTONZTMY4TK,,,166.0,193.39,GEZTCOSZHIYTG
131,Y,14,resale,GN6DCMJZG43DMMBUHE2HYMJZHFSTONZTMY4TK,,,166.0,193.39,GEZTCOSZHIYTI
132,B,21,resale,GN6DCMRTGUZDANJUGYYHYMJZHEZTCNJTG42DK,,,600.0,699.0,GEZTEOSCHIZDC
132,B,22,resale,GN6DCMRTGUZDANJUGYYHYMJZHEZTCNJTG42DK,,,600.0,699.0,GEZTEOSCHIZDE
132,C,1,resale,GN6DCMRUGIZDIOBZGUYXYMJZHFSWEZRZGEZDK,,,243.0,283.1,GEZTEOSDHIYQ
132,C,2,resale,GN6DCMRUGIZDIOBZGUYXYMJZHFSWEZRZGEZDK,,,243.0,283.1,GEZTEOSDHIZA
132,CC,13,resale,GN6DCMJZG43DMMBUGU3XYMJZHFSTQNZYGQ3TK,,,188.0,219.02,GEZTEOSDIM5DCMY
132,CC,14,resale,GN6DCMJZG43DMMBUGU3XYMJZHFSTQNZYGQ3TK,,,188.0,219.02,GEZTEOSDIM5DCNA
132,CC,15,resale,GN6DCMJZG43DMMBUGU3XYMJZHFSTQNZYGQ3TK,,,188.0,219.02,GEZTEOSDIM5DCNI
132,CC,16,resale,GN6DCMJZG43DMMBUGU3XYMJZHFSTQNZYGQ3TK,,,188.0,219.02,GEZTEOSDIM5DCNQ
132,CC,17,resale,GN6DCMJZG43DMMBUGU3XYMJZHFSTQNZYGQ3TK,,,188.0,219.02,GEZTEOSDIM5DCNY
132,CC,18,resale,GN6DCMJZG43DMMBUGU3XYMJZHFSTQNZYGQ3TK,,,188.0,219.02,GEZTEOSDIM5DCOA
132,CC,19,resale,GN6DCMJZG43DMMBUGU3XYMJZHFSTQNZYGQ3TK,,,188.0,219.02,GEZTEOSDIM5DCOI
132,CC,20,resale,GN6DCMJZG43DMMBUGU3XYMJZHFSTQNZYGQ3TK,,,188.0,219.02,GEZTEOSDIM5DEMA
132,E,11,resale,GN6DCMRUGIZDIOBZGUZXYMJZHFSTSNZYHA3DK,,,216.0,251.64,GEZTEOSFHIYTC
132,E,12,resale,GN6DCMRUGIZDIOBZGUZXYMJZHFSTSNZYHA3DK,,,216.0,251.64,GEZTEOSFHIYTE
132,E,13,resale,GN6DCMRUGIZDIOBZGUZXYMJZHFSTSNZYHA3DK,,,216.0,251.64,GEZTEOSFHIYTG
132,G,9,primary,GJ6DCMBQGAYTANBQGAYDAN34GIZDKLRQGB6DINJOGUYHYMROGUYHYMJWFY4DQ7D4PR6A,Verified Buccaneers Ticket,,225.0,289.88,GEZTEOSHHI4Q
132,G,10,primary,GJ6DCMBQGAYTANBQGAYDAN34GIZDKLRQGB6DINJOGUYHYMROGUYHYMJWFY4DQ7D4PR6A,Verified Buccaneers Ticket,,225.0,289.88,GEZTEOSHHIYTA
132,G,11,resale,GN6DCMRTG43DMNJRHE2HYMJZHFSTQYZQGA2DK,,,212.0,246.98,GEZTEOSHHIYTC
132,G,12,resale,GN6DCMRTG43DMNJRHE2HYMJZHFSTQYZQGA2DK,,,212.0,246.98,GEZTEOSHHIYTE
132,G,13,resale,GN6DCMRTG43DMNJRHE2HYMJZHFSTQYZQGA2DK,,,212.0,246.98,GEZTEOSHHIYTG
132,G,14,resale,GN6DCMRTG43DMNJRHE2HYMJZHFSTQYZQGA2DK,,,212.0,246.98,GEZTEOSHHIYTI
132,G,15,resale,GN6DCMRTG43DMNJRHE2HYMJZHFSTQYZQGA2DK,,,212.0,246.98,GEZTEOSHHIYTK
132,G,16,resale,GN6DCMRTG43DMNJRHE2HYMJZHFSTQYZQGA2DK,,,212.0,246.98,GEZTEOSHHIYTM
132,H,3,primary,GJ6DCMBQGAYTANBQGAYDAN34GIZDKLRQGB6DINJOGUYHYMROGUYHYMJWFY4DQ7D4PR6A,Verified Buccaneers Ticket,,225.0,289.88,GEZTEOSIHIZQ
132,H,4,primary,GJ6DCMBQGAYTANBQGAYDAN34GIZDKLRQGB6DINJOGUYHYMROGUYHYMJWFY4DQ7D4PR6A,Verified Buccaneers Ticket,,225.0,289.88,GEZTEOSIHI2A
132,J,7,resale,GN6DCMRSHAYDINBWGIZHYMJZHEZTCNLDGI4DK,,,351.0,408.92,GEZTEOSKHI3Q
132,J,8,resale,GN6DCMRSHAYDINBWGIZHYMJZHEZTCNLDGI4DK,,,351.0,408.92,GEZTEOSKHI4A
132,J,9,resale,GN6DCMRSHAYDINBWGIZHYMJZHEZTCNLDGI4DK,,,351.0,408.92,GEZTEOSKHI4Q
132,J,10,resale,GN6DCMRSHAYDINBWGIZHYMJZHEZTCNLDGI4DK,,,351.0,408.92,GEZTEOSKHIYTA
132,J,11,resale,GN6DCMRSHAYDINBWGIZHYMJZHEZTCNLDGI4DK,,,351.0,408.92,GEZTEOSKHIYTC
132,J,12,resale,GN6DCMRSHAYDINBWGIZHYMJZHEZTCNLDGI4DK,,,351.0,408.92,GEZTEOSKHIYTE
132,J,13,resale,GN6DCMRSHAYDINBWGIZHYMJZHEZTCNLDGI4DK,,,351.0,408.92,GEZTEOSKHIYTG
132,J,14,resale,GN6DCMRSHAYDINBWGIZHYMJZHEZTCNLDGI4DK,,,351.0,408.92,GEZTEOSKHIYTI
132,J,15,resale,GN6DCMRSHAYDINBWGIZHYMJZHEZTCNLDGI4DK,,,351.0,408.92,GEZTEOSKHIYTK
132,J,16,resale,GN6DCMRSHAYDINBWGIZHYMJZHEZTCNLDGI4DK,,,351.0,408.92,GEZTEOSKHIYTM
132,J,17,resale,GN6DCMRSHAYDINBWGIZHYMJZHEZTCNLDGI4DK,,,351.0,408.92,GEZTEOSKHIYTO
132,J,18,resale,GN6DCMRSHAYDINBWGIZHYMJZHEZTCNLDGI4DK,,,351.0,408.92,GEZTEOSKHIYTQ
132,J,19,resale,GN6DCMRSHAYDINBWGIZHYMJZHEZTCNLDGI4DK,,,351.0,408.92,GEZTEOSKHIYTS
132,J,20,resale,GN6DCMRSHAYDINBWGIZHYMJZHEZTCNLDGI4DK,,,351.0,408.92,GEZTEOSKHIZDA
132,J,21,resale,GN6DCMRSHAYDINBWGIZHYMJZHEZTCNLDGI4DK,,,351.0,408.92,GEZTEOSKHIZDC
132,J,22,resale,GN6DCMRSHAYDINBWGIZHYMJZHEZTCNLDGI4DK,,,351.0,408.92,GEZTEOSKHIZDE
132,K,3,primary,GJ6DC7BWGI,Verified Buccaneers Ticket,P15,205.0,265.23,GEZTEOSLHIZQ
132,K,4,primary,GJ6DC7BWGI,Verified Buccaneers Ticket,P15,205.0,265.23,GEZTEOSLHI2A
132,L,1,resale,GN6DCMRUGYYTQMJSHAYHYMJZHFSGGY3EGNRTK,,,210.0,244.65,GEZTEOSMHIYQ
132,L,2,resale,GN6DCMRUGYYTQMJSHAYHYMJZHFSGGY3EGNRTK,,,210.0,244.65,GEZTEOSMHIZA
132,L,3,resale,GN6DCMRUGYYTQMJSHAYHYMJZHFSGGY3EGNRTK,,,210.0,244.65,GEZTEOSMHIZQ
132,L,4,resale,GN6DCMRUGYYTQMJSHAYHYMJZHFSGGY3EGNRTK,,,210.0,244.65,GEZTEOSMHI2A
132,L,5,resale,GN6DCMRUGYYTQMJSHAYHYMJZHFSGGY3EGNRTK,,,210.0,244.65,GEZTEOSMHI2Q
132,L,6,resale,GN6DCMRUGYYTQMJSHAYHYMJZHFSGGY3EGNRTK,,,210.0,244.65,GEZTEOSMHI3A
132,L,7,resale,GN6DCMRUGYYTQMJSHAYHYMJZHFSGGY3EGNRTK,,,210.0,244.65,GEZTEOSMHI3Q
132,L,8,resale,GN6DCMRUGYYTQMJSHAYHYMJZHFSGGY3EGNRTK,,,210.0,244.65,GEZTEOSMHI4A
132,L,9,resale,GN6DCMRUGYYTQMJSHAYHYMJZHFSGGY3EGNRTK,,,210.0,244.65,GEZTEOSMHI4Q
132,M,1,resale,GN6DCMRVHA3TQOBTGU3XYMJZHFSTAYTFMY3TK,,,181.0,210.87,GEZTEOSNHIYQ
132,M,2,resale,GN6DCMRVHA3TQOBTGU3XYMJZHFSTAYTFMY3TK,,,181.0,210.87,GEZTEOSNHIZA
132,M,3,primary,GJ6DC7BWGI,Verified Buccaneers Ticket,P15,205.0,265.23,GEZTEOSNHIZQ
132,M,4,primary,GJ6DC7BWGI,Verified Buccaneers Ticket,P15,205.0,265.23,GEZTEOSNHI2A
132,N,16,resale,GN6DCMRUGY2DCNJQGM4XYMJZHEZTCNLFMFTDK,,,322.0,375.13,GEZTEOSOHIYTM
132,N,17,resale,GN6DCMRUGY2DCNJQGM4XYMJZHEZTCNLFMFTDK,,,322.0,375.13,GEZTEOSOHIYTO
132,N,18,resale,GN6DCMRUGY2DCNJQGM4XYMJZHEZTCNLFMFTDK,,,322.0,375.13,GEZTEOSOHIYTQ
132,N,19,resale,GN6DCMRUGY2DCNJQGM4XYMJZHEZTCNLFMFTDK,,,322.0,375.13,GEZTEOSOHIYTS
132,N,20,resale,GN6DCMRUGY2DCNJQGM4XYMJZHEZTCNLFMFTDK,,,322.0,375.13,GEZTEOSOHIZDA
132,N,21,resale,GN6DCMRUGY2DCNJQGM4XYMJZHEZTCNLFMFTDK,,,322.0,375.13,GEZTEOSOHIZDC
132,R,1,resale,GN6DCMRVHA4TCMJTGA4XYMJZHFSTQN3GGMZDK,,,200.0,233.0,GEZTEOSSHIYQ
132,R,2,resale,GN6DCMRVHA4TCMJTGA4XYMJZHFSTQN3GGMZDK,,,200.0,233.0,GEZTEOSSHIZA
132,R,3,resale,GN6DCMRVHA4TCMJTGA4XYMJZHFSTQN3GGMZDK,,,200.0,233.0,GEZTEOSSHIZQ
132,R,4,resale,GN6DCMRVHA4TCMJTGA4XYMJZHFSTQN3GGMZDK,,,200.0,233.0,GEZTEOSSHI2A
132,R,5,resale,GN6DCMRVHA4TCMJTGA4XYMJZHFSTQN3GGMZDK,,,200.0,233.0,GEZTEOSSHI2Q
132,R,6,resale,GN6DCMRVHA4TCMJTGA4XYMJZHFSTQN3GGMZDK,,,200.0,233.0,GEZTEOSSHI3A
132,R,7,resale,GN6DCMRVHA4TCMJTGA4XYMJZHFSTQN3GGMZDK,,,200.0,233.0,GEZTEOSSHI3Q
132,R,8,resale,GN6DCMRVHA4TCMJTGA4XYMJZHFSTQN3GGMZDK,,,200.0,233.0,GEZTEOSSHI4A
132,R,9,resale,GN6DCMRVHA4TCMJTGA4XYMJZHFSTQN3GGMZDK,,,200.0,233.0,GEZTEOSSHI4Q
132,R,10,resale,GN6DCMRVHA4TCMJTGA4XYMJZHFSTQN3GGMZDK,,,200.0,233.0,GEZTEOSSHIYTA
132,R,11,resale,GN6DCMRVHA4TCMJTGA4XYMJZHFSTQN3GGMZDK,,,200.0,233.0,GEZTEOSSHIYTC
132,R,12,resale,GN6DCMRVHA4TCMJTGA4XYMJZHFSTQN3GGMZDK,,,200.0,233.0,GEZTEOSSHIYTE
132,R,13,resale,GN6DCMRSGU3DGMBQHE2XYMJZHE4TKMZYGEZDK,,,187.0,217.86,GEZTEOSSHIYTG
132,R,14,resale,GN6DCMRSGU3DGMBQHE2XYMJZHE4TKMZYGEZDK,,,187.0,217.86,GEZTEOSSHIYTI
132,R,15,resale,GN6DCMRSGU3DGMBQHE2XYMJZHE4TKMZYGEZDK,,,187.0,217.86,GEZTEOSSHIYTK
132,R,16,resale,GN6DCMRSGU3DGMBQHE2XYMJZHE4TKMZYGEZDK,,,187.0,217.86,GEZTEOSSHIYTM
132,T,1,primary,GJ6DCMBQGAYTANBQGAYDAN34GIZDALRQGB6DINBOGUYHYMROGUYHYMJWFY2TA7D4PR6A,Verified Buccaneers Ticket,,220.0,283.5,GEZTEOSUHIYQ
132,T,2,primary,GJ6DCMBQGAYTANBQGAYDAN34GIZDALRQGB6DINBOGUYHYMROGUYHYMJWFY2TA7D4PR6A,Verified Buccaneers Ticket,,220.0,283.5,GEZTEOSUHIZA
132,T,3,primary,GJ6DC7BWGI,Verified Buccaneers Ticket,P15,205.0,265.23,GEZTEOSUHIZQ
132,T,4,primary,GJ6DC7BWGI,Verified Buccaneers Ticket,P15,205.0,265.23,GEZTEOSUHI2A
132,V,5,primary,GJ6DC7BWGI,Verified Buccaneers Ticket,P15,205.0,265.23,GEZTEOSWHI2Q
132,V,6,primary,GJ6DC7BWGI,Verified Buccaneers Ticket,P15,205.0,265.23,GEZTEOSWHI3A
132,V,7,resale,GN6DCMRUGY3TEMZXGI4XYMJZHFSTOYZYMNSDK,,,192.0,223.68,GEZTEOSWHI3Q
132,V,8,resale,GN6DCMRUGY3TEMZXGI4XYMJZHFSTOYZYMNSDK,,,192.0,223.68,GEZTEOSWHI4A
132,V,9,resale,GN6DCMRUGY3TEMZXGI4XYMJZHFSTOYZYMNSDK,,,192.0,223.68,GEZTEOSWHI4Q
132,V,10,resale,GN6DCMRUGY3TEMZXGI4XYMJZHFSTOYZYMNSDK,,,192.0,223.68,GEZTEOSWHIYTA
132,V,11,resale,GN6DCMRUGY3TEMZXGI4XYMJZHFSTOYZYMNSDK,,,192.0,223.68,GEZTEOSWHIYTC
132,V,12,resale,GN6DCMRUGY3TEMZXGI4XYMJZHFSTOYZYMNSDK,,,192.0,223.68,GEZTEOSWHIYTE
132,V,13,resale,GN6DCMRUGY3TEMZXGI4XYMJZHFSTOYZYMNSDK,,,192.0,223.68,GEZTEOSWHIYTG
132,V,14,resale,GN6DCMRUGY3TEMZXGI4XYMJZHFSTOYZYMNSDK,,,192.0,223.68,GEZTEOSWHIYTI
132,V,15,resale,GN6DCMRUGY3TEMZXGI4XYMJZHFSTOYZYMNSDK,,,192.0,223.68,GEZTEOSWHIYTK
132,WC,15,primary,GJ6DC7BVGU,Verified Buccaneers Ticket,P8,235.0,303.58,GEZTEOSXIM5DCNI
132,WC,16,primary,GJ6DC7BVGU,Verified Buccaneers Ticket,P8,235.0,303.58,GEZTEOSXIM5DCNQ
133,A,4,resale,GN6DCMRQG4ZTCMBXGIZHYMJZHFQWEY3CGMYDK,,,490.0,570.85,GEZTGOSBHI2A
133,A,5,resale,GN6DCMRQG4ZTCMBXGIZHYMJZHFQWEY3CGMYDK,,,490.0,570.85,GEZTGOSBHI2Q
133,A,17,resale,GN6DCMRTGA4TGMRYG4YHYMJZHEZTCNLBMJRDK,,,1440.0,1677.6,GEZTGOSBHIYTO
133,A,18,resale,GN6DCMRTGA4TGMRYG4YHYMJZHEZTCNLBMJRDK,,,1440.0,1677.6,GEZTGOSBHIYTQ
133,A,23,resale,GN6DCMJZGU2TMOJZGA2XYMJZHEZTCNJTMM4DK,,,1200.0,1398.0,GEZTGOSBHIZDG
133,A,24,resale,GN6DCMJZGU2TMOJZGA2XYMJZHEZTCNJTMM4DK,,,1200.0,1398.0,GEZTGOSBHIZDI
133,C,3,resale,GN6DCMJZGEYDGMZYGYZXYMJZHFSWEZRSG5SDK,,,349.0,406.59,GEZTGOSDHIZQ
133,C,4,resale,GN6DCMJZGEYDGMZYGYZXYMJZHFSWEZRSG5SDK,,,349.0,406.59,GEZTGOSDHI2A
133,CC,13,resale,GN6DCMRWGA2DINJXGU3HYMJZHFSWGYLBMFRTK,,,280.0,326.2,GEZTGOSDIM5DCMY
133,CC,14,resale,GN6DCMRWGA2DINJXGU3HYMJZHFSWGYLBMFRTK,,,280.0,326.2,GEZTGOSDIM5DCNA
133,CC,15,resale,GN6DCMRWGA2DINJXGU3HYMJZHFSWGYLBMFRTK,,,280.0,326.2,GEZTGOSDIM5DCNI
133,CC,16,resale,GN6DCMRWGA2DINJXGU3HYMJZHFSWGYLBMFRTK,,,280.0,326.2,GEZTGOSDIM5DCNQ
133,CC,17,resale,GN6DCMRWGA2DINJXGU3HYMJZHFSWGYLBMFRTK,,,280.0,326.2,GEZTGOSDIM5DCNY
133,CC,18,resale,GN6DCMRWGA2DINJXGU3HYMJZHFSWGYLBMFRTK,,,280.0,326.2,GEZTGOSDIM5DCOA
133,CC,19,resale,GN6DCMRWGA2DINJXGU3HYMJZHFSWGYLBMFRTK,,,280.0,326.2,GEZTGOSDIM5DCOI
133,CC,20,resale,GN6DCMRWGA2DINJXGU3HYMJZHFSWGYLBMFRTK,,,280.0,326.2,GEZTGOSDIM5DEMA
133,CC,21,resale,GN6DCMRWGA2DINJXGU3HYMJZHFSWGYLBMFRTK,,,280.0,326.2,GEZTGOSDIM5DEMI
133,CC,22,resale,GN6DCMRWGA2DINJXGU3HYMJZHFSWGYLBMFRTK,,,280.0,326.2,GEZTGOSDIM5DEMQ
133,E,16,resale,GN6DCMRSGE2DGNJTGM4XYMJZHE4TIZJTGE3DK,,,330.0,384.45,GEZTGOSFHIYTM
133,E,17,resale,GN6DCMRSGE2DGNJTGM4XYMJZHE4TIZJTGE3DK,,,330.0,384.45,GEZTGOSFHIYTO
133,G,1,resale,GN6DCMRTGA4TGMRYG4ZHYMJZHEZTCNJRMQ3DK,,,908.0,1057.82,GEZTGOSHHIYQ
133,G,2,resale,GN6DCMRTGA4TGMRYG4ZHYMJZHEZTCNJRMQ3DK,,,908.0,1057.82,GEZTGOSHHIZA
133,G,12,resale,GN6DCMRUGU2DEOJSGUZHYMJZHFSWEZTBMIYDK,,,310.0,361.15,GEZTGOSHHIYTE
133,G,13,resale,GN6DCMRUGU2DEOJSGUZHYMJZHFSWEZTBMIYDK,,,310.0,361.15,GEZTGOSHHIYTG
133,G,14,resale,GN6DCMRUGU2DEOJSGUZHYMJZHFSWEZTBMIYDK,,,310.0,361.15,GEZTGOSHHIYTI
133,G,15,resale,GN6DCMRUGU2DEOJSGUZHYMJZHFSWEZTBMIYDK,,,310.0,361.15,GEZTGOSHHIYTK
133,J,5,resale,GN6DCMJZGEYDGMZYGE3XYMJZHFSWEZTCGRRTK,,,318.0,370.47,GEZTGOSKHI2Q
133,J,6,resale,GN6DCMJZGEYDGMZYGE3XYMJZHFSWEZTCGRRTK,,,318.0,370.47,GEZTGOSKHI3A
133,J,7,resale,GN6DCMJZGEYDGMZYGE3XYMJZHFSWEZTCGRRTK,,,318.0,370.47,GEZTGOSKHI3Q
133,J,8,resale,GN6DCMJZGEYDGMZYGE3XYMJZHFSWEZTCGRRTK,,,318.0,370.47,GEZTGOSKHI4A
133,J,9,resale,GN6DCMJZGEYDGMZYGE3XYMJZHFSWEZTCGRRTK,,,318.0,370.47,GEZTGOSKHI4Q
133,J,10,resale,GN6DCMJZGEYDGMZYGE3XYMJZHFSWEZTCGRRTK,,,318.0,370.47,GEZTGOSKHIYTA
133,J,11,resale,GN6DCMJZGEYDGMZYGE3XYMJZHFSWEZTCGRRTK,,,318.0,370.47,GEZTGOSKHIYTC
133,J,12,resale,GN6DCMJZGEYDGMZYGE3XYMJZHFSWEZTCGRRTK,,,318.0,370.47,GEZTGOSKHIYTE
133,J,13,resale,GN6DCMJZGEYDGMZYGE3XYMJZHFSWEZTCGRRTK,,,318.0,370.47,GEZTGOSKHIYTG
133,J,14,resale,GN6DCMRVHA2TSNZTGAYHYMJZHFQWINJWMM4DK,,,199.0,231.84,GEZTGOSKHIYTI
133,J,15,resale,GN6DCMRVHA2TSNZTGAYHYMJZHFQWINJWMM4DK,,,199.0,231.84,GEZTGOSKHIYTK
133,L,21,resale,GN6DCMRSHA4DAMJUGA3XYMJZHEZTCNJXMY3TK,,,275.0,320.38,GEZTGOSMHIZDC
133,L,22,resale,GN6DCMRSHA4DAMJUGA3XYMJZHEZTCNJXMY3TK,,,275.0,320.38,GEZTGOSMHIZDE
133,L,23,resale,GN6DCMRSHA4DAMJUGA3XYMJZHEZTCNJXMY3TK,,,275.0,320.38,GEZTGOSMHIZDG
133,L,24,resale,GN6DCMRSHA4DAMJUGA3XYMJZHEZTCNJXMY3TK,,,275.0,320.38,GEZTGOSMHIZDI
133,N,1,resale,GN6DCMRUHE2TKOBUG43XYMJZHEZTCNRRGA4TK,,,425.0,495.13,GEZTGOSOHIYQ
133,N,2,resale,GN6DCMRUHE2TKOBUG43XYMJZHEZTCNRRGA4TK,,,425.0,495.13,GEZTGOSOHIZA
133,N,18,primary,GJ6DC7BWGE,Verified Buccaneers Ticket,P14,230.0,297.2,GEZTGOSOHIYTQ
133,N,19,primary,GJ6DC7BWGE,Verified Buccaneers Ticket,P14,230.0,297.2,GEZTGOSOHIYTS
133,N,20,primary,GJ6DC7BWGE,Verified Buccaneers Ticket,P14,230.0,297.2,GEZTGOSOHIZDA
133,S,15,resale,GN6DCMRUGIZDIOBZGQ4HYMJZHFSTQYTFME2DK,,,290.0,337.85,GEZTGOSTHIYTK
133,S,16,resale,GN6DCMRUGIZDIOBZGQ4HYMJZHFSTQYTFME2DK,,,290.0,337.85,GEZTGOSTHIYTM
133,S,17,resale,GN6DCMRUGIZDIOBZGQ4HYMJZHFSTQYTFME2DK,,,290.0,337.85,GEZTGOSTHIYTO
133,S,18,resale,GN6DCMRUGIZDIOBZGQ4HYMJZHFSTQYTFME2DK,,,290.0,337.85,GEZTGOSTHIYTQ
133,S,19,resale,GN6DCMRUGIZDIOBZGQ4HYMJZHFSTQYTFME2DK,,,290.0,337.85,GEZTGOSTHIYTS
133,S,20,resale,GN6DCMRUGIZDIOBZGQ4HYMJZHFSTQYTFME2DK,,,290.0,337.85,GEZTGOSTHIZDA
133,S,21,resale,GN6DCMRUGIZDIOBZGQ4HYMJZHFSTQYTFME2DK,,,290.0,337.85,GEZTGOSTHIZDC
133,S,22,resale,GN6DCMRUGIZDIOBZGQ4HYMJZHFSTQYTFME2DK,,,290.0,337.85,GEZTGOSTHIZDE
133,U,1,resale,GN6DCMRVHA2DQMZUHEYXYMJZHFSTQYZRGZRDK,,,289.0,336.69,GEZTGOSVHIYQ
133,U,2,resale,GN6DCMRVHA2DQMZUHEYXYMJZHFSTQYZRGZRDK,,,289.0,336.69,GEZTGOSVHIZA
133,U,3,resale,GN6DCMRVHA2DQMZUHEYXYMJZHFSTQYZRGZRDK,,,289.0,336.69,GEZTGOSVHIZQ
133,U,4,resale,GN6DCMRVHA2DQMZUHEYXYMJZHFSTQYZRGZRDK,,,289.0,336.69,GEZTGOSVHI2A
133,U,5,resale,GN6DCMRVHA2DQMZUHEYXYMJZHFSTQYZRGZRDK,,,289.0,336.69,GEZTGOSVHI2Q
133,U,6,resale,GN6DCMRVHA2DQMZUHEYXYMJZHFSTQYZRGZRDK,,,289.0,336.69,GEZTGOSVHI3A
133,U,7,resale,GN6DCMRVHA2DQMZUHEYXYMJZHFSTQYZRGZRDK,,,289.0,336.69,GEZTGOSVHI3Q
133,U,8,resale,GN6DCMRVHA2DQMZUHEYXYMJZHFSTQYZRGZRDK,,,289.0,336.69,GEZTGOSVHI4A
133,U,9,resale,GN6DCMRVHA2DQMZUHEYXYMJZHFSTQYZRGZRDK,,,289.0,336.69,GEZTGOSVHI4Q
133,U,10,resale,GN6DCMRVHA2DQMZUHEYXYMJZHFSTQYZRGZRDK,,,289.0,336.69,GEZTGOSVHIYTA
133,U,11,resale,GN6DCMRVHA2DQMZUHEYXYMJZHFSTQYZRGZRDK,,,289.0,336.69,GEZTGOSVHIYTC
133,U,12,resale,GN6DCMRVHA2DQMZUHEYXYMJZHFSTQYZRGZRDK,,,289.0,336.69,GEZTGOSVHIYTE
133,U,23,resale,GN6DCMRTGYYTOOBVGQZXYMJZHEZTCNJUMRRTK,,,400.0,466.0,GEZTGOSVHIZDG
133,U,24,resale,GN6DCMRTGYYTOOBVGQZXYMJZHEZTCNJUMRRTK,,,400.0,466.0,GEZTGOSVHIZDI
134,BB,3,primary,GJ6DCMBQGAYTANBQGAYDAN34GMYDKLRQGB6DMMJOGUYHYMROGUYHYMRSFY4DQ7D4PR6A,Verified Buccaneers Ticket,,305.0,391.88,GEZTIOSCII5DG
134,BB,4,primary,GJ6DCMBQGAYTANBQGAYDAN34GMYDKLRQGB6DMMJOGUYHYMROGUYHYMRSFY4DQ7D4PR6A,Verified Buccaneers Ticket,,305.0,391.88,GEZTIOSCII5DI
134,BB,5,primary,GJ6DCMBQGAYTANBQGAYDAN34GI3TKLRQGB6DKNJOGUYHYMROGUYHYMRQFY3DG7D4PR6A,Verified Buccaneers Ticket,,275.0,353.63,GEZTIOSCII5DK
134,BB,6,primary,GJ6DCMBQGAYTANBQGAYDAN34GI3TKLRQGB6DKNJOGUYHYMROGUYHYMRQFY3DG7D4PR6A,Verified Buccaneers Ticket,,275.0,353.63,GEZTIOSCII5DM
134,D,7,resale,GN6DCMRUGIZDIOJQGE3XYMJZHFSWEZRSHA4DK,,,476.0,554.54,GEZTIOSEHI3Q
134,D,8,resale,GN6DCMRUGIZDIOJQGE3XYMJZHFSWEZRSHA4DK,,,476.0,554.54,GEZTIOSEHI4A
134,E,3,resale,GN6DCMJZGIYTOMJQHAZHYMJZHFSWEZRUMEZDK,,,408.0,475.32,GEZTIOSFHIZQ
134,G,11,resale,GN6DCMRQGY2TSNBRGEYHYMJZHFSWEZTDGA3TK,,,415.0,483.48,GEZTIOSHHIYTC
134,G,12,resale,GN6DCMRQGY2TSNBRGEYHYMJZHFSWEZTDGA3TK,,,415.0,483.48,GEZTIOSHHIYTE
134,K,23,resale,GN6DCMRTGMYDONBTGYYHYMJZHEZTCNJUMQ2TK,,,588.0,685.02,GEZTIOSLHIZDG
134,K,24,resale,GN6DCMRTGMYDONBTGYYHYMJZHEZTCNJUMQ2TK,,,588.0,685.02,GEZTIOSLHIZDI
134,L,17,resale,GN6DCMJZGEYDGNJWGY3XYMJZHFSWEZRUGFQTK,,,397.0,462.51,GEZTIOSMHIYTO
134,L,18,resale,GN6DCMJZGEYDGNJWGY3XYMJZHFSWEZRUGFQTK,,,397.0,462.51,GEZTIOSMHIYTQ
134,L,19,resale,GN6DCMJZGEYDGNJWGY3XYMJZHFSWEZRUGFQTK,,,397.0,462.51,GEZTIOSMHIYTS
134,L,20,resale,GN6DCMJZGEYDGNJWGY3XYMJZHFSWEZRUGFQTK,,,397.0,462.51,GEZTIOSMHIZDA
134,M,5,resale,GN6DCMJZGEYDGMZXGIYHYMJZHFSWEZRUMEZTK,,,396.0,461.34,GEZTIOSNHI2Q
134,M,6,resale,GN6DCMJZGEYDGMZXGIYHYMJZHFSWEZRUMEZTK,,,396.0,461.34,GEZTIOSNHI3A
134,M,7,resale,GN6DCMJZGEYDGMZXGIYHYMJZHFSWEZRUMEZTK,,,396.0,461.34,GEZTIOSNHI3Q
134,M,10,resale,GN6DCMRVHAZTSOJRGI3HYMJZHFQTKM3FGNRTK,,,302.0,351.83,GEZTIOSNHIYTA
134,M,11,resale,GN6DCMRVHAZTSOJRGI3HYMJZHFQTKM3FGNRTK,,,302.0,351.83,GEZTIOSNHIYTC
134,M,12,resale,GN6DCMRVHAZTSOJRGI3HYMJZHFQTKM3FGNRTK,,,302.0,351.83,GEZTIOSNHIYTE
134,M,13,resale,GN6DCMRVHAZTSOJRGI3HYMJZHFQTKM3FGNRTK,,,302.0,351.83,GEZTIOSNHIYTG
134,P,21,resale,GN6DCMRSHA3DANBTHA2HYMJZHEZTCNJYMI4DK,,,450.0,524.25,GEZTIOSQHIZDC
134,P,22,resale,GN6DCMRSHA3DANBTHA2HYMJZHEZTCNJYMI4DK,,,450.0,524.25,GEZTIOSQHIZDE
134,P,23,resale,GN6DCMJZGE4TCMBSG42HYMJZHEZTCNJZGMYDK,,,400.0,466.0,GEZTIOSQHIZDG
134,P,24,resale,GN6DCMJZGE4TCMBSG42HYMJZHEZTCNJZGMYDK,,,400.0,466.0,GEZTIOSQHIZDI
134,R,1,resale,GN6DCMJZGMZDENBVGMYHYMJZHFSWEZTBGBRDK,,,387.0,450.86,GEZTIOSSHIYQ
134,R,2,resale,GN6DCMJZGMZDENBVGMYHYMJZHFSWEZTBGBRDK,,,387.0,450.86,GEZTIOSSHIZA
134,T,3,resale,GN6DCMJZHA4TQNRXGY4HYMJZHFSWEZRXMI4TK,,,379.0,441.54,GEZTIOSUHIZQ
134,T,4,resale,GN6DCMJZHA4TQNRXGY4HYMJZHFSWEZRXMI4TK,,,379.0,441.54,GEZTIOSUHI2A
134,WC,13,primary,GJ6DC7BVGU,Verified Buccaneers Ticket,P8,235.0,303.58,GEZTIOSXIM5DCMY
134,WC,16,primary,GJ6DC7BVGU,Verified Buccaneers Ticket,P8,235.0,303.58,GEZTIOSXIM5DCNQ
134,Y,21,resale,GN6DCMRUGA4DSOBQGEYHYMJZHEZTCNJYMNTDK,,,315.0,366.98,GEZTIOSZHIZDC
134,Y,22,resale,GN6DCMRUGA4DSOBQGEYHYMJZHEZTCNJYMNTDK,,,315.0,366.98,GEZTIOSZHIZDE
135,A,5,resale,GN6DCMJZGQYDIMRSGE2HYMJZHEZGEZRYMMYDK,,,1400.0,1631.0,GEZTKOSBHI2Q
135,A,6,resale,GN6DCMJZGQYDIMRSGE2HYMJZHEZGEZRYMMYDK,,,1400.0,1631.0,GEZTKOSBHI3A
135,A,17,resale,GN6DCMRVGU2TMNRTHE3XYMJZHEZGGMBTMFTDK,,,1600.0,1864.0,GEZTKOSBHIYTO
135,A,18,resale,GN6DCMRVGU2TMNRTHE3XYMJZHEZGGMBTMFTDK,,,1600.0,1864.0,GEZTKOSBHIYTQ
135,A,19,resale,GN6DCMRVGU2TMNRTHE3XYMJZHEZGGMBTMFTDK,,,1600.0,1864.0,GEZTKOSBHIYTS
135,A,20,resale,GN6DCMRVGU2TMNRTHE3XYMJZHEZGGMBTMFTDK,,,1600.0,1864.0,GEZTKOSBHIZDA
135,BB,23,resale,GN6DCMRVGEYDMMZSGAZXYMJZHA2TGYRYGY4TK,,,361.0,420.57,GEZTKOSCII5DEMY
135,BB,24,resale,GN6DCMRVGEYDMMZSGAZXYMJZHA2TGYRYGY4TK,,,361.0,420.57,GEZTKOSCII5DENA
135,C,13,resale,GN6DCMJZGQYDQMZQGA4HYMJZHEZTCNJTMM3TK,,,587.0,683.86,GEZTKOSDHIYTG
135,C,14,resale,GN6DCMJZGQYDQMZQGA4HYMJZHEZTCNJTMM3TK,,,587.0,683.86,GEZTKOSDHIYTI
135,C,15,resale,GN6DCMJZGQYDQMZQGA4HYMJZHEZTCNJTMM3TK,,,587.0,683.86,GEZTKOSDHIYTK
135,C,16,resale,GN6DCMJZGQYDQMZQGA4HYMJZHEZTCNJTMM3TK,,,587.0,683.86,GEZTKOSDHIYTM
135,CC,15,resale,GN6DCMJZGEYDGMZXHEZXYMJZHFSWEZRYHE3DK,,,389.0,453.19,GEZTKOSDIM5DCNI
135,CC,16,resale,GN6DCMJZGEYDGMZXHEZXYMJZHFSWEZRYHE3DK,,,389.0,453.19,GEZTKOSDIM5DCNQ
135,F,13,resale,GN6DCMRUGE3TSMRZGMZHYMJZHE4GKMZSGI2TK,,,377.0,439.21,GEZTKOSGHIYTG
135,F,14,resale,GN6DCMRUGE3TSMRZGMZHYMJZHE4GKMZSGI2TK,,,377.0,439.21,GEZTKOSGHIYTI
135,F,15,resale,GN6DCMRVGA4TCMRRGI3XYMJZHA2GIOJRMIYDK,,,499.0,581.34,GEZTKOSGHIYTK
135,F,16,resale,GN6DCMRVGA4TCMRRGI3XYMJZHA2GIOJRMIYDK,,,499.0,581.34,GEZTKOSGHIYTM
135,F,17,resale,GN6DCMRVGA4TCMRRGI3XYMJZHA2GIOJRMIYDK,,,499.0,581.34,GEZTKOSGHIYTO
135,F,18,resale,GN6DCMRUHE2TENJTG4ZXYMJZHEZTCNRQGQ2TK,,,500.0,582.5,GEZTKOSGHIYTQ
135,F,19,resale,GN6DCMRUHE2TENJTG4ZXYMJZHEZTCNRQGQ2TK,,,500.0,582.5,GEZTKOSGHIYTS
135,F,20,resale,GN6DCMRUHE2TENJTG4ZXYMJZHEZTCNRQGQ2TK,,,500.0,582.5,GEZTKOSGHIZDA
135,G,5,resale,GN6DCMRUGE3TSMRZGMZXYMJZHE4GKMZVGFRTK,,,372.0,433.38,GEZTKOSHHI2Q
135,G,6,resale,GN6DCMRUGE3TSMRZGMZXYMJZHE4GKMZVGFRTK,,,372.0,433.38,GEZTKOSHHI3A
135,H,17,resale,GN6DCMJZGQ3DCOJWG43XYMJZHEZTCNJXGBRTK,,,650.0,757.25,GEZTKOSIHIYTO
135,H,18,resale,GN6DCMJZGQ3DCOJWG43XYMJZHEZTCNJXGBRTK,,,650.0,757.25,GEZTKOSIHIYTQ
135,L,18,resale,GN6DCMRVGY3TONBSGQZHYMJZHFSDMOJUMQ4DK,,,297.0,346.01,GEZTKOSMHIYTQ
135,L,19,resale,GN6DCMRVGY3TONBSGQZHYMJZHFSDMOJUMQ4DK,,,297.0,346.01,GEZTKOSMHIYTS
135,L,20,resale,GN6DCMRVGY3TONBSGQZHYMJZHFSDMOJUMQ4DK,,,297.0,346.01,GEZTKOSMHIZDA
135,L,21,resale,GN6DCMRVGY3TONBSGQZHYMJZHFSDMOJUMQ4DK,,,297.0,346.01,GEZTKOSMHIZDC
135,N,19,resale,GN6DCMRTGY3TMMBSHE2XYMJZHFQTAMLDG5SDK,,,364.0,424.06,GEZTKOSOHIYTS
135,N,20,resale,GN6DCMRTGY3TMMBSHE2XYMJZHFQTAMLDG5SDK,,,364.0,424.06,GEZTKOSOHIZDA
135,N,21,primary,GJ6DCMBQGAYTANBQGAYDAN34GQZDKLRQGB6DQNJOGUYHYMROGUYHYMZRFY4DQ7D4PR6A,Verified Buccaneers Ticket,,425.0,544.88,GEZTKOSOHIZDC
135,N,22,primary,GJ6DCMBQGAYTANBQGAYDAN34GQZDKLRQGB6DQNJOGUYHYMROGUYHYMZRFY4DQ7D4PR6A,Verified Buccaneers Ticket,,425.0,544.88,GEZTKOSOHIZDE
135,S,6,resale,GN6DCMRTGE4TOOBQGIZHYMJZHEZTCNJZMZRDK,,,795.0,926.18,GEZTKOSTHI3A
135,S,7,resale,GN6DCMRTGE4TOOBQGIZHYMJZHEZTCNJZMZRDK,,,795.0,926.18,GEZTKOSTHI3Q
135,X,21,resale,GN6DCMRUGU2DEOJSGQ4XYMJZHFSWEZRTMU2TK,,,423.0,492.8,GEZTKOSYHIZDC
135,X,22,resale,GN6DCMRUGU2DEOJSGQ4XYMJZHFSWEZRTMU2TK,,,423.0,492.8,GEZTKOSYHIZDE
135,Y,15,resale,GN6DCMJZGYZTMNBZGI2HYMJZHFSWEZTCMY3TK,,,418.0,486.97,GEZTKOSZHIYTK
135,Y,16,resale,GN6DCMJZGYZTMNBZGI2HYMJZHFSWEZTCMY3TK,,,418.0,486.97,GEZTKOSZHIYTM
135,Y,17,resale,GN6DCMJZGYZTMNBZGI2HYMJZHFSWEZTCMY3TK,,,418.0,486.97,GEZTKOSZHIYTO
135,Y,18,resale,GN6DCMJZGYZTMNBZGI2HYMJZHFSWEZTCMY3TK,,,418.0,486.97,GEZTKOSZHIYTQ
136,A,7,resale,GN6DCMJZG43TEMJSG42XYMJZHEZTCNJWGU4DK,,,1550.0,1805.75,GEZTMOSBHI3Q
136,A,8,resale,GN6DCMJZG43TEMJSG42XYMJZHEZTCNJWGU4DK,,,1550.0,1805.75,GEZTMOSBHI4A
136,A,11,resale,GN6DCMJZGU2TMOJZGA3HYMJZHEZTCNJRGA3TK,,,1800.0,2097.0,GEZTMOSBHIYTC
136,A,12,resale,GN6DCMJZGU2TMOJZGA3HYMJZHEZTCNJRGA3TK,,,1800.0,2097.0,GEZTMOSBHIYTE
136,B,7,resale,GN6DCMJZG43TEMJSG43HYMJZHEZTCNJQGYZDK,,,1328.0,1547.12,GEZTMOSCHI3Q
136,B,8,resale,GN6DCMJZG43TEMJSG43HYMJZHEZTCNJQGYZDK,,,1328.0,1547.12,GEZTMOSCHI4A
136,BB,17,primary,GJ6DCMBQGAYTANBQGAYDAN34GM4DALRQGB6DONROGUYHYMROGUYHYMRYFY2TA7D4PR6A,Verified Buccaneers Ticket,,380.0,487.5,GEZTMOSCII5DCNY
136,BB,18,primary,GJ6DCMBQGAYTANBQGAYDAN34GM4DALRQGB6DONROGUYHYMROGUYHYMRYFY2TA7D4PR6A,Verified Buccaneers Ticket,,380.0,487.5,GEZTMOSCII5DCOA
136,BB,19,primary,GJ6DCMBQGAYTANBQGAYDAN34GM4DALRQGB6DONROGUYHYMROGUYHYMRYFY2TA7D4PR6A,Verified Buccaneers Ticket,,380.0,487.5,GEZTMOSCII5DCOI
136,BB,20,primary,GJ6DCMBQGAYTANBQGAYDAN34GM4DALRQGB6DONROGUYHYMROGUYHYMRYFY2TA7D4PR6A,Verified Buccaneers Ticket,,380.0,487.5,GEZTMOSCII5DEMA
136,C,9,resale,GN6DCMJZGE3DMOJTGUYXYMJZHEZTCNJTGJSTK,,,1200.0,1398.0,GEZTMOSDHI4Q
136,C,10,resale,GN6DCMJZGE3DMOJTGUYXYMJZHEZTCNJTGJSTK,,,1200.0,1398.0,GEZTMOSDHIYTA
136,C,20,resale,GN6DCMRTHE3TCNRUHAZHYMJZHEZTCNJXGQ3TK,,,1200.0,1398.0,GEZTMOSDHIZDA
136,C,21,resale,GN6DCMRTHE3TCNRUHAZHYMJZHEZTCNJXGQ3TK,,,1200.0,1398.0,GEZTMOSDHIZDC
136,CC,5,resale,GN6DCMRUGE3TSMRZGQZXYMJZHFSWEZRXMM2TK,,,385.0,448.53,GEZTMOSDIM5DK
136,CC,6,resale,GN6DCMRUGE3TSMRZGQZXYMJZHFSWEZRXMM2TK,,,385.0,448.53,GEZTMOSDIM5DM
136,E,9,resale,GN6DCMRVGYZTQMJZHA3XYMJZHE2TKMBUGVQTK,,,400.0,466.0,GEZTMOSFHI4Q
136,E,10,resale,GN6DCMRVGYZTQMJZHA3XYMJZHE2TKMBUGVQTK,,,400.0,466.0,GEZTMOSFHIYTA
136,H,1,resale,GN6DCMRSGY3TAMZSGYZXYMJZHEZTCNJRMNSDK,,,525.0,611.63,GEZTMOSIHIYQ
136,H,2,resale,GN6DCMRSGY3TAMZSGYZXYMJZHEZTCNJRMNSDK,,,525.0,611.63,GEZTMOSIHIZA
136,P,11,resale,GN6DCMRUGAZDSMBSHE2XYMJZHEZTCNJYMM2TK,,,375.0,436.88,GEZTMOSQHIYTC
136,P,12,resale,GN6DCMRUGAZDSMBSHE2XYMJZHEZTCNJYMM2TK,,,375.0,436.88,GEZTMOSQHIYTE
136,T,23,resale,GN6DCMJZGE3DEMJZGY2XYMJZHFSWEZRVMFSDK,,,436.0,507.94,GEZTMOSUHIZDG
136,T,24,resale,GN6DCMJZGE3DEMJZGY2XYMJZHFSWEZRVMFSDK,,,436.0,507.94,GEZTMOSUHIZDI
136,U,23,resale,GN6DCMRRGIYDSNRRGYYXYMJZHFSWEZRXMIZDK,,,428.0,498.62,GEZTMOSVHIZDG
136,U,24,resale,GN6DCMRRGIYDSNRRGYYXYMJZHFSWEZRXMIZDK,,,428.0,498.62,GEZTMOSVHIZDI
136,V,1,resale,GN6DCMRVGE3TEMRSG4ZXYMJZHA3TINDFGBTDK,,,390.0,454.35,GEZTMOSWHIYQ
136,V,2,resale,GN6DCMRVGE3TEMRSG4ZXYMJZHA3TINDFGBTDK,,,390.0,454.35,GEZTMOSWHIZA
136,W,7,resale,GN6DCMJZGMYTONJXG43XYMJZHFSWEZRQMY4TK,,,426.0,496.29,GEZTMOSXHI3Q
136,W,8,resale,GN6DCMJZGMYTONJXG43XYMJZHFSWEZRQMY4TK,,,426.0,496.29,GEZTMOSXHI4A
136,W,9,resale,GN6DCMJZGMYTONJXG43XYMJZHFSWEZRQMY4TK,,,426.0,496.29,GEZTMOSXHI4Q
136,WC,13,primary,GJ6DC7BWGA,Verified Buccaneers Ticket,P13,290.0,373.9,GEZTMOSXIM5DCMY
136,WC,14,primary,GJ6DC7BWGA,Verified Buccaneers Ticket,P13,290.0,373.9,GEZTMOSXIM5DCNA
136,Z,22,resale,GN6DCMJZG42TIOJRHAYHYMJZHFSWEZTBMFSDK,,,421.0,490.47,GEZTMOS2HIZDE
136,Z,23,resale,GN6DCMJZG42TIOJRHAYHYMJZHFSWEZTBMFSDK,,,421.0,490.47,GEZTMOS2HIZDG
136,Z,24,resale,GN6DCMJZG42TIOJRHAYHYMJZHFSWEZTBMFSDK,,,421.0,490.47,GEZTMOS2HIZDI
137,AA,17,resale,GN6DCMJZG42TIOJSGAZHYMJZHFSWEZRZGRRDK,,,345.0,401.93,GEZTOOSBIE5DCNY
137,AA,18,resale,GN6DCMJZG42TIOJSGAZHYMJZHFSWEZRZGRRDK,,,345.0,401.93,GEZTOOSBIE5DCOA
137,AA,19,resale,GN6DCMJZG42TIOJSGAZHYMJZHFSWEZRZGRRDK,,,345.0,401.93,GEZTOOSBIE5DCOI
137,AA,20,resale,GN6DCMJZG42TIOJSGAZHYMJZHFSWEZRZGRRDK,,,345.0,401.93,GEZTOOSBIE5DEMA
137,C,3,resale,GN6DCMRSGY3TAMJRGM3XYMJZHEZTCNJXMY2TK,,,600.0,699.0,GEZTOOSDHIZQ
137,C,4,resale,GN6DCMRSGY3TAMJRGM3XYMJZHEZTCNJXMY2TK,,,600.0,699.0,GEZTOOSDHI2A
137,C,19,resale,GN6DCMJZGI3DSMJVG4ZHYMJZHFSWEZTCGMYDK,,,506.0,589.49,GEZTOOSDHIYTS
137,C,20,resale,GN6DCMJZGI3DSMJVG4ZHYMJZHFSWEZTCGMYDK,,,506.0,589.49,GEZTOOSDHIZDA
137,CC,3,resale,GN6DCMRUGQ3TAMZQGEYXYMJZHEZTCNJYMU3TK,,,400.0,466.0,GEZTOOSDIM5DG
137,CC,4,resale,GN6DCMRUGQ3TAMZQGEYXYMJZHEZTCNJYMU3TK,,,400.0,466.0,GEZTOOSDIM5DI
137,D,9,resale,GN6DCMJZGEYDGMZWGU3HYMJZHFSWEZTBG42TK,,,473.0,551.05,GEZTOOSEHI4Q
137,D,10,resale,GN6DCMJZGEYDGMZWGU3HYMJZHFSWEZTBG42TK,,,473.0,551.05,GEZTOOSEHIYTA
137,D,11,resale,GN6DCMJZGEYDGMZWGU3HYMJZHFSWEZTBG42TK,,,473.0,551.05,GEZTOOSEHIYTC
137,E,5,resale,GN6DCMRUGE3TSMRZGM4HYMJZHFSWEZRYGY3DK,,,428.0,498.62,GEZTOOSFHI2Q
137,E,6,resale,GN6DCMRUGE3TSMRZGM4HYMJZHFSWEZRYGY3DK,,,428.0,498.62,GEZTOOSFHI3A
137,E,7,resale,GN6DCMRUGE3TSMRZGM4HYMJZHFSWEZRYGY3DK,,,428.0,498.62,GEZTOOSFHI3Q
137,E,8,resale,GN6DCMRUGE3TSMRZGM4HYMJZHFSWEZRYGY3DK,,,428.0,498.62,GEZTOOSFHI4A
137,H,1,resale,GN6DCMRTHEYDENBWGQ2HYMJZHEZTCNJYMMZTK,,,394.0,459.01,GEZTOOSIHIYQ
137,H,2,resale,GN6DCMRTHEYDENBWGQ2HYMJZHEZTCNJYMMZTK,,,394.0,459.01,GEZTOOSIHIZA
137,H,3,resale,GN6DCMRTHEYDENBWGQ2HYMJZHEZTCNJYMMZTK,,,394.0,459.01,GEZTOOSIHIZQ
137,H,4,resale,GN6DCMRTHEYDENBWGQ2HYMJZHEZTCNJYMMZTK,,,394.0,459.01,GEZTOOSIHI2A
137,J,1,resale,GN6DCMRTHEYDENBWGQ3XYMJZHEZTCNJZG42DK,,,394.0,459.01,GEZTOOSKHIYQ
137,J,2,resale,GN6DCMRTHEYDENBWGQ3XYMJZHEZTCNJZG42DK,,,394.0,459.01,GEZTOOSKHIZA
137,J,3,resale,GN6DCMRTHEYDENBWGQ3XYMJZHEZTCNJZG42DK,,,394.0,459.01,GEZTOOSKHIZQ
137,J,4,resale,GN6DCMRTHEYDENBWGQ3XYMJZHEZTCNJZG42DK,,,394.0,459.01,GEZTOOSKHI2A
137,K,11,resale,GN6DCMRRGYYTEOBSGUZHYMJZHFSWEZTDGA2DK,,,397.0,462.51,GEZTOOSLHIYTC
137,K,12,resale,GN6DCMRRGYYTEOBSGUZHYMJZHFSWEZTDGA2DK,,,397.0,462.51,GEZTOOSLHIYTE
137,K,13,resale,GN6DCMRRGYYTEOBSGUZHYMJZHFSWEZTDGA2DK,,,397.0,462.51,GEZTOOSLHIYTG
137,K,14,resale,GN6DCMRRGYYTEOBSGUZHYMJZHFSWEZTDGA2DK,,,397.0,462.51,GEZTOOSLHIYTI
137,K,15,resale,GN6DCMRRGYYTEOBSGUZHYMJZHFSWEZTDGA2DK,,,397.0,462.51,GEZTOOSLHIYTK
137,K,16,resale,GN6DCMRRGYYTEOBSGUZHYMJZHFSWEZTDGA2DK,,,397.0,462.51,GEZTOOSLHIYTM
137,M,18,resale,GN6DCMRRGYZDGNBSGIYHYMJZHFSWGMBQMEYDK,,,391.0,455.52,GEZTOOSNHIYTQ
137,M,19,resale,GN6DCMRRGYZDGNBSGIYHYMJZHFSWGMBQMEYDK,,,391.0,455.52,GEZTOOSNHIYTS
137,M,20,resale,GN6DCMRRGYZDGNBSGIYHYMJZHFSWGMBQMEYDK,,,391.0,455.52,GEZTOOSNHIZDA
137,N,1,resale,GN6DCMRVG42DEMBSGI4HYMJZHE4DIMTGG5SDK,,,580.0,675.7,GEZTOOSOHIYQ
137,N,2,resale,GN6DCMRVG42DEMBSGI4HYMJZHE4DIMTGG5SDK,,,580.0,675.7,GEZTOOSOHIZA
137,R,5,resale,GN6DCMJZGEYDGMZVHE2HYMJZHFSWEZRUGFSDK,,,384.0,447.36,GEZTOOSSHI2Q
137,R,6,resale,GN6DCMJZGEYDGMZVHE2HYMJZHFSWEZRUGFSDK,,,384.0,447.36,GEZTOOSSHI3A
137,R,7,resale,GN6DCMJZGEYDGMZVHE2HYMJZHFSWEZRUGFSDK,,,384.0,447.36,GEZTOOSSHI3Q
137,R,8,resale,GN6DCMJZGEYDGMZVHE2HYMJZHFSWEZRUGFSDK,,,384.0,447.36,GEZTOOSSHI4A
137,R,21,primary,GJ6DCMBQGAYTANBQGAYDAN34GI3TKLRQGB6DKNJOGUYHYMROGUYHYMRQFY3DG7D4PR6A,Verified Buccaneers Ticket,,275.0,353.63,GEZTOOSSHIZDC
137,R,22,primary,GJ6DCMBQGAYTANBQGAYDAN34GI3TKLRQGB6DKNJOGUYHYMROGUYHYMRQFY3DG7D4PR6A,Verified Buccaneers Ticket,,275.0,353.63,GEZTOOSSHIZDE
137,W,18,resale,GN6DCMJZGEYDGMZZGI2HYMJZHFSWEZRSHAYTK,,,351.0,408.92,GEZTOOSXHIYTQ
137,W,19,resale,GN6DCMJZGEYDGMZZGI2HYMJZHFSWEZRSHAYTK,,,351.0,408.92,GEZTOOSXHIYTS
137,W,20,resale,GN6DCMJZGEYDGMZZGI2HYMJZHFSWEZRSHAYTK,,,351.0,408.92,GEZTOOSXHIZDA
137,W,21,resale,GN6DCMJZGEYDGMZZGI2HYMJZHFSWEZRSHAYTK,,,351.0,408.92,GEZTOOSXHIZDC
137,W,22,resale,GN6DCMJZGEYDGMZZGI2HYMJZHFSWEZRSHAYTK,,,351.0,408.92,GEZTOOSXHIZDE
137,WC,10,resale,GN6DCMRVGQ2DKMBSHE2HYMJZHBTDEMJUGI2TK,,,392.0,456.68,GEZTOOSXIM5DCMA
137,WC,11,resale,GN6DCMRVGQ2DKMBSHE2HYMJZHBTDEMJUGI2TK,,,392.0,456.68,GEZTOOSXIM5DCMI
137,WC,12,resale,GN6DCMRVGQ2DKMBSHE2HYMJZHBTDEMJUGI2TK,,,392.0,456.68,GEZTOOSXIM5DCMQ
138,AA,3,resale,GN6DCMRVHE4TMNBSGQ3XYMJZHFSTQYZTG5RDK,,,278.0,323.87,GEZTQOSBIE5DG
138,AA,4,resale,GN6DCMRVHE4TMNBSGQ3XYMJZHFSTQYZTG5RDK,,,278.0,323.87,GEZTQOSBIE5DI
138,AA,5,resale,GN6DCMRVHE4TMNBSGQ3XYMJZHFSTQYZTG5RDK,,,278.0,323.87,GEZTQOSBIE5DK
138,AA,6,resale,GN6DCMRVHE4TMNBSGQ3XYMJZHFSTQYZTG5RDK,,,278.0,323.87,GEZTQOSBIE5DM
138,AA,7,resale,GN6DCMRVHE4TMNBSGQ3XYMJZHFSTQYZTG5RDK,,,278.0,323.87,GEZTQOSBIE5DO
138,AA,8,resale,GN6DCMRVHE4TMNBSGQ3XYMJZHFSTQYZTG5RDK,,,278.0,323.87,GEZTQOSBIE5DQ
138,AA,9,resale,GN6DCMRVHE4TMNBSGQ3XYMJZHFSTQYZTG5RDK,,,278.0,323.87,GEZTQOSBIE5DS
138,AA,10,resale,GN6DCMRVHE4TMNBSGQ3XYMJZHFSTQYZTG5RDK,,,278.0,323.87,GEZTQOSBIE5DCMA
138,AA,11,resale,GN6DCMRVHE4TMNBSGQ3XYMJZHFSTQYZTG5RDK,,,278.0,323.87,GEZTQOSBIE5DCMI
138,AA,12,resale,GN6DCMRVHE4TMNBSGQ3XYMJZHFSTQYZTG5RDK,,,278.0,323.87,GEZTQOSBIE5DCMQ
138,AA,21,primary,GJ6DC7BWGE,Verified Buccaneers Ticket,P14,230.0,297.2,GEZTQOSBIE5DEMI
138,AA,22,primary,GJ6DC7BWGE,Verified Buccaneers Ticket,P14,230.0,297.2,GEZTQOSBIE5DEMQ
138,C,7,resale,GN6DCMRTHAZDCMZVGYZXYMJZHEZTCNJUMRSDK,,,1376.0,1603.04,GEZTQOSDHI3Q
138,C,8,resale,GN6DCMRTHAZDCMZVGYZXYMJZHEZTCNJUMRSDK,,,1376.0,1603.04,GEZTQOSDHI4A
138,C,9,resale,GN6DCMRTHAZDCMZVGYZXYMJZHEZTCNJUMRSDK,,,1376.0,1603.04,GEZTQOSDHI4Q
138,C,10,resale,GN6DCMRTHAZDCMZVGYZXYMJZHEZTCNJUMRSDK,,,1376.0,1603.04,GEZTQOSDHIYTA
138,C,23,resale,GN6DCMJZHEYDIOBZHEZHYMJZHFSWEZRRMEZDK,,,357.0,415.91,GEZTQOSDHIZDG
138,C,24,resale,GN6DCMJZHEYDIOBZHEZHYMJZHFSWEZRRMEZDK,,,357.0,415.91,GEZTQOSDHIZDI
138,CC,10,resale,GN6DCMRVGQZTCOBQGAYXYMJZHFSTSNZZMUZDK,,,263.0,306.4,GEZTQOSDIM5DCMA
138,CC,11,resale,GN6DCMRVGQZTCOBQGAYXYMJZHFSTSNZZMUZDK,,,263.0,306.4,GEZTQOSDIM5DCMI
138,CC,12,resale,GN6DCMRVGQZTCOBQGAYXYMJZHFSTSNZZMUZDK,,,263.0,306.4,GEZTQOSDIM5DCMQ
138,CC,13,resale,GN6DCMRVGQZTCOBQGAYXYMJZHFSTSNZZMUZDK,,,263.0,306.4,GEZTQOSDIM5DCMY
138,CC,14,resale,GN6DCMRVGQZTCOBQGAYXYMJZHFSTSNZZMUZDK,,,263.0,306.4,GEZTQOSDIM5DCNA
138,CC,15,resale,GN6DCMRVGQZTCOBQGAYXYMJZHFSTSNZZMUZDK,,,263.0,306.4,GEZTQOSDIM5DCNI
138,D,19,resale,GN6DCMJZGIZDANZYGQ3XYMJZHFSWEZRTGI4TK,,,319.0,371.64,GEZTQOSEHIYTS
138,D,20,resale,GN6DCMJZGIZDANZYGQ3XYMJZHFSWEZRTGI4TK,,,319.0,371.64,GEZTQOSEHIZDA
138,D,21,resale,GN6DCMJZGIZDANZYGQ3XYMJZHFSWEZRTGI4TK,,,319.0,371.64,GEZTQOSEHIZDC
138,D,22,resale,GN6DCMJZGIZDANZYGQ3XYMJZHFSWEZRTGI4TK,,,319.0,371.64,GEZTQOSEHIZDE
138,E,5,resale,GN6DCMJZGEYDGNZUHE3HYMJZHFSWEZRUMI4DK,,,301.0,350.67,GEZTQOSFHI2Q
138,E,20,resale,GN6DCMRTG4YTAMRZGQ4XYMJZHEZTCNJXGQZDK,,,300.0,349.5,GEZTQOSFHIZDA
138,E,21,resale,GN6DCMRTG4YTAMRZGQ4XYMJZHEZTCNJXGQZDK,,,300.0,349.5,GEZTQOSFHIZDC
138,F,5,resale,GN6DCMRTGMYTCMRUGQ2XYMJZHEZTCNJTG4YTK,,,290.0,337.85,GEZTQOSGHI2Q
138,F,6,resale,GN6DCMRTGMYTCMRUGQ2XYMJZHEZTCNJTG4YTK,,,290.0,337.85,GEZTQOSGHI3A
138,G,1,resale,GN6DCMRVGA4TMOJZGI4HYMJZHA2GMZBSGYYDK,,,320.0,372.8,GEZTQOSHHIYQ
138,G,2,resale,GN6DCMRVGA4TMOJZGI4HYMJZHA2GMZBSGYYDK,,,320.0,372.8,GEZTQOSHHIZA
138,G,3,resale,GN6DCMRTGMYTCMRUGQ4HYMJZHEZTCNJRGJSTK,,,290.0,337.85,GEZTQOSHHIZQ
138,G,4,resale,GN6DCMRTGMYTCMRUGQ4HYMJZHEZTCNJRGJSTK,,,290.0,337.85,GEZTQOSHHI2A
138,H,3,resale,GN6DCMRVGE4DMOBVGM4XYMJZHA3WGZJYHAZTK,,,307.0,357.66,GEZTQOSIHIZQ
138,H,4,resale,GN6DCMRVGE4DMOBVGM4XYMJZHA3WGZJYHAZTK,,,307.0,357.66,GEZTQOSIHI2A
138,J,17,resale,GN6DCMRVG4ZTONRYGA2XYMJZHFSWEZRTMZSDK,,,301.0,350.67,GEZTQOSKHIYTO
138,J,18,resale,GN6DCMRVG4ZTONRYGA2XYMJZHFSWEZRTMZSDK,,,301.0,350.67,GEZTQOSKHIYTQ
138,J,19,resale,GN6DCMRVG4ZTONRYGA2XYMJZHFSWEZRTMZSDK,,,301.0,350.67,GEZTQOSKHIYTS
138,J,20,resale,GN6DCMRVG4ZTONRYGA2XYMJZHFSWEZRTMZSDK,,,301.0,350.67,GEZTQOSKHIZDA
138,L,4,resale,GN6DCMRUGIZDIOBZGQ3XYMJZHFSWEZRUGFRDK,,,292.0,340.18,GEZTQOSMHI2A
138,L,5,resale,GN6DCMRUGIZDIOBZGQ3XYMJZHFSWEZRUGFRDK,,,292.0,340.18,GEZTQOSMHI2Q
138,L,6,resale,GN6DCMRUGIZDIOBZGQ3XYMJZHFSWEZRUGFRDK,,,292.0,340.18,GEZTQOSMHI3A
138,M,1,resale,GN6DCMRVG4YDEMRUHE3HYMJZHE3TEYJXGVSTK,,,314.0,365.81,GEZTQOSNHIYQ
138,M,2,resale,GN6DCMRVG4YDEMRUHE3HYMJZHE3TEYJXGVSTK,,,314.0,365.81,GEZTQOSNHIZA
138,M,3,resale,GN6DCMRVG4YDEMRUHE3HYMJZHE3TEYJXGVSTK,,,314.0,365.81,GEZTQOSNHIZQ
138,M,4,resale,GN6DCMRVG4YDEMRUHE3HYMJZHE3TEYJXGVSTK,,,314.0,365.81,GEZTQOSNHI2A
138,M,5,resale,GN6DCMRVG4YDEMRUHE3HYMJZHE3TEYJXGVSTK,,,314.0,365.81,GEZTQOSNHI2Q
138,M,6,resale,GN6DCMRVG4YDEMRUHE3HYMJZHE3TEYJXGVSTK,,,314.0,365.81,GEZTQOSNHI3A
138,M,7,resale,GN6DCMJZG42TIOJSGAZXYMJZHFSGGYZSGJQTK,,,289.0,336.69,GEZTQOSNHI3Q
138,M,8,resale,GN6DCMJZG42TIOJSGAZXYMJZHFSGGYZSGJQTK,,,289.0,336.69,GEZTQOSNHI4A
138,M,9,resale,GN6DCMJZG42TIOJSGAZXYMJZHFSGGYZSGJQTK,,,289.0,336.69,GEZTQOSNHI4Q
138,M,10,resale,GN6DCMJZG42TIOJSGAZXYMJZHFSGGYZSGJQTK,,,289.0,336.69,GEZTQOSNHIYTA
138,M,11,resale,GN6DCMJZG42TIOJSGAZXYMJZHFSGGYZSGJQTK,,,289.0,336.69,GEZTQOSNHIYTC
138,M,12,resale,GN6DCMJZG42TIOJSGAZXYMJZHFSGGYZSGJQTK,,,289.0,336.69,GEZTQOSNHIYTE
138,P,1,resale,GN6DCMJZGE2DIOJUGE3XYMJZHEZTCNJYHA3DK,,,299.0,348.34,GEZTQOSQHIYQ
138,P,2,resale,GN6DCMJZGE2DIOJUGE3XYMJZHEZTCNJYHA3DK,,,299.0,348.34,GEZTQOSQHIZA
138,P,5,primary,GJ6DCMBQGAYTANBQGAYDAN34GI2TKLRQGB6DKMJOGUYHYMROGUYHYMJZFYYTG7D4PR6A,Verified Buccaneers Ticket,,255.0,328.13,GEZTQOSQHI2Q
138,P,6,primary,GJ6DCMBQGAYTANBQGAYDAN34GI2TKLRQGB6DKMJOGUYHYMROGUYHYMJZFYYTG7D4PR6A,Verified Buccaneers Ticket,,255.0,328.13,GEZTQOSQHI3A
138,S,11,resale,GN6DCMRUGYZDSNJTGI3XYMJZHFSTQYZVGY2TK,,,286.0,333.19,GEZTQOSTHIYTC
138,S,12,resale,GN6DCMRUGYZDSNJTGI3XYMJZHFSTQYZVGY2TK,,,286.0,333.19,GEZTQOSTHIYTE
138,S,13,resale,GN6DCMRUGYZDSNJTGI3XYMJZHFSTQYZVGY2TK,,,286.0,333.19,GEZTQOSTHIYTG
138,S,14,resale,GN6DCMRUGYZDSNJTGI3XYMJZHFSTQYZVGY2TK,,,286.0,333.19,GEZTQOSTHIYTI
138,S,15,resale,GN6DCMRUGYZDSNJTGI3XYMJZHFSTQYZVGY2TK,,,286.0,333.19,GEZTQOSTHIYTK
138,S,16,resale,GN6DCMRUGYZDSNJTGI3XYMJZHFSTQYZVGY2TK,,,286.0,333.19,GEZTQOSTHIYTM
138,S,17,resale,GN6DCMRUGYZDSNJTGI3XYMJZHFSTQYZVGY2TK,,,286.0,333.19,GEZTQOSTHIYTO
138,S,18,resale,GN6DCMRUGYZDSNJTGI3XYMJZHFSTQYZVGY2TK,,,286.0,333.19,GEZTQOSTHIYTQ
138,S,19,resale,GN6DCMRUGYZDSNJTGI3XYMJZHFSTQYZVGY2TK,,,286.0,333.19,GEZTQOSTHIYTS
138,S,20,resale,GN6DCMRUGYZDSNJTGI3XYMJZHFSTQYZVGY2TK,,,286.0,333.19,GEZTQOSTHIZDA
138,S,21,resale,GN6DCMRUGYZDSNJTGI3XYMJZHFSTQYZVGY2TK,,,286.0,333.19,GEZTQOSTHIZDC
138,S,22,resale,GN6DCMRUGYZDSNJTGI3XYMJZHFSTQYZVGY2TK,,,286.0,333.19,GEZTQOSTHIZDE
138,W,1,resale,GN6DCMRVHE4TMNBSGQ3HYMJZHFSTQYZQMNSTK,,,282.0,328.53,GEZTQOSXHIYQ
138,W,2,resale,GN6DCMRVHE4TMNBSGQ3HYMJZHFSTQYZQMNSTK,,,282.0,328.53,GEZTQOSXHIZA
138,W,3,resale,GN6DCMRVHE4TMNBSGQ3HYMJZHFSTQYZQMNSTK,,,282.0,328.53,GEZTQOSXHIZQ
138,W,4,resale,GN6DCMRVHE4TMNBSGQ3HYMJZHFSTQYZQMNSTK,,,282.0,328.53,GEZTQOSXHI2A
138,W,5,resale,GN6DCMRVHE4TMNBSGQ3HYMJZHFSTQYZQMNSTK,,,282.0,328.53,GEZTQOSXHI2Q
138,W,6,resale,GN6DCMRVHE4TMNBSGQ3HYMJZHFSTQYZQMNSTK,,,282.0,328.53,GEZTQOSXHI3A
138,W,7,resale,GN6DCMRVHE4TMNBSGQ3HYMJZHFSTQYZQMNSTK,,,282.0,328.53,GEZTQOSXHI3Q
138,W,8,resale,GN6DCMRVHE4TMNBSGQ3HYMJZHFSTQYZQMNSTK,,,282.0,328.53,GEZTQOSXHI4A
138,W,9,resale,GN6DCMRVHE4TMNBSGQ3HYMJZHFSTQYZQMNSTK,,,282.0,328.53,GEZTQOSXHI4Q
138,W,10,resale,GN6DCMRVHE4TMNBSGQ3HYMJZHFSTQYZQMNSTK,,,282.0,328.53,GEZTQOSXHIYTA
138,W,11,resale,GN6DCMRVHE4TMNBSGQ3HYMJZHFSTQYZQMNSTK,,,282.0,328.53,GEZTQOSXHIYTC
138,W,12,resale,GN6DCMRVHE4TMNBSGQ3HYMJZHFSTQYZQMNSTK,,,282.0,328.53,GEZTQOSXHIYTE
138,WC,11,primary,GJ6DC7BWGE,Verified Buccaneers Ticket,P14,230.0,297.2,GEZTQOSXIM5DCMI
138,WC,12,primary,GJ6DC7BWGE,Verified Buccaneers Ticket,P14,230.0,297.2,GEZTQOSXIM5DCMQ
138,WC,13,primary,GJ6DC7BWGE,Verified Buccaneers Ticket,P14,230.0,297.2,GEZTQOSXIM5DCMY
138,WC,14,primary,GJ6DC7BWGE,Verified Buccaneers Ticket,P14,230.0,297.2,GEZTQOSXIM5DCNA
138,Y,23,primary,GJ6DCMBQGAYTANBQGAYDAN34GI2DALRQGB6DIOBOGUYHYMROGUYHYMJYFYYDA7D4PR6A,Verified Buccaneers Ticket,,240.0,309.0,GEZTQOSZHIZDG
138,Y,24,primary,GJ6DCMBQGAYTANBQGAYDAN34GI2DALRQGB6DIOBOGUYHYMROGUYHYMJYFYYDA7D4PR6A,Verified Buccaneers Ticket,,240.0,309.0,GEZTQOSZHIZDI
139,A,19,resale,GN6DCMRVGY2TQOJYGMYHYMJZHE3DCODGGY2DK,,,491.0,572.02,GEZTSOSBHIYTS
139,A,20,resale,GN6DCMRVGY2TQOJYGMYHYMJZHE3DCODGGY2DK,,,491.0,572.02,GEZTSOSBHIZDA
139,A,21,resale,GN6DCMRUGE3TSMRZGM4XYMJZHFSWEZRVHE3TK,,,380.0,442.7,GEZTSOSBHIZDC
139,A,22,resale,GN6DCMRUGE3TSMRZGM4XYMJZHFSWEZRVHE3TK,,,380.0,442.7,GEZTSOSBHIZDE
139,A,23,resale,GN6DCMRUGE3TSMRZGM4XYMJZHFSWEZRVHE3TK,,,380.0,442.7,GEZTSOSBHIZDG
139,A,24,resale,GN6DCMRUGE3TSMRZGM4XYMJZHFSWEZRVHE3TK,,,380.0,442.7,GEZTSOSBHIZDI
139,B,7,resale,GN6DCMRVGU3DCNJTGM2XYMJZHEZGKMDEMI3DK,,,800.0,932.0,GEZTSOSCHI3Q
139,B,8,resale,GN6DCMRVGU3DCNJTGM2XYMJZHEZGKMDEMI3DK,,,800.0,932.0,GEZTSOSCHI4A
139,BB,1,primary,GJ6DCMBQGAYTANBQGAYDAN34GIZDALRQGB6DINBOGUYHYMROGUYHYMJWFY2TA7D4PR6A,Verified Buccaneers Ticket,,220.0,283.5,GEZTSOSCII5DC
139,BB,2,primary,GJ6DCMBQGAYTANBQGAYDAN34GIZDALRQGB6DINBOGUYHYMROGUYHYMJWFY2TA7D4PR6A,Verified Buccaneers Ticket,,220.0,283.5,GEZTSOSCII5DE
139,BB,23,primary,GJ6DCMBQGAYTANBQGAYDAN34GIZDALRQGB6DINBOGUYHYMROGUYHYMJWFY2TA7D4PR6A,Verified Buccaneers Ticket,,220.0,283.5,GEZTSOSCII5DEMY
139,BB,24,primary,GJ6DCMBQGAYTANBQGAYDAN34GIZDALRQGB6DINBOGUYHYMROGUYHYMJWFY2TA7D4PR6A,Verified Buccaneers Ticket,,220.0,283.5,GEZTSOSCII5DENA
139,C,3,resale,GN6DCMJZGIZDQMJSGI2HYMJZHEZTCNJXMNQTK,,,275.0,320.38,GEZTSOSDHIZQ
139,C,4,resale,GN6DCMJZGIZDQMJSGI2HYMJZHEZTCNJXMNQTK,,,275.0,320.38,GEZTSOSDHI2A
139,C,10,resale,GN6DCMJZGEYDGMZYGM4XYMJZHFSGGYZUG4YTK,,,234.0,272.61,GEZTSOSDHIYTA
139,C,11,resale,GN6DCMJZGEYDGMZYGM4XYMJZHFSGGYZUG4YTK,,,234.0,272.61,GEZTSOSDHIYTC
139,C,12,resale,GN6DCMJZGEYDGMZYGM4XYMJZHFSGGYZUG4YTK,,,234.0,272.61,GEZTSOSDHIYTE
139,C,13,resale,GN6DCMJZGEYDGMZYGM4XYMJZHFSGGYZUG4YTK,,,234.0,272.61,GEZTSOSDHIYTG
139,C,14,resale,GN6DCMJZGEYDGMZYGM4XYMJZHFSGGYZUG4YTK,,,234.0,272.61,GEZTSOSDHIYTI
139,C,15,resale,GN6DCMJZGEYDGMZYGM4XYMJZHFSGGYZUG4YTK,,,234.0,272.61,GEZTSOSDHIYTK
139,C,16,resale,GN6DCMJZGEYDGMZYGM4XYMJZHFSGGYZUG4YTK,,,234.0,272.61,GEZTSOSDHIYTM
139,CC,23,resale,GN6DCMRWGA2DINJXGU4HYMJZHFSWGYRTMRRDK,,,174.0,202.71,GEZTSOSDIM5DEMY
139,CC,24,resale,GN6DCMRWGA2DINJXGU4HYMJZHFSWGYRTMRRDK,,,174.0,202.71,GEZTSOSDIM5DENA
139,H,15,primary,GJ6DCMBQGAYTANBQGAYDAN34GIZDALRQGB6DINBOGUYHYMROGUYHYMJWFY2TA7D4PR6A,Verified Buccaneers Ticket,,220.0,283.5,GEZTSOSIHIYTK
139,H,16,primary,GJ6DCMBQGAYTANBQGAYDAN34GIZDALRQGB6DINBOGUYHYMROGUYHYMJWFY2TA7D4PR6A,Verified Buccaneers Ticket,,220.0,283.5,GEZTSOSIHIYTM
139,H,17,resale,GN6DCMRWGA2DINRQGE3HYMJZHFSWGYZRMVRTK,,,197.0,229.51,GEZTSOSIHIYTO
139,H,18,resale,GN6DCMRWGA2DINRQGE3HYMJZHFSWGYZRMVRTK,,,197.0,229.51,GEZTSOSIHIYTQ
139,H,19,resale,GN6DCMRWGA2DINRQGE3HYMJZHFSWGYZRMVRTK,,,197.0,229.51,GEZTSOSIHIYTS
139,H,20,resale,GN6DCMRWGA2DINRQGE3HYMJZHFSWGYZRMVRTK,,,197.0,229.51,GEZTSOSIHIZDA
139,H,21,resale,GN6DCMRWGA2DINRQGE3HYMJZHFSWGYZRMVRTK,,,197.0,229.51,GEZTSOSIHIZDC
139,H,22,resale,GN6DCMRWGA2DINRQGE3HYMJZHFSWGYZRMVRTK,,,197.0,229.51,GEZTSOSIHIZDE
139,K,5,primary,GJ6DCMBQGAYTANBQGAYDAN34GIZDKLRQGB6DINJOGUYHYMROGUYHYMJWFY4DQ7D4PR6A,Verified Buccaneers Ticket,,225.0,289.88,GEZTSOSLHI2Q
139,K,6,primary,GJ6DCMBQGAYTANBQGAYDAN34GIZDKLRQGB6DINJOGUYHYMROGUYHYMJWFY4DQ7D4PR6A,Verified Buccaneers Ticket,,225.0,289.88,GEZTSOSLHI3A
139,L,1,primary,GJ6DCMBQGAYTANBQGAYDAN34GIZDALRQGB6DINBOGUYHYMROGUYHYMJWFY2TA7D4PR6A,Verified Buccaneers Ticket,,220.0,283.5,GEZTSOSMHIYQ
139,L,2,primary,GJ6DCMBQGAYTANBQGAYDAN34GIZDALRQGB6DINBOGUYHYMROGUYHYMJWFY2TA7D4PR6A,Verified Buccaneers Ticket,,220.0,283.5,GEZTSOSMHIZA
139,L,11,primary,GJ6DCMBQGAYTANBQGAYDAN34GIYTKLRQGB6DIMZOGUYHYMROGUYHYMJWFYYTG7D4PR6A,Verified Buccaneers Ticket,,215.0,277.13,GEZTSOSMHIYTC
139,L,12,primary,GJ6DCMBQGAYTANBQGAYDAN34GIYTKLRQGB6DIMZOGUYHYMROGUYHYMJWFYYTG7D4PR6A,Verified Buccaneers Ticket,,215.0,277.13,GEZTSOSMHIYTE
139,L,13,resale,GN6DCMRWGA2DINJXGU4XYMJZHFSWGYRSMY4TK,,,193.0,224.85,GEZTSOSMHIYTG
139,L,14,resale,GN6DCMRWGA2DINJXGU4XYMJZHFSWGYRSMY4TK,,,193.0,224.85,GEZTSOSMHIYTI
139,L,15,resale,GN6DCMRWGA2DINJXGU4XYMJZHFSWGYRSMY4TK,,,193.0,224.85,GEZTSOSMHIYTK
139,L,16,resale,GN6DCMRWGA2DINJXGU4XYMJZHFSWGYRSMY4TK,,,193.0,224.85,GEZTSOSMHIYTM
139,L,17,resale,GN6DCMRWGA2DINJXGU4XYMJZHFSWGYRSMY4TK,,,193.0,224.85,GEZTSOSMHIYTO
139,L,18,resale,GN6DCMRWGA2DINJXGU4XYMJZHFSWGYRSMY4TK,,,193.0,224.85,GEZTSOSMHIYTQ
139,L,19,resale,GN6DCMRWGA2DINJXGU4XYMJZHFSWGYRSMY4TK,,,193.0,224.85,GEZTSOSMHIYTS
139,L,20,primary,GJ6DCMBQGAYTANBQGAYDAN34GIYTKLRQGB6DIMZOGUYHYMROGUYHYMJWFYYTG7D4PR6A,Verified Buccaneers Ticket,,215.0,277.13,GEZTSOSMHIZDA
139,L,21,primary,GJ6DCMBQGAYTANBQGAYDAN34GIYTKLRQGB6DIMZOGUYHYMROGUYHYMJWFYYTG7D4PR6A,Verified Buccaneers Ticket,,215.0,277.13,GEZTSOSMHIZDC
139,M,3,primary,GJ6DCMBQGAYTANBQGAYDAN34GIZDKLRQGB6DINJOGUYHYMROGUYHYMJWFY4DQ7D4PR6A,Verified Buccaneers Ticket,,225.0,289.88,GEZTSOSNHIZQ
139,M,4,primary,GJ6DCMBQGAYTANBQGAYDAN34GIZDKLRQGB6DINJOGUYHYMROGUYHYMJWFY4DQ7D4PR6A,Verified Buccaneers Ticket,,225.0,289.88,GEZTSOSNHI2A
139,M,5,primary,GJ6DCMBQGAYTANBQGAYDAN34GIZDKLRQGB6DINJOGUYHYMROGUYHYMJWFY4DQ7D4PR6A,Verified Buccaneers Ticket,,225.0,289.88,GEZTSOSNHI2Q
139,M,6,primary,GJ6DCMBQGAYTANBQGAYDAN34GIZDKLRQGB6DINJOGUYHYMROGUYHYMJWFY4DQ7D4PR6A,Verified Buccaneers Ticket,,225.0,289.88,GEZTSOSNHI3A
139,R,11,resale,GN6DCMRVHA4TCMJTGA3HYMJZHFSTQNZXGRRTK,,,190.0,221.35,GEZTSOSSHIYTC
139,R,12,resale,GN6DCMRVHA4TCMJTGA3HYMJZHFSTQNZXGRRTK,,,190.0,221.35,GEZTSOSSHIYTE
139,R,13,resale,GN6DCMRVHA4TCMJTGA3HYMJZHFSTQNZXGRRTK,,,190.0,221.35,GEZTSOSSHIYTG
139,R,14,resale,GN6DCMRVHA4TCMJTGA3HYMJZHFSTQNZXGRRTK,,,190.0,221.35,GEZTSOSSHIYTI
139,R,15,resale,GN6DCMRVHA4TCMJTGA3HYMJZHFSTQNZXGRRTK,,,190.0,221.35,GEZTSOSSHIYTK
139,R,16,resale,GN6DCMRVHA4TCMJTGA3HYMJZHFSTQNZXGRRTK,,,190.0,221.35,GEZTSOSSHIYTM
139,R,17,resale,GN6DCMRVHA4TCMJTGA3HYMJZHFSTQNZXGRRTK,,,190.0,221.35,GEZTSOSSHIYTO
139,R,18,resale,GN6DCMRVHA4TCMJTGA3HYMJZHFSTQNZXGRRTK,,,190.0,221.35,GEZTSOSSHIYTQ
139,R,19,resale,GN6DCMRVHA4TCMJTGA3HYMJZHFSTQNZXGRRTK,,,190.0,221.35,GEZTSOSSHIYTS
139,R,20,resale,GN6DCMRVHA4TCMJTGA3HYMJZHFSTQNZXGRRTK,,,190.0,221.35,GEZTSOSSHIZDA
139,R,21,resale,GN6DCMRVHA4TCMJTGA3HYMJZHFSTQNZXGRRTK,,,190.0,221.35,GEZTSOSSHIZDC
139,R,22,resale,GN6DCMRVHA4TCMJTGA3HYMJZHFSTQNZXGRRTK,,,190.0,221.35,GEZTSOSSHIZDE
139,S,7,primary,GJ6DC7BWGI,Verified Buccaneers Ticket,P15,205.0,265.23,GEZTSOSTHI3Q
139,S,8,primary,GJ6DC7BWGI,Verified Buccaneers Ticket,P15,205.0,265.23,GEZTSOSTHI4A
139,U,1,resale,GN6DCMRVHA2TIMJSHA3XYMJZHFSTQNZQMNRDK,,,187.0,217.86,GEZTSOSVHIYQ
139,U,2,resale,GN6DCMRVHA2TIMJSHA3XYMJZHFSTQNZQMNRDK,,,187.0,217.86,GEZTSOSVHIZA
139,U,3,resale,GN6DCMRVHA2TIMJSHA3XYMJZHFSTQNZQMNRDK,,,187.0,217.86,GEZTSOSVHIZQ
139,U,4,resale,GN6DCMRVHA2TIMJSHA3XYMJZHFSTQNZQMNRDK,,,187.0,217.86,GEZTSOSVHI2A
139,U,5,resale,GN6DCMRVHA2TIMJSHA3XYMJZHFSTQNZQMNRDK,,,187.0,217.86,GEZTSOSVHI2Q
139,U,6,resale,GN6DCMRVHA2TIMJSHA3XYMJZHFSTQNZQMNRDK,,,187.0,217.86,GEZTSOSVHI3A
139,U,7,resale,GN6DCMRVHA2TIMJSHA3XYMJZHFSTQNZQMNRDK,,,187.0,217.86,GEZTSOSVHI3Q
139,U,8,resale,GN6DCMRVHA2TIMJSHA3XYMJZHFSTQNZQMNRDK,,,187.0,217.86,GEZTSOSVHI4A
139,U,9,resale,GN6DCMRVHA2TIMJSHA3XYMJZHFSTQNZQMNRDK,,,187.0,217.86,GEZTSOSVHI4Q
139,U,10,resale,GN6DCMRVHA2TIMJSHA3XYMJZHFSTQNZQMNRDK,,,187.0,217.86,GEZTSOSVHIYTA
139,U,11,resale,GN6DCMRVHA2TIMJSHA3XYMJZHFSTQNZQMNRDK,,,187.0,217.86,GEZTSOSVHIYTC
139,U,12,resale,GN6DCMRVHA2TIMJSHA3XYMJZHFSTQNZQMNRDK,,,187.0,217.86,GEZTSOSVHIYTE
139,V,13,resale,GN6DCMRVHE4DINZUGMZXYMJZHFSTONTBMFTDK,,,178.0,207.37,GEZTSOSWHIYTG
139,V,14,resale,GN6DCMRVHE4DINZUGMZXYMJZHFSTONTBMFTDK,,,178.0,207.37,GEZTSOSWHIYTI
139,V,15,resale,GN6DCMRVHE4DINZUGMZXYMJZHFSTONTBMFTDK,,,178.0,207.37,GEZTSOSWHIYTK
139,V,16,resale,GN6DCMRVHE4DINZUGMZXYMJZHFSTONTBMFTDK,,,178.0,207.37,GEZTSOSWHIYTM
139,V,17,resale,GN6DCMRVHE4DINZUGMZXYMJZHFSTONTBMFTDK,,,178.0,207.37,GEZTSOSWHIYTO
139,V,18,resale,GN6DCMRVHE4DINZUGMZXYMJZHFSTONTBMFTDK,,,178.0,207.37,GEZTSOSWHIYTQ
139,WC,17,primary,GJ6DC7BWGI,Verified Buccaneers Ticket,P15,205.0,265.23,GEZTSOSXIM5DCNY
139,WC,18,primary,GJ6DC7BWGI,Verified Buccaneers Ticket,P15,205.0,265.23,GEZTSOSXIM5DCOA
139,WC,19,primary,GJ6DC7BWGI,Verified Buccaneers Ticket,P15,205.0,265.23,GEZTSOSXIM5DCOI
139,X,11,resale,GN6DCMRSGYZTIOBVG4ZHYMJZHEZDQNTEGZRTK,,,172.0,200.38,GEZTSOSYHIYTC
139,Z,13,resale,GN6DCMRWGA2DINRQGE2XYMJZHFSWGY3EGVRTK,,,185.0,215.53,GEZTSOS2HIYTG
139,Z,14,resale,GN6DCMRWGA2DINRQGE2XYMJZHFSWGY3EGVRTK,,,185.0,215.53,GEZTSOS2HIYTI
139,Z,15,resale,GN6DCMRWGA2DINRQGE2XYMJZHFSWGY3EGVRTK,,,185.0,215.53,GEZTSOS2HIYTK
139,Z,16,resale,GN6DCMRWGA2DINRQGE2XYMJZHFSWGY3EGVRTK,,,185.0,215.53,GEZTSOS2HIYTM
139,Z,17,resale,GN6DCMRWGA2DINRQGE2XYMJZHFSWGY3EGVRTK,,,185.0,215.53,GEZTSOS2HIYTO
139,Z,18,resale,GN6DCMRWGA2DINRQGE2XYMJZHFSWGY3EGVRTK,,,185.0,215.53,GEZTSOS2HIYTQ
139,Z,19,resale,GN6DCMRWGA2DINRQGE2XYMJZHFSWGY3EGVRTK,,,185.0,215.53,GEZTSOS2HIYTS
139,Z,20,resale,GN6DCMRWGA2DINRQGE2XYMJZHFSWGY3EGVRTK,,,185.0,215.53,GEZTSOS2HIZDA
139,Z,21,resale,GN6DCMRWGA2DINRQGE2XYMJZHFSWGY3EGVRTK,,,185.0,215.53,GEZTSOS2HIZDC
139,Z,22,resale,GN6DCMRWGA2DINRQGE2XYMJZHFSWGY3EGVRTK,,,185.0,215.53,GEZTSOS2HIZDE
139,Z,23,resale,GN6DCMRWGA2DINRQGE2XYMJZHFSWGY3EGVRTK,,,185.0,215.53,GEZTSOS2HIZDG
139,Z,24,resale,GN6DCMRWGA2DINRQGE2XYMJZHFSWGY3EGVRTK,,,185.0,215.53,GEZTSOS2HIZDI
140,AA,1,resale,GN6DCMRVHE3DCNRWGIYXYMJZHFRTSYJVMNRDK,,,218.0,253.97,GE2DAOSBIE5DC
140,AA,2,resale,GN6DCMRVHE3DCNRWGIYXYMJZHFRTSYJVMNRDK,,,218.0,253.97,GE2DAOSBIE5DE
140,AA,3,resale,GN6DCMRVHE3DCNRWGIYXYMJZHFRTSYJVMNRDK,,,218.0,253.97,GE2DAOSBIE5DG
140,AA,4,resale,GN6DCMRVHE3DCNRWGIYXYMJZHFRTSYJVMNRDK,,,218.0,253.97,GE2DAOSBIE5DI
140,BB,15,resale,GN6DCMRVHA4TCMJSGU4HYMJZHFSTONTDGIZDK,,,157.0,182.91,GE2DAOSCII5DCNI
140,BB,16,resale,GN6DCMRVHA4TCMJSGU4HYMJZHFSTONTDGIZDK,,,157.0,182.91,GE2DAOSCII5DCNQ
140,BB,17,resale,GN6DCMRVHA4TCMJSGU4HYMJZHFSTONTDGIZDK,,,157.0,182.91,GE2DAOSCII5DCNY
140,BB,18,resale,GN6DCMRVHA4TCMJSGU4HYMJZHFSTONTDGIZDK,,,157.0,182.91,GE2DAOSCII5DCOA
140,BB,19,resale,GN6DCMRVHA4TCMJSGU4HYMJZHFSTONTDGIZDK,,,157.0,182.91,GE2DAOSCII5DCOI
140,CC,3,resale,GN6DCMRTG43TOMJUGA2XYMJZHEZTCNJRMQYDK,,,210.0,244.65,GE2DAOSDIM5DG
140,CC,4,resale,GN6DCMRTG43TOMJUGA2XYMJZHEZTCNJRMQYDK,,,210.0,244.65,GE2DAOSDIM5DI
140,CC,7,resale,GN6DCMRVGY4DMNJTHA3HYMJZHFSTONTCMIYTK,,,164.0,191.06,GE2DAOSDIM5DO
140,CC,8,resale,GN6DCMRVGY4DMNJTHA3HYMJZHFSTONTCMIYTK,,,164.0,191.06,GE2DAOSDIM5DQ
140,CC,9,resale,GN6DCMRVGY4DMNJTHA3HYMJZHFSTONTCMIYTK,,,164.0,191.06,GE2DAOSDIM5DS
140,CC,10,resale,GN6DCMRVGY4DMNJTHA3HYMJZHFSTONTCMIYTK,,,164.0,191.06,GE2DAOSDIM5DCMA
140,CC,11,resale,GN6DCMRVGY4DMNJTHA3HYMJZHFSTONTCMIYTK,,,164.0,191.06,GE2DAOSDIM5DCMI
140,CC,12,resale,GN6DCMRVGY4DMNJTHA3HYMJZHFSTONTCMIYTK,,,164.0,191.06,GE2DAOSDIM5DCMQ
140,CC,13,resale,GN6DCMRVGY4DMNJTHA3HYMJZHFSTONTCMIYTK,,,164.0,191.06,GE2DAOSDIM5DCMY
140,CC,14,resale,GN6DCMRVGY4DMNJTHA3HYMJZHFSTONTCMIYTK,,,164.0,191.06,GE2DAOSDIM5DCNA
140,CC,15,resale,GN6DCMRVGY4DMNJTHA3HYMJZHFSTONTCMIYTK,,,164.0,191.06,GE2DAOSDIM5DCNI
140,CC,16,resale,GN6DCMRVGY4DMNJTHA3HYMJZHFSTONTCMIYTK,,,164.0,191.06,GE2DAOSDIM5DCNQ
140,CC,17,resale,GN6DCMRVGY4DMNJTHA3HYMJZHFSTONTCMIYTK,,,164.0,191.06,GE2DAOSDIM5DCNY
140,CC,18,resale,GN6DCMRVGY4DMNJTHA3HYMJZHFSTONTCMIYTK,,,164.0,191.06,GE2DAOSDIM5DCOA
140,CC,19,resale,GN6DCMRVGY4DMNJTHA3HYMJZHFSTONTCMIYTK,,,164.0,191.06,GE2DAOSDIM5DCOI
140,J,7,resale,GN6DCMJZHEZDQMZXGI3HYMJZHFSTONRYG43TK,,,184.0,214.36,GE2DAOSKHI3Q
140,J,8,resale,GN6DCMJZHEZDQMZXGI3HYMJZHFSTONRYG43TK,,,184.0,214.36,GE2DAOSKHI4A
140,L,3,resale,GN6DCMJZG43DMMBVGQZHYMJZHFSTONTFMNRDK,,,191.0,222.52,GE2DAOSMHIZQ
140,L,4,resale,GN6DCMJZG43DMMBVGQZHYMJZHFSTONTFMNRDK,,,191.0,222.52,GE2DAOSMHI2A
140,L,5,resale,GN6DCMJZG43DMMBVGQZHYMJZHFSTONTFMNRDK,,,191.0,222.52,GE2DAOSMHI2Q
140,L,6,resale,GN6DCMJZG43DMMBVGQZHYMJZHFSTONTFMNRDK,,,191.0,222.52,GE2DAOSMHI3A
140,L,7,resale,GN6DCMJZG43DMMBVGQZHYMJZHFSTONTFMNRDK,,,191.0,222.52,GE2DAOSMHI3Q
140,L,8,resale,GN6DCMJZG43DMMBVGQZHYMJZHFSTONTFMNRDK,,,191.0,222.52,GE2DAOSMHI4A
140,L,9,resale,GN6DCMJZG43DMMBVGQZHYMJZHFSTONTFMNRDK,,,191.0,222.52,GE2DAOSMHI4Q
140,L,10,resale,GN6DCMJZG43DMMBVGQZHYMJZHFSTONTFMNRDK,,,191.0,222.52,GE2DAOSMHIYTA
140,R,1,resale,GN6DCMJZG43DMMBUGU4XYMJZHFSTONZRMY3DK,,,170.0,198.05,GE2DAOSSHIYQ
140,R,2,resale,GN6DCMJZG43DMMBUGU4XYMJZHFSTONZRMY3DK,,,170.0,198.05,GE2DAOSSHIZA
140,R,3,resale,GN6DCMJZG43DMMBUGU4XYMJZHFSTONZRMY3DK,,,170.0,198.05,GE2DAOSSHIZQ
140,R,4,resale,GN6DCMJZG43DMMBUGU4XYMJZHFSTONZRMY3DK,,,170.0,198.05,GE2DAOSSHI2A
140,R,5,resale,GN6DCMJZG43DMMBUGU4XYMJZHFSTONZRMY3DK,,,170.0,198.05,GE2DAOSSHI2Q
140,R,6,resale,GN6DCMJZG43DMMBUGU4XYMJZHFSTONZRMY3DK,,,170.0,198.05,GE2DAOSSHI3A
140,R,7,resale,GN6DCMJZG43DMMBUGU4XYMJZHFSTONZRMY3DK,,,170.0,198.05,GE2DAOSSHI3Q
140,R,8,resale,GN6DCMJZG43DMMBUGU4XYMJZHFSTONZRMY3DK,,,170.0,198.05,GE2DAOSSHI4A
140,R,9,resale,GN6DCMJZG43DMMBUGU4XYMJZHFSTONZRMY3DK,,,170.0,198.05,GE2DAOSSHI4Q
140,X,12,resale,GN6DCMRUGU2DEOBYGI3HYMJZHFSTONRYMQZDK,,,166.0,193.39,GE2DAOSYHIYTE
140,X,13,resale,GN6DCMRUGU2DEOBYGI3HYMJZHFSTONRYMQZDK,,,166.0,193.39,GE2DAOSYHIYTG
140,X,14,resale,GN6DCMRUGU2DEOBYGI3HYMJZHFSTONRYMQZDK,,,166.0,193.39,GE2DAOSYHIYTI
140,X,15,resale,GN6DCMRUGU2DEOBYGI3HYMJZHFSTONRYMQZDK,,,166.0,193.39,GE2DAOSYHIYTK
140,X,16,resale,GN6DCMRUGU2DEOBYGI3HYMJZHFSTONRYMQZDK,,,166.0,193.39,GE2DAOSYHIYTM
140,X,17,resale,GN6DCMRUGU2DEOBYGI3HYMJZHFSTONRYMQZDK,,,166.0,193.39,GE2DAOSYHIYTO
140,X,18,resale,GN6DCMRUGU2DEOBYGI3HYMJZHFSTONRYMQZDK,,,166.0,193.39,GE2DAOSYHIYTQ
140,X,19,resale,GN6DCMRUGU2DEOBYGI3HYMJZHFSTONRYMQZDK,,,166.0,193.39,GE2DAOSYHIYTS
143,AA,2,primary,GJ6DCMBQGAYTANBQGAYDAN34GE3TKLRQGB6DGNJOGUYHYMROGUYHYMJTFYYTG7D4PR6A,Verified Buccaneers Ticket,,175.0,226.13,GE2DGOSBIE5DE
143,AA,3,primary,GJ6DCMBQGAYTANBQGAYDAN34GE3TKLRQGB6DGNJOGUYHYMROGUYHYMJTFYYTG7D4PR6A,Verified Buccaneers Ticket,,175.0,226.13,GE2DGOSBIE5DG
143,AA,4,resale,GN6DCMRVHA4TCMJSGUZXYMJZHFSTONZVG43DK,,,161.0,187.57,GE2DGOSBIE5DI
143,AA,5,resale,GN6DCMRVHA4TCMJSGUZXYMJZHFSTONZVG43DK,,,161.0,187.57,GE2DGOSBIE5DK
143,AA,6,resale,GN6DCMRVHA4TCMJSGUZXYMJZHFSTONZVG43DK,,,161.0,187.57,GE2DGOSBIE5DM
143,AA,7,resale,GN6DCMRVHA4TCMJSGUZXYMJZHFSTONZVG43DK,,,161.0,187.57,GE2DGOSBIE5DO
143,AA,8,resale,GN6DCMRVHA4TCMJSGUZXYMJZHFSTONZVG43DK,,,161.0,187.57,GE2DGOSBIE5DQ
143,AA,9,resale,GN6DCMRVHA4TCMJSGUZXYMJZHFSTONZVG43DK,,,161.0,187.57,GE2DGOSBIE5DS
143,AA,10,resale,GN6DCMRVHA4TCMJSGUZXYMJZHFSTONZVG43DK,,,161.0,187.57,GE2DGOSBIE5DCMA
143,AA,11,resale,GN6DCMRVHA4TCMJSGUZXYMJZHFSTONZVG43DK,,,161.0,187.57,GE2DGOSBIE5DCMI
143,AA,21,primary,GJ6DC7BWGM,Verified Buccaneers Ticket,P16,165.0,214.03,GE2DGOSBIE5DEMI
143,AA,22,primary,GJ6DC7BWGM,Verified Buccaneers Ticket,P16,165.0,214.03,GE2DGOSBIE5DEMQ
143,BB,3,primary,GJ6DC7BWGM,Verified Buccaneers Ticket,P16,165.0,214.03,GE2DGOSCII5DG
143,BB,4,primary,GJ6DC7BWGM,Verified Buccaneers Ticket,P16,165.0,214.03,GE2DGOSCII5DI
143,CC,17,resale,GN6DCMRVGQ3TMNZTGAZHYMJZHFSTONTGGJQTK,,,152.0,177.08,GE2DGOSDIM5DCNY
143,CC,18,resale,GN6DCMRVGQ3TMNZTGAZHYMJZHFSTONTGGJQTK,,,152.0,177.08,GE2DGOSDIM5DCOA
143,CC,19,resale,GN6DCMRVGQ3TMNZTGAZHYMJZHFSTONTGGJQTK,,,152.0,177.08,GE2DGOSDIM5DCOI
143,CC,20,resale,GN6DCMRVGQ3TMNZTGAZHYMJZHFSTONTGGJQTK,,,152.0,177.08,GE2DGOSDIM5DEMA
143,CC,21,resale,GN6DCMRVGQ3TMNZTGAZHYMJZHFSTONTGGJQTK,,,152.0,177.08,GE2DGOSDIM5DEMI
143,CC,22,resale,GN6DCMRVGQ3TMNZTGAZHYMJZHFSTONTGGJQTK,,,152.0,177.08,GE2DGOSDIM5DEMQ
143,E,16,resale,GN6DCMJZG43DMMBVGQYHYMJZHFSTONZQMZRDK,,,195.0,227.18,GE2DGOSFHIYTM
143,E,17,resale,GN6DCMJZG43DMMBVGQYHYMJZHFSTONZQMZRDK,,,195.0,227.18,GE2DGOSFHIYTO
143,E,18,resale,GN6DCMJZG43DMMBVGQYHYMJZHFSTONZQMZRDK,,,195.0,227.18,GE2DGOSFHIYTQ
143,F,15,resale,GN6DCMRUGI4DMMZRHA3HYMJZHEZTCNLEGBSDK,,,253.0,294.75,GE2DGOSGHIYTK
143,F,16,resale,GN6DCMRUGI4DMMZRHA3HYMJZHEZTCNLEGBSDK,,,253.0,294.75,GE2DGOSGHIYTM
143,F,17,resale,GN6DCMRUGI4DMMZRHA3HYMJZHEZTCNLEGBSDK,,,253.0,294.75,GE2DGOSGHIYTO
143,F,18,resale,GN6DCMRUGI4DMMZRHA3HYMJZHEZTCNLEGBSDK,,,253.0,294.75,GE2DGOSGHIYTQ
143,F,19,resale,GN6DCMRUGI4DMMZRHA3HYMJZHEZTCNLEGBSDK,,,253.0,294.75,GE2DGOSGHIYTS
143,F,20,resale,GN6DCMRUGI4DMMZRHA3HYMJZHEZTCNLEGBSDK,,,253.0,294.75,GE2DGOSGHIZDA
143,K,12,resale,GN6DCMRVHA4TCMJTGA2XYMJZHFSTONRUMQ3TK,,,177.0,206.21,GE2DGOSLHIYTE
143,K,13,resale,GN6DCMRVHA4TCMJTGA2XYMJZHFSTONRUMQ3TK,,,177.0,206.21,GE2DGOSLHIYTG
143,K,14,resale,GN6DCMRVHA4TCMJTGA2XYMJZHFSTONRUMQ3TK,,,177.0,206.21,GE2DGOSLHIYTI
143,L,19,primary,GJ6DCMBQGAYTANBQGAYDAN34GE2TKLRQGB6DGMJOGUYHYMROGUYHYMJRFY3DG7D4PR6A,Verified Buccaneers Ticket,,155.0,200.63,GE2DGOSMHIYTS
143,L,20,primary,GJ6DCMBQGAYTANBQGAYDAN34GE2TKLRQGB6DGMJOGUYHYMROGUYHYMJRFY3DG7D4PR6A,Verified Buccaneers Ticket,,155.0,200.63,GE2DGOSMHIZDA
143,M,13,resale,GN6DCMJZG43DMMBUGY3HYMJZHFSTONZQMU2DK,,,183.0,213.2,GE2DGOSNHIYTG
143,M,14,resale,GN6DCMJZG43DMMBUGY3HYMJZHFSTONZQMU2DK,,,183.0,213.2,GE2DGOSNHIYTI
143,M,15,resale,GN6DCMJZG43DMMBUGY3HYMJZHFSTONZQMU2DK,,,183.0,213.2,GE2DGOSNHIYTK
143,M,16,resale,GN6DCMJZG43DMMBUGY3HYMJZHFSTONZQMU2DK,,,183.0,213.2,GE2DGOSNHIYTM
143,M,17,resale,GN6DCMJZG43DMMBUGY3HYMJZHFSTONZQMU2DK,,,183.0,213.2,GE2DGOSNHIYTO
143,M,18,resale,GN6DCMJZG43DMMBUGY3HYMJZHFSTONZQMU2DK,,,183.0,213.2,GE2DGOSNHIYTQ
143,M,19,resale,GN6DCMJZG43DMMBUGY3HYMJZHFSTONZQMU2DK,,,183.0,213.2,GE2DGOSNHIYTS
143,M,20,resale,GN6DCMJZG43DMMBUGY3HYMJZHFSTONZQMU2DK,,,183.0,213.2,GE2DGOSNHIZDA
143,N,15,primary,GJ6DC7BWGM,Verified Buccaneers Ticket,P16,165.0,214.03,GE2DGOSOHIYTK
143,N,16,primary,GJ6DC7BWGM,Verified Buccaneers Ticket,P16,165.0,214.03,GE2DGOSOHIYTM
143,N,17,primary,GJ6DC7BWGM,Verified Buccaneers Ticket,P16,165.0,214.03,GE2DGOSOHIYTO
143,N,18,primary,GJ6DC7BWGM,Verified Buccaneers Ticket,P16,165.0,214.03,GE2DGOSOHIYTQ
143,R,11,resale,GN6DCMJZG43DMMBVGYZXYMJZHFSTONRXMRRDK,,,166.0,193.39,GE2DGOSSHIYTC
143,R,12,resale,GN6DCMJZG43DMMBVGYZXYMJZHFSTONRXMRRDK,,,166.0,193.39,GE2DGOSSHIYTE
143,R,13,resale,GN6DCMJZG43DMMBVGYZXYMJZHFSTONRXMRRDK,,,166.0,193.39,GE2DGOSSHIYTG
143,R,14,resale,GN6DCMJZG43DMMBVGYZXYMJZHFSTONRXMRRDK,,,166.0,193.39,GE2DGOSSHIYTI
143,R,15,resale,GN6DCMJZG43DMMBVGYZXYMJZHFSTONRXMRRDK,,,166.0,193.39,GE2DGOSSHIYTK
143,R,16,resale,GN6DCMJZG43DMMBVGYZXYMJZHFSTONRXMRRDK,,,166.0,193.39,GE2DGOSSHIYTM
143,R,17,resale,GN6DCMJZG43DMMBVGYZXYMJZHFSTONRXMRRDK,,,166.0,193.39,GE2DGOSSHIYTO
143,R,18,resale,GN6DCMJZG43DMMBVGYZXYMJZHFSTONRXMRRDK,,,166.0,193.39,GE2DGOSSHIYTQ
143,R,19,primary,GJ6DCMBQGAYTANBQGAYDAN34GE2TKLRQGB6DGMJOGUYHYMROGUYHYMJRFY3DG7D4PR6A,Verified Buccaneers Ticket,,155.0,200.63,GE2DGOSSHIYTS
143,R,20,primary,GJ6DCMBQGAYTANBQGAYDAN34GE2TKLRQGB6DGMJOGUYHYMROGUYHYMJRFY3DG7D4PR6A,Verified Buccaneers Ticket,,155.0,200.63,GE2DGOSSHIZDA
143,U,6,resale,GN6DCMRVHA4TCMJSGU3XYMJZHFSTONTBMRQTK,,,155.0,180.58,GE2DGOSVHI3A
143,U,7,resale,GN6DCMRVHA4TCMJSGU3XYMJZHFSTONTBMRQTK,,,155.0,180.58,GE2DGOSVHI3Q
143,U,10,primary,GJ6DC7BWGM,Verified Buccaneers Ticket,P16,165.0,214.03,GE2DGOSVHIYTA
143,U,11,primary,GJ6DC7BWGM,Verified Buccaneers Ticket,P16,165.0,214.03,GE2DGOSVHIYTC
143,V,18,resale,GN6DCMRVHA4TCMJSGQYHYMJZHFSTONTEMI3DK,,,155.0,180.58,GE2DGOSWHIYTQ
143,V,19,resale,GN6DCMRVHA4TCMJSGQYHYMJZHFSTONTEMI3DK,,,155.0,180.58,GE2DGOSWHIYTS
143,V,20,resale,GN6DCMRVHA4TCMJSGQYHYMJZHFSTONTEMI3DK,,,155.0,180.58,GE2DGOSWHIZDA
143,WC,7,primary,GJ6DC7BWGM,Verified Buccaneers Ticket,P16,165.0,214.03,GE2DGOSXIM5DO
143,WC,8,primary,GJ6DC7BWGM,Verified Buccaneers Ticket,P16,165.0,214.03,GE2DGOSXIM5DQ
144,CC,5,resale,GN6DCMRUGIZDIOBZGYYHYMJZHFSTONTFHE4TK,,,146.0,170.09,GE2DIOSDIM5DK
144,CC,6,resale,GN6DCMRUGIZDIOBZGYYHYMJZHFSTONTFHE4TK,,,146.0,170.09,GE2DIOSDIM5DM
144,CC,7,resale,GN6DCMRUGIZDIOBZGYYHYMJZHFSTONTFHE4TK,,,146.0,170.09,GE2DIOSDIM5DO
144,CC,8,resale,GN6DCMRUGIZDIOBZGYYHYMJZHFSTONTFHE4TK,,,146.0,170.09,GE2DIOSDIM5DQ
144,H,11,resale,GN6DCMJZG43DMMBVHAYXYMJZHFSTONZSGU2DK,,,172.0,200.38,GE2DIOSIHIYTC
144,H,12,resale,GN6DCMJZG43DMMBVHAYXYMJZHFSTONZSGU2DK,,,172.0,200.38,GE2DIOSIHIYTE
144,K,7,resale,GN6DCMRQGUYTOOBYGIYXYMJZHFSTONRXGNRDK,,,170.0,198.05,GE2DIOSLHI3Q
144,K,8,resale,GN6DCMRQGUYTOOBYGIYXYMJZHFSTONRXGNRDK,,,170.0,198.05,GE2DIOSLHI4A
144,K,9,resale,GN6DCMRQGUYTOOBYGIYXYMJZHFSTONRXGNRDK,,,170.0,198.05,GE2DIOSLHI4Q
144,K,10,resale,GN6DCMRQGUYTOOBYGIYXYMJZHFSTONRXGNRDK,,,170.0,198.05,GE2DIOSLHIYTA
144,K,11,resale,GN6DCMRQGUYTOOBYGIYXYMJZHFSTONRXGNRDK,,,170.0,198.05,GE2DIOSLHIYTC
144,K,12,primary,GJ6DCMBQGAYTANBQGAYDAN34GE3TKLRQGB6DGNJOGUYHYMROGUYHYMJTFYYTG7D4PR6A,Verified Buccaneers Ticket,,175.0,226.13,GE2DIOSLHIYTE
144,K,13,primary,GJ6DCMBQGAYTANBQGAYDAN34GE3TKLRQGB6DGNJOGUYHYMROGUYHYMJTFYYTG7D4PR6A,Verified Buccaneers Ticket,,175.0,226.13,GE2DIOSLHIYTG
144,L,5,resale,GN6DCMRUGIZDIOBZG4YHYMJZHFSTONZVGU4DK,,,170.0,198.05,GE2DIOSMHI2Q
144,L,6,resale,GN6DCMRUGIZDIOBZG4YHYMJZHFSTONZVGU4DK,,,170.0,198.05,GE2DIOSMHI3A
144,L,7,resale,GN6DCMRUGIZDIOBZG4YHYMJZHFSTONZVGU4DK,,,170.0,198.05,GE2DIOSMHI3Q
144,L,8,resale,GN6DCMRUGIZDIOBZG4YHYMJZHFSTONZVGU4DK,,,170.0,198.05,GE2DIOSMHI4A
144,L,9,resale,GN6DCMRUGIZDIOBZG4YHYMJZHFSTONZVGU4DK,,,170.0,198.05,GE2DIOSMHI4Q
144,L,10,resale,GN6DCMRUGIZDIOBZG4YHYMJZHFSTONZVGU4DK,,,170.0,198.05,GE2DIOSMHIYTA
144,L,11,resale,GN6DCMRUGIZDIOBZG4YHYMJZHFSTONZVGU4DK,,,170.0,198.05,GE2DIOSMHIYTC
144,P,5,resale,GN6DCMRWGA2DINJXGYYHYMJZHFSWGYRQGEYDK,,,175.0,203.88,GE2DIOSQHI2Q
144,P,6,resale,GN6DCMRWGA2DINJXGYYHYMJZHFSWGYRQGEYDK,,,175.0,203.88,GE2DIOSQHI3A
144,P,7,resale,GN6DCMRWGA2DINJXGYYHYMJZHFSWGYRQGEYDK,,,175.0,203.88,GE2DIOSQHI3Q
144,P,8,resale,GN6DCMRWGA2DINJXGYYHYMJZHFSWGYRQGEYDK,,,175.0,203.88,GE2DIOSQHI4A
144,P,9,resale,GN6DCMRWGA2DINJXGYYHYMJZHFSWGYRQGEYDK,,,175.0,203.88,GE2DIOSQHI4Q
144,P,10,resale,GN6DCMRWGA2DINJXGYYHYMJZHFSWGYRQGEYDK,,,175.0,203.88,GE2DIOSQHIYTA
144,P,11,resale,GN6DCMRWGA2DINJXGYYHYMJZHFSWGYRQGEYDK,,,175.0,203.88,GE2DIOSQHIYTC
144,P,12,resale,GN6DCMRWGA2DINJXGYYHYMJZHFSWGYRQGEYDK,,,175.0,203.88,GE2DIOSQHIYTE
144,P,13,resale,GN6DCMRWGA2DINJXGYYHYMJZHFSWGYRQGEYDK,,,175.0,203.88,GE2DIOSQHIYTG
144,P,14,resale,GN6DCMRWGA2DINJXGYYHYMJZHFSWGYRQGEYDK,,,175.0,203.88,GE2DIOSQHIYTI
144,P,15,resale,GN6DCMRWGA2DINJXGYYHYMJZHFSWGYRQGEYDK,,,175.0,203.88,GE2DIOSQHIYTK
144,P,16,resale,GN6DCMRWGA2DINJXGYYHYMJZHFSWGYRQGEYDK,,,175.0,203.88,GE2DIOSQHIYTM
144,S,10,primary,GJ6DC7BWGM,Verified Buccaneers Ticket,P16,165.0,214.03,GE2DIOSTHIYTA
144,S,11,primary,GJ6DC7BWGM,Verified Buccaneers Ticket,P16,165.0,214.03,GE2DIOSTHIYTC
144,S,12,primary,GJ6DC7BWGM,Verified Buccaneers Ticket,P16,165.0,214.03,GE2DIOSTHIYTE
144,S,13,primary,GJ6DC7BWGM,Verified Buccaneers Ticket,P16,165.0,214.03,GE2DIOSTHIYTG
144,S,16,primary,GJ6DCMBQGAYTANBQGAYDAN34GE3TKLRQGB6DGNJOGUYHYMROGUYHYMJTFYYTG7D4PR6A,Verified Buccaneers Ticket,,175.0,226.13,GE2DIOSTHIYTM
144,S,17,primary,GJ6DCMBQGAYTANBQGAYDAN34GE3TKLRQGB6DGNJOGUYHYMROGUYHYMJTFYYTG7D4PR6A,Verified Buccaneers Ticket,,175.0,226.13,GE2DIOSTHIYTO
144,T,9,resale,GN6DCMRWGA2DINJXG4YHYMJZHFSWGYRUGA3TK,,,158.0,184.07,GE2DIOSUHI4Q
144,T,10,resale,GN6DCMRWGA2DINJXG4YHYMJZHFSWGYRUGA3TK,,,158.0,184.07,GE2DIOSUHIYTA
144,T,11,resale,GN6DCMRWGA2DINJXG4YHYMJZHFSWGYRUGA3TK,,,158.0,184.07,GE2DIOSUHIYTC
144,T,12,resale,GN6DCMRWGA2DINJXG4YHYMJZHFSWGYRUGA3TK,,,158.0,184.07,GE2DIOSUHIYTE
144,T,13,resale,GN6DCMRWGA2DINJXG4YHYMJZHFSWGYRUGA3TK,,,158.0,184.07,GE2DIOSUHIYTG
144,T,14,resale,GN6DCMRWGA2DINJXG4YHYMJZHFSWGYRUGA3TK,,,158.0,184.07,GE2DIOSUHIYTI
144,T,15,resale,GN6DCMRWGA2DINJXG4YHYMJZHFSWGYRUGA3TK,,,158.0,184.07,GE2DIOSUHIYTK
144,T,16,resale,GN6DCMRWGA2DINJXG4YHYMJZHFSWGYRUGA3TK,,,158.0,184.07,GE2DIOSUHIYTM
144,T,17,resale,GN6DCMRWGA2DINJXG4YHYMJZHFSWGYRUGA3TK,,,158.0,184.07,GE2DIOSUHIYTO
144,T,18,resale,GN6DCMRWGA2DINJXG4YHYMJZHFSWGYRUGA3TK,,,158.0,184.07,GE2DIOSUHIYTQ
144,V,13,resale,GN6DCMRWGA2DINJXG4ZHYMJZHFSWGYLBGFRDK,,,150.0,174.75,GE2DIOSWHIYTG
144,V,14,resale,GN6DCMRWGA2DINJXG4ZHYMJZHFSWGYLBGFRDK,,,150.0,174.75,GE2DIOSWHIYTI
144,V,15,resale,GN6DCMRWGA2DINJXG4ZHYMJZHFSWGYLBGFRDK,,,150.0,174.75,GE2DIOSWHIYTK
144,V,16,resale,GN6DCMRWGA2DINJXG4ZHYMJZHFSWGYLBGFRDK,,,150.0,174.75,GE2DIOSWHIYTM
144,V,17,resale,GN6DCMRWGA2DINJXG4ZHYMJZHFSWGYLBGFRDK,,,150.0,174.75,GE2DIOSWHIYTO
144,V,18,resale,GN6DCMRWGA2DINJXG4ZHYMJZHFSWGYLBGFRDK,,,150.0,174.75,GE2DIOSWHIYTQ
144,V,19,resale,GN6DCMRWGA2DINJXG4ZHYMJZHFSWGYLBGFRDK,,,150.0,174.75,GE2DIOSWHIYTS
144,W,5,resale,GN6DCMRUGMZDSNJYHA4HYMJZHFSTONTGMY4TK,,,157.0,182.91,GE2DIOSXHI2Q
144,W,6,resale,GN6DCMRUGMZDSNJYHA4HYMJZHFSTONTGMY4TK,,,157.0,182.91,GE2DIOSXHI3A
144,W,7,resale,GN6DCMRUGMZDSNJYHA4HYMJZHFSTONTGMY4TK,,,157.0,182.91,GE2DIOSXHI3Q
144,W,8,resale,GN6DCMRUGMZDSNJYHA4HYMJZHFSTONTGMY4TK,,,157.0,182.91,GE2DIOSXHI4A
144,W,9,resale,GN6DCMRUGMZDSNJYHA4HYMJZHFSTONTGMY4TK,,,157.0,182.91,GE2DIOSXHI4Q
144,W,10,resale,GN6DCMRUGMZDSNJYHA4HYMJZHFSTONTGMY4TK,,,157.0,182.91,GE2DIOSXHIYTA
144,W,11,resale,GN6DCMRUGMZDSNJYHA4HYMJZHFSTONTGMY4TK,,,157.0,182.91,GE2DIOSXHIYTC
144,W,12,resale,GN6DCMRUGMZDSNJYHA4HYMJZHFSTONTGMY4TK,,,157.0,182.91,GE2DIOSXHIYTE
144,W,13,resale,GN6DCMRUGMZDSNJYHA4HYMJZHFSTONTGMY4TK,,,157.0,182.91,GE2DIOSXHIYTG
144,W,14,resale,GN6DCMRUGMZDSNJYHA4HYMJZHFSTONTGMY4TK,,,157.0,182.91,GE2DIOSXHIYTI
144,W,15,resale,GN6DCMRUGMZDSNJYHA4HYMJZHFSTONTGMY4TK,,,157.0,182.91,GE2DIOSXHIYTK
144,W,16,resale,GN6DCMRUGMZDSNJYHA4HYMJZHFSTONTGMY4TK,,,157.0,182.91,GE2DIOSXHIYTM
144,WC,1,primary,GJ6DC7BWGY,Verified Buccaneers Ticket,P19,130.0,169.3,GE2DIOSXIM5DC
144,WC,4,primary,GJ6DC7BWGY,Verified Buccaneers Ticket,P19,130.0,169.3,GE2DIOSXIM5DI
144,WC,5,primary,GJ6DC7BWGY,Verified Buccaneers Ticket,P19,130.0,169.3,GE2DIOSXIM5DK
144,WC,6,primary,GJ6DC7BWGY,Verified Buccaneers Ticket,P19,130.0,169.3,GE2DIOSXIM5DM
144,Z,3,resale,GN6DCMRVGI4TINJYGIZXYMJZHBQWGMZRMU2DK,,,150.0,174.75,GE2DIOS2HIZQ
144,Z,4,resale,GN6DCMRVGI4TINJYGIZXYMJZHBQWGMZRMU2DK,,,150.0,174.75,GE2DIOS2HI2A
145,AA,3,primary,GJ6DC7BWGQ,Verified Buccaneers Ticket,P17,150.0,194.85,GE2DKOSBIE5DG
145,AA,4,primary,GJ6DC7BWGQ,Verified Buccaneers Ticket,P17,150.0,194.85,GE2DKOSBIE5DI
145,AA,5,primary,GJ6DC7BWGQ,Verified Buccaneers Ticket,P17,150.0,194.85,GE2DKOSBIE5DK
145,B,20,resale,GN6DCMRTGQYDKNRYGQYHYMJZHEZTCNJTMZRTK,,,450.0,524.25,GE2DKOSCHIZDA
145,B,21,resale,GN6DCMRTGQYDKNRYGQYHYMJZHEZTCNJTMZRTK,,,450.0,524.25,GE2DKOSCHIZDC
145,BB,5,primary,GJ6DC7BWGQ,Verified Buccaneers Ticket,P17,150.0,194.85,GE2DKOSCII5DK
145,BB,6,primary,GJ6DC7BWGQ,Verified Buccaneers Ticket,P17,150.0,194.85,GE2DKOSCII5DM
145,BB,7,primary,GJ6DC7BWGQ,Verified Buccaneers Ticket,P17,150.0,194.85,GE2DKOSCII5DO
145,BB,8,primary,GJ6DC7BWGQ,Verified Buccaneers Ticket,P17,150.0,194.85,GE2DKOSCII5DQ
145,BB,9,primary,GJ6DC7BWGQ,Verified Buccaneers Ticket,P17,150.0,194.85,GE2DKOSCII5DS
145,BB,10,primary,GJ6DC7BWGQ,Verified Buccaneers Ticket,P17,150.0,194.85,GE2DKOSCII5DCMA
145,BB,17,resale,GN6DCMJZG43DMMBYGM2XYMJZHFSTONTEGA4DK,,,144.0,167.76,GE2DKOSCII5DCNY
145,BB,18,resale,GN6DCMJZG43DMMBYGM2XYMJZHFSTONTEGA4DK,,,144.0,167.76,GE2DKOSCII5DCOA
145,BB,19,resale,GN6DCMJZG43DMMBYGM2XYMJZHFSTONTEGA4DK,,,144.0,167.76,GE2DKOSCII5DCOI
145,C,16,resale,GN6DCMRUGAYDKNRTGEZHYMJZHEZTCNJZG42TK,,,399.0,464.84,GE2DKOSDHIYTM
145,C,17,resale,GN6DCMRUGAYDKNRTGEZHYMJZHEZTCNJZG42TK,,,399.0,464.84,GE2DKOSDHIYTO
145,CC,11,resale,GN6DCMRVG4ZTSMBRG4ZHYMJZHFSTONTEGI3TK,,,144.0,167.76,GE2DKOSDIM5DCMI
145,CC,12,resale,GN6DCMRVG4ZTSMBRG4ZHYMJZHFSTONTEGI3TK,,,144.0,167.76,GE2DKOSDIM5DCMQ
145,E,15,resale,GN6DCMJZGEYDGMZXGMYHYMJZHFSTONZQMI2TK,,,186.0,216.69,GE2DKOSFHIYTK
145,E,16,resale,GN6DCMJZGEYDGMZXGMYHYMJZHFSTONZQMI2TK,,,186.0,216.69,GE2DKOSFHIYTM
145,E,17,resale,GN6DCMJZGEYDGMZXGMYHYMJZHFSTONZQMI2TK,,,186.0,216.69,GE2DKOSFHIYTO
145,F,14,resale,GN6DCMRTG4ZTKNZTGE2XYMJZHEZTCNJXMZQTK,,,217.0,252.81,GE2DKOSGHIYTI
145,F,15,resale,GN6DCMRTG4ZTKNZTGE2XYMJZHEZTCNJXMZQTK,,,217.0,252.81,GE2DKOSGHIYTK
145,J,14,resale,GN6DCMRUGIZDIOJQGMZHYMJZHFSTONTGMY2TK,,,171.0,199.22,GE2DKOSKHIYTI
145,J,15,resale,GN6DCMRUGIZDIOJQGMZHYMJZHFSTONTGMY2TK,,,171.0,199.22,GE2DKOSKHIYTK
145,J,16,resale,GN6DCMRUGIZDIOJQGMZHYMJZHFSTONTGMY2TK,,,171.0,199.22,GE2DKOSKHIYTM
145,J,17,resale,GN6DCMRUGIZDIOJQGMZHYMJZHFSTONTGMY2TK,,,171.0,199.22,GE2DKOSKHIYTO
145,K,15,primary,GJ6DCMBQGAYTANBQGAYDAN34GE3TSLRQGB6DGNROGMYHYMROGUYHYMJTFY2DG7D4PR6A,Verified Buccaneers Ticket,,179.0,231.23,GE2DKOSLHIYTK
145,M,10,resale,GN6DCMJZHA2TAMRSGEZHYMJZHEZTCNJZGY2DK,,,260.0,302.9,GE2DKOSNHIYTA
145,M,11,resale,GN6DCMJZHA2TAMRSGEZHYMJZHEZTCNJZGY2DK,,,260.0,302.9,GE2DKOSNHIYTC
145,N,15,resale,GN6DCMRUGIZDIOBZGY4XYMJZHFSTONZTGE4TK,,,164.0,191.06,GE2DKOSOHIYTK
145,N,16,resale,GN6DCMRUGIZDIOBZGY4XYMJZHFSTONZTGE4TK,,,164.0,191.06,GE2DKOSOHIYTM
145,N,17,resale,GN6DCMRUGIZDIOBZGY4XYMJZHFSTONZTGE4TK,,,164.0,191.06,GE2DKOSOHIYTO
145,N,18,resale,GN6DCMRUGIZDIOBZGY4XYMJZHFSTONZTGE4TK,,,164.0,191.06,GE2DKOSOHIYTQ
145,R,7,primary,GJ6DCMBQGAYTANBQGAYDAN34GE3DALRQGB6DGMROGUYHYMROGUYHYMJSFYYDA7D4PR6A,Verified Buccaneers Ticket,,160.0,207.0,GE2DKOSSHI3Q
145,R,8,primary,GJ6DCMBQGAYTANBQGAYDAN34GE3DALRQGB6DGMROGUYHYMROGUYHYMJSFYYDA7D4PR6A,Verified Buccaneers Ticket,,160.0,207.0,GE2DKOSSHI4A
145,R,9,primary,GJ6DC7BWGQ,Verified Buccaneers Ticket,P17,150.0,194.85,GE2DKOSSHI4Q
145,T,16,resale,GN6DCMJZG43DMMBYGMZXYMJZHFSTONTBGE2DK,,,147.0,171.26,GE2DKOSUHIYTM
145,T,17,resale,GN6DCMJZG43DMMBYGMZXYMJZHFSTONTBGE2DK,,,147.0,171.26,GE2DKOSUHIYTO
145,T,18,resale,GN6DCMJZG43DMMBYGMZXYMJZHFSTONTBGE2DK,,,147.0,171.26,GE2DKOSUHIYTQ
145,T,19,resale,GN6DCMJZG43DMMBYGMZXYMJZHFSTONTBGE2DK,,,147.0,171.26,GE2DKOSUHIYTS
145,T,20,resale,GN6DCMJZG43DMMBYGMZXYMJZHFSTONTBGE2DK,,,147.0,171.26,GE2DKOSUHIZDA
145,T,21,resale,GN6DCMJZG43DMMBYGMZXYMJZHFSTONTBGE2DK,,,147.0,171.26,GE2DKOSUHIZDC
145,U,10,primary,GJ6DC7BWGQ,Verified Buccaneers Ticket,P17,150.0,194.85,GE2DKOSVHIYTA
145,U,11,primary,GJ6DC7BWGQ,Verified Buccaneers Ticket,P17,150.0,194.85,GE2DKOSVHIYTC
145,U,12,resale,GN6DCMRUG4YTANRYGM4HYMJZHEZTCNLCMRSDK,,,154.0,179.41,GE2DKOSVHIYTE
145,U,13,resale,GN6DCMRUG4YTANRYGM4HYMJZHEZTCNLCMRSDK,,,154.0,179.41,GE2DKOSVHIYTG
145,U,14,resale,GN6DCMRUG4YTANRYGM4HYMJZHEZTCNLCMRSDK,,,154.0,179.41,GE2DKOSVHIYTI
145,U,15,resale,GN6DCMRUG4YTANRYGM4HYMJZHEZTCNLCMRSDK,,,154.0,179.41,GE2DKOSVHIYTK
145,U,16,resale,GN6DCMRUG4YTANRYGM4HYMJZHEZTCNLCMRSDK,,,154.0,179.41,GE2DKOSVHIYTM
145,U,17,resale,GN6DCMRUG4YTANRYGM4HYMJZHEZTCNLCMRSDK,,,154.0,179.41,GE2DKOSVHIYTO
145,V,7,primary,GJ6DC7BWGQ,Verified Buccaneers Ticket,P17,150.0,194.85,GE2DKOSWHI3Q
145,V,8,primary,GJ6DC7BWGQ,Verified Buccaneers Ticket,P17,150.0,194.85,GE2DKOSWHI4A
145,W,4,resale,GN6DCMRUGI3DANJRGEZXYMJZHFSTONZRMUZTK,,,146.0,170.09,GE2DKOSXHI2A
145,W,5,resale,GN6DCMRUGI3DANJRGEZXYMJZHFSTONZRMUZTK,,,146.0,170.09,GE2DKOSXHI2Q
145,W,6,resale,GN6DCMRUGI3DANJRGEZXYMJZHFSTONZRMUZTK,,,146.0,170.09,GE2DKOSXHI3A
145,W,7,resale,GN6DCMRUGI3DANJRGEZXYMJZHFSTONZRMUZTK,,,146.0,170.09,GE2DKOSXHI3Q
145,W,8,resale,GN6DCMRUGI3DANJRGEZXYMJZHFSTONZRMUZTK,,,146.0,170.09,GE2DKOSXHI4A
145,W,9,resale,GN6DCMRUGI3DANJRGEZXYMJZHFSTONZRMUZTK,,,146.0,170.09,GE2DKOSXHI4Q
145,W,10,resale,GN6DCMRUGI3DANJRGEZXYMJZHFSTONZRMUZTK,,,146.0,170.09,GE2DKOSXHIYTA
145,W,16,resale,GN6DCMRUGA3DGOBVGM3XYMJZHEZTCNJRMQ3TK,,,155.0,180.58,GE2DKOSXHIYTM
145,W,17,resale,GN6DCMRUGA3DGOBVGM3XYMJZHEZTCNJRMQ3TK,,,155.0,180.58,GE2DKOSXHIYTO
146,A,1,resale,GN6DCMRVGY3TONZYGM4HYMJZHE3DQOBVHEYDK,,,500.0,582.5,GE2DMOSBHIYQ
146,A,2,resale,GN6DCMRVGY3TONZYGM4HYMJZHE3DQOBVHEYDK,,,500.0,582.5,GE2DMOSBHIZA
146,C,7,resale,GN6DCMRUGE3TSMRZGY4HYMJZHFSTONTDHBQTK,,,203.0,236.5,GE2DMOSDHI3Q
146,C,8,resale,GN6DCMRUGE3TSMRZGY4HYMJZHFSTONTDHBQTK,,,203.0,236.5,GE2DMOSDHI4A
146,CC,17,resale,GN6DCMRWGA2DINJYGQZXYMJZHFSWGYLFGZQTK,,,146.0,170.09,GE2DMOSDIM5DCNY
146,CC,18,resale,GN6DCMRWGA2DINJYGQZXYMJZHFSWGYLFGZQTK,,,146.0,170.09,GE2DMOSDIM5DCOA
146,D,1,resale,GN6DCMRTG4YTMMZXG4YXYMJZHEZTCNJZGZTDK,,,245.0,285.43,GE2DMOSEHIYQ
146,D,2,resale,GN6DCMRVGIZDMOJQGE2XYMJZHFSDGZTCGQYTK,,,183.0,213.2,GE2DMOSEHIZA
146,D,3,resale,GN6DCMRVGIZDMOJQGE2XYMJZHFSDGZTCGQYTK,,,183.0,213.2,GE2DMOSEHIZQ
146,D,4,resale,GN6DCMRVGIZDMOJQGE2XYMJZHFSDGZTCGQYTK,,,183.0,213.2,GE2DMOSEHI2A
146,D,5,resale,GN6DCMRVGIZDMOJQGE2XYMJZHFSDGZTCGQYTK,,,183.0,213.2,GE2DMOSEHI2Q
146,E,9,resale,GN6DCMJZGEYDGMZVGUZXYMJZHFSTONZRG5STK,,,186.0,216.69,GE2DMOSFHI4Q
146,E,10,resale,GN6DCMJZGEYDGMZVGUZXYMJZHFSTONZRG5STK,,,186.0,216.69,GE2DMOSFHIYTA
146,E,11,resale,GN6DCMJZGEYDGMZVGUZXYMJZHFSTONZRG5STK,,,186.0,216.69,GE2DMOSFHIYTC
146,H,10,resale,GN6DCMJZG42TIOJSGQYHYMJZHFSTONTGGY4DK,,,177.0,206.21,GE2DMOSIHIYTA
146,H,11,resale,GN6DCMJZG42TIOJSGQYHYMJZHFSTONTGGY4DK,,,177.0,206.21,GE2DMOSIHIYTC
146,H,12,resale,GN6DCMJZG42TIOJSGQYHYMJZHFSTONTGGY4DK,,,177.0,206.21,GE2DMOSIHIYTE
146,H,13,resale,GN6DCMJZG42TIOJSGQYHYMJZHFSTONTGGY4DK,,,177.0,206.21,GE2DMOSIHIYTG
146,N,21,resale,GN6DCMRRGQYTSOBYGE4HYMJZHFSTONZQGEYDK,,,166.0,193.39,GE2DMOSOHIZDC
146,N,22,resale,GN6DCMRRGQYTSOBYGE4HYMJZHFSTONZQGEYDK,,,166.0,193.39,GE2DMOSOHIZDE
146,N,23,resale,GN6DCMRRGQYTSOBYGE4HYMJZHFSTONZQGEYDK,,,166.0,193.39,GE2DMOSOHIZDG
146,N,24,resale,GN6DCMRRGQYTSOBYGE4HYMJZHFSTONZQGEYDK,,,166.0,193.39,GE2DMOSOHIZDI
146,P,5,resale,GN6DCMRVHA2TOMRYGI4HYMJZHFQWGMZXMM2TK,,,118.0,137.47,GE2DMOSQHI2Q
146,P,6,resale,GN6DCMRVHA2TOMRYGI4HYMJZHFQWGMZXMM2TK,,,118.0,137.47,GE2DMOSQHI3A
146,P,7,resale,GN6DCMRVHA2TOMRYGI4HYMJZHFQWGMZXMM2TK,,,118.0,137.47,GE2DMOSQHI3Q
146,R,12,primary,GJ6DCMBQGAYTANBQGAYDAN34GE2DKLRQGB6DEOJOGUYHYMROGUYHYMJQFY4DQ7D4PR6A,Verified Buccaneers Ticket,,145.0,187.88,GE2DMOSSHIYTE
146,R,13,primary,GJ6DCMBQGAYTANBQGAYDAN34GE2DKLRQGB6DEOJOGUYHYMROGUYHYMJQFY4DQ7D4PR6A,Verified Buccaneers Ticket,,145.0,187.88,GE2DMOSSHIYTG
146,R,14,primary,GJ6DCMBQGAYTANBQGAYDAN34GE2DKLRQGB6DEOJOGUYHYMROGUYHYMJQFY4DQ7D4PR6A,Verified Buccaneers Ticket,,145.0,187.88,GE2DMOSSHIYTI
146,R,15,primary,GJ6DCMBQGAYTANBQGAYDAN34GE2DKLRQGB6DEOJOGUYHYMROGUYHYMJQFY4DQ7D4PR6A,Verified Buccaneers Ticket,,145.0,187.88,GE2DMOSSHIYTK
146,R,20,primary,GJ6DCMBQGAYTANBQGAYDAN34GE2DKLRQGB6DEOJOGUYHYMROGUYHYMJQFY4DQ7D4PR6A,Verified Buccaneers Ticket,,145.0,187.88,GE2DMOSSHIZDA
146,R,21,primary,GJ6DCMBQGAYTANBQGAYDAN34GE2DKLRQGB6DEOJOGUYHYMROGUYHYMJQFY4DQ7D4PR6A,Verified Buccaneers Ticket,,145.0,187.88,GE2DMOSSHIZDC
146,R,22,primary,GJ6DCMBQGAYTANBQGAYDAN34GE2DKLRQGB6DEOJOGUYHYMROGUYHYMJQFY4DQ7D4PR6A,Verified Buccaneers Ticket,,145.0,187.88,GE2DMOSSHIZDE
146,S,1,resale,GN6DCMRVHE4DINZUGM4XYMJZHFSTONRUMVRDK,,,141.0,164.27,GE2DMOSTHIYQ
146,T,6,resale,GN6DCMRVHE4DINZUGM3HYMJZHFSTONTEGBTDK,,,148.0,172.42,GE2DMOSUHI3A
146,T,7,resale,GN6DCMRVHE4DINZUGM3HYMJZHFSTONTEGBTDK,,,148.0,172.42,GE2DMOSUHI3Q
146,T,8,resale,GN6DCMRVHE4DINZUGM3HYMJZHFSTONTEGBTDK,,,148.0,172.42,GE2DMOSUHI4A
146,T,9,resale,GN6DCMRVHE4DINZUGM3HYMJZHFSTONTEGBTDK,,,148.0,172.42,GE2DMOSUHI4Q
146,T,10,resale,GN6DCMRVHE4DINZUGM3HYMJZHFSTONTEGBTDK,,,148.0,172.42,GE2DMOSUHIYTA
146,X,7,primary,GJ6DC7BWGQ,Verified Buccaneers Ticket,P17,150.0,194.85,GE2DMOSYHI3Q
146,X,8,primary,GJ6DC7BWGQ,Verified Buccaneers Ticket,P17,150.0,194.85,GE2DMOSYHI4A
146,X,9,primary,GJ6DC7BWGQ,Verified Buccaneers Ticket,P17,150.0,194.85,GE2DMOSYHI4Q
146,X,10,primary,GJ6DC7BWGQ,Verified Buccaneers Ticket,P17,150.0,194.85,GE2DMOSYHIYTA
146,X,15,resale,GN6DCMJZG43DMMBZGUZXYMJZHFSTONZQGIZTK,,,140.0,163.1,GE2DMOSYHIYTK
146,Y,3,primary,GJ6DC7BWGQ,Verified Buccaneers Ticket,P17,150.0,194.85,GE2DMOSZHIZQ
146,Y,4,primary,GJ6DC7BWGQ,Verified Buccaneers Ticket,P17,150.0,194.85,GE2DMOSZHI2A
146,Y,9,resale,GN6DCMRTHE4TMNBWG4ZXYMJZHFSTONZRMNRTK,,,154.0,179.41,GE2DMOSZHI4Q
146,Y,10,resale,GN6DCMRTHE4TMNBWG4ZXYMJZHFSTONZRMNRTK,,,154.0,179.41,GE2DMOSZHIYTA
146,Y,11,resale,GN6DCMRTHE4TMNBWG4ZXYMJZHFSTONZRMNRTK,,,154.0,179.41,GE2DMOSZHIYTC
146,Y,12,resale,GN6DCMRTHE4TMNBWG4ZXYMJZHFSTONZRMNRTK,,,154.0,179.41,GE2DMOSZHIYTE
146,Y,13,resale,GN6DCMRTHE4TMNBWG4ZXYMJZHFSTONZRMNRTK,,,154.0,179.41,GE2DMOSZHIYTG
146,Y,14,resale,GN6DCMRTHE4TMNBWG4ZXYMJZHFSTONZRMNRTK,,,154.0,179.41,GE2DMOSZHIYTI
146,Y,15,resale,GN6DCMRTHE4TMNBWG4ZXYMJZHFSTONZRMNRTK,,,154.0,179.41,GE2DMOSZHIYTK
146,Y,16,resale,GN6DCMRTHE4TMNBWG4ZXYMJZHFSTONZRMNRTK,,,154.0,179.41,GE2DMOSZHIYTM
146,Y,17,resale,GN6DCMRTHE4TMNBWG4ZXYMJZHFSTONZRMNRTK,,,154.0,179.41,GE2DMOSZHIYTO
146,Y,18,resale,GN6DCMRTHE4TMNBWG4ZXYMJZHFSTONZRMNRTK,,,154.0,179.41,GE2DMOSZHIYTQ
146,Y,19,resale,GN6DCMRTHE4TMNBWG4ZXYMJZHFSTONZRMNRTK,,,154.0,179.41,GE2DMOSZHIYTS
146,Y,20,resale,GN6DCMRTHE4TMNBWG4ZXYMJZHFSTONZRMNRTK,,,154.0,179.41,GE2DMOSZHIZDA
146,Z,2,primary,GJ6DC7BWGQ,Verified Buccaneers Ticket,P17,150.0,194.85,GE2DMOS2HIZA
146,Z,9,primary,GJ6DC7BWGQ,Verified Buccaneers Ticket,P17,150.0,194.85,GE2DMOS2HI4Q
146,Z,10,primary,GJ6DC7BWGQ,Verified Buccaneers Ticket,P17,150.0,194.85,GE2DMOS2HIYTA
146,Z,11,primary,GJ6DC7BWGQ,Verified Buccaneers Ticket,P17,150.0,194.85,GE2DMOS2HIYTC
146,Z,12,primary,GJ6DC7BWGQ,Verified Buccaneers Ticket,P17,150.0,194.85,GE2DMOS2HIYTE
147,AA,9,primary,GJ6DC7BWGQ,Verified Buccaneers Ticket,P17,150.0,194.85,GE2DOOSBIE5DS
147,AA,10,primary,GJ6DC7BWGQ,Verified Buccaneers Ticket,P17,150.0,194.85,GE2DOOSBIE5DCMA
147,AA,11,primary,GJ6DC7BWGQ,Verified Buccaneers Ticket,P17,150.0,194.85,GE2DOOSBIE5DCMI
147,AA,12,primary,GJ6DC7BWGQ,Verified Buccaneers Ticket,P17,150.0,194.85,GE2DOOSBIE5DCMQ
147,AA,18,primary,GJ6DC7BWGQ,Verified Buccaneers Ticket,P17,150.0,194.85,GE2DOOSBIE5DCOA
147,AA,19,primary,GJ6DC7BWGQ,Verified Buccaneers Ticket,P17,150.0,194.85,GE2DOOSBIE5DCOI
147,BB,5,resale,GN6DCMJZG43DMMBVGA3HYMJZHFSTONTGGI3DK,,,148.0,172.42,GE2DOOSCII5DK
147,BB,23,resale,GN6DCMJZGMZTQMBXGM4XYMJZHEZTCNJZMQZTK,,,195.0,227.18,GE2DOOSCII5DEMY
147,BB,24,resale,GN6DCMJZGMZTQMBXGM4XYMJZHEZTCNJZMQZTK,,,195.0,227.18,GE2DOOSCII5DENA
147,C,13,resale,GN6DCMRTGEYDANRUGEYHYMJZHEZTCNJUMQ3TK,,,500.0,582.5,GE2DOOSDHIYTG
147,C,14,resale,GN6DCMRTGEYDANRUGEYHYMJZHEZTCNJUMQ3TK,,,500.0,582.5,GE2DOOSDHIYTI
147,CC,3,resale,GN6DCMRUGU2DANBUGYZHYMJZHEZTCNLEGBTDK,,,175.0,203.88,GE2DOOSDIM5DG
147,CC,4,resale,GN6DCMRUGU2DANBUGYZHYMJZHEZTCNLEGBTDK,,,175.0,203.88,GE2DOOSDIM5DI
147,F,13,resale,GN6DCMRVG4ZTONRYGYYXYMJZHFSTONZRMJRDK,,,197.0,229.51,GE2DOOSGHIYTG
147,F,14,resale,GN6DCMRVG4ZTONRYGYYXYMJZHFSTONZRMJRDK,,,197.0,229.51,GE2DOOSGHIYTI
147,H,4,resale,GN6DCMJZG42TIOJSGE4XYMJZHFSTONZRGA4DK,,,188.0,219.02,GE2DOOSIHI2A
147,H,5,resale,GN6DCMJZG42TIOJSGE4XYMJZHFSTONZRGA4DK,,,188.0,219.02,GE2DOOSIHI2Q
147,H,6,resale,GN6DCMJZG42TIOJSGE4XYMJZHFSTONZRGA4DK,,,188.0,219.02,GE2DOOSIHI3A
147,J,7,resale,GN6DCMJZG42TIOJRGIYXYMJZHFSTONRYGA3TK,,,187.0,217.86,GE2DOOSKHI3Q
147,J,8,resale,GN6DCMJZG42TIOJRGIYXYMJZHFSTONRYGA3TK,,,187.0,217.86,GE2DOOSKHI4A
147,J,9,resale,GN6DCMJZG42TIOJRGIYXYMJZHFSTONRYGA3TK,,,187.0,217.86,GE2DOOSKHI4Q
147,J,10,resale,GN6DCMJZG42TIOJRGIYXYMJZHFSTONRYGA3TK,,,187.0,217.86,GE2DOOSKHIYTA
147,J,19,resale,GN6DCMRRGM2TAMJRGM2XYMJZHEZTCNJZMY4DK,,,375.0,436.88,GE2DOOSKHIYTS
147,J,20,resale,GN6DCMRRGM2TAMJRGM2XYMJZHEZTCNJZMY4DK,,,375.0,436.88,GE2DOOSKHIZDA
147,J,21,resale,GN6DCMRRGM2TAMJRGM2XYMJZHEZTCNJZMY4DK,,,375.0,436.88,GE2DOOSKHIZDC
147,J,22,resale,GN6DCMRRGM2TAMJRGM2XYMJZHEZTCNJZMY4DK,,,375.0,436.88,GE2DOOSKHIZDE
147,J,23,resale,GN6DCMRRGUZDIMBRGA3XYMJZHEZTCNJUMQZTK,,,400.0,466.0,GE2DOOSKHIZDG
147,J,24,resale,GN6DCMRRGUZDIMBRGA3XYMJZHEZTCNJUMQZTK,,,400.0,466.0,GE2DOOSKHIZDI
147,M,14,primary,GJ6DCMBQGAYTANBQGAYDAN34GE2DKLRQGB6DEOJOGUYHYMROGUYHYMJQFY4DQ7D4PR6A,Verified Buccaneers Ticket,,145.0,187.88,GE2DOOSNHIYTI
147,M,15,primary,GJ6DCMBQGAYTANBQGAYDAN34GE2DKLRQGB6DEOJOGUYHYMROGUYHYMJQFY4DQ7D4PR6A,Verified Buccaneers Ticket,,145.0,187.88,GE2DOOSNHIYTK
147,M,16,resale,GN6DCMJZGEYDGMZVGM3HYMJZHFSTONTDMQYTK,,,171.0,199.22,GE2DOOSNHIYTM
147,R,15,resale,GN6DCMJZG43DMMBVGU3XYMJZHFSTONZRMNTDK,,,170.0,198.05,GE2DOOSSHIYTK
147,R,16,resale,GN6DCMJZG43DMMBVGU3XYMJZHFSTONZRMNTDK,,,170.0,198.05,GE2DOOSSHIYTM
147,R,17,resale,GN6DCMJZG43DMMBVGU3XYMJZHFSTONZRMNTDK,,,170.0,198.05,GE2DOOSSHIYTO
147,R,18,resale,GN6DCMJZG43DMMBVGU3XYMJZHFSTONZRMNTDK,,,170.0,198.05,GE2DOOSSHIYTQ
147,R,19,resale,GN6DCMJZG43DMMBVGU3XYMJZHFSTONZRMNTDK,,,170.0,198.05,GE2DOOSSHIYTS
147,R,20,resale,GN6DCMJZG43DMMBVGU3XYMJZHFSTONZRMNTDK,,,170.0,198.05,GE2DOOSSHIZDA
147,R,21,resale,GN6DCMJZG43DMMBVGU3XYMJZHFSTONZRMNTDK,,,170.0,198.05,GE2DOOSSHIZDC
147,R,22,resale,GN6DCMJZG43DMMBVGU3XYMJZHFSTONZRMNTDK,,,170.0,198.05,GE2DOOSSHIZDE
147,S,22,resale,GN6DCMJZG43DMMBYGI4XYMJZHFSTONTGHA3TK,,,152.0,177.08,GE2DOOSTHIZDE
147,T,17,resale,GN6DCMRUHE3DCMJXGY3HYMJZHEZTCNLEMZSTK,,,151.0,175.92,GE2DOOSUHIYTO
147,T,18,resale,GN6DCMRUHE3DCMJXGY3HYMJZHEZTCNLEMZSTK,,,151.0,175.92,GE2DOOSUHIYTQ
147,U,9,resale,GN6DCMJZG43DMMBUHAYXYMJZHFSTONRZGUYDK,,,158.0,184.07,GE2DOOSVHI4Q
147,U,10,resale,GN6DCMJZG43DMMBUHAYXYMJZHFSTONRZGUYDK,,,158.0,184.07,GE2DOOSVHIYTA
147,U,11,resale,GN6DCMJZG43DMMBUHAYXYMJZHFSTONRZGUYDK,,,158.0,184.07,GE2DOOSVHIYTC
147,U,12,resale,GN6DCMJZG43DMMBUHAYXYMJZHFSTONRZGUYDK,,,158.0,184.07,GE2DOOSVHIYTE
147,Y,5,primary,GJ6DC7BWGQ,Verified Buccaneers Ticket,P17,150.0,194.85,GE2DOOSZHI2Q
147,Y,6,primary,GJ6DC7BWGQ,Verified Buccaneers Ticket,P17,150.0,194.85,GE2DOOSZHI3A
147,Y,13,resale,GN6DCMRWGA2DINJXGY3XYMJZHFSWGYJSMZTDK,,,157.0,182.91,GE2DOOSZHIYTG
147,Y,14,resale,GN6DCMRWGA2DINJXGY3XYMJZHFSWGYJSMZTDK,,,157.0,182.91,GE2DOOSZHIYTI
147,Y,15,resale,GN6DCMRWGA2DINJXGY3XYMJZHFSWGYJSMZTDK,,,157.0,182.91,GE2DOOSZHIYTK
147,Z,19,resale,GN6DCMRWGA2DINJXGY3HYMJZHFSWGYLFME4DK,,,156.0,181.74,GE2DOOS2HIYTS
147,Z,20,resale,GN6DCMRWGA2DINJXGY3HYMJZHFSWGYLFME4DK,,,156.0,181.74,GE2DOOS2HIZDA
147,Z,21,resale,GN6DCMRWGA2DINJXGY3HYMJZHFSWGYLFME4DK,,,156.0,181.74,GE2DOOS2HIZDC
147,Z,22,resale,GN6DCMRWGA2DINJXGY3HYMJZHFSWGYLFME4DK,,,156.0,181.74,GE2DOOS2HIZDE
148,AA,1,resale,GN6DCMJZGMZTQMJSGM3XYMJZHEZTCNJTGM4DK,,,195.0,227.18,GE2DQOSBIE5DC
148,AA,2,resale,GN6DCMJZGMZTQMJSGM3XYMJZHEZTCNJTGM4DK,,,195.0,227.18,GE2DQOSBIE5DE
148,BB,16,resale,GN6DCMRVGEYDQNRVHAYXYMJZHA2TKMDCMMYDK,,,195.0,227.18,GE2DQOSCII5DCNQ
148,BB,17,resale,GN6DCMRVGEYDQNRVHAYXYMJZHA2TKMDCMMYDK,,,195.0,227.18,GE2DQOSCII5DCNY
148,BB,20,resale,GN6DCMRVG43DSNRTGE2HYMJZHFSTONRYG4ZTK,,,168.0,195.72,GE2DQOSCII5DEMA
148,BB,21,resale,GN6DCMRVG43DSNRTGE2HYMJZHFSTONRYG4ZTK,,,168.0,195.72,GE2DQOSCII5DEMI
148,BB,22,resale,GN6DCMRVG43DSNRTGE2HYMJZHFSTONRYG4ZTK,,,168.0,195.72,GE2DQOSCII5DEMQ
148,F,1,resale,GN6DCMRTHEYDAOJXGMZXYMJZHFSTONTBMZQTK,,,197.0,229.51,GE2DQOSGHIYQ
148,F,2,resale,GN6DCMRTHEYDAOJXGMZXYMJZHFSTONTBMZQTK,,,197.0,229.51,GE2DQOSGHIZA
148,G,13,resale,GN6DCMRSGE2DGNJTGYZXYMJZHEYDIYTBHEZTK,,,201.0,234.17,GE2DQOSHHIYTG
148,G,14,resale,GN6DCMRSGE2DGNJTGYZXYMJZHEYDIYTBHEZTK,,,201.0,234.17,GE2DQOSHHIYTI
148,G,15,resale,GN6DCMRUGYYDENBSHA3XYMJZHEZTCNJZMEYTK,,,207.0,241.16,GE2DQOSHHIYTK
148,G,16,resale,GN6DCMRUGYYDENBSHA3XYMJZHEZTCNJZMEYTK,,,207.0,241.16,GE2DQOSHHIYTM
148,G,17,resale,GN6DCMJZGE4DGMBXHE3XYMJZHFSTONZSGZRDK,,,196.0,228.34,GE2DQOSHHIYTO
148,G,18,resale,GN6DCMJZGE4DGMBXHE3XYMJZHFSTONZSGZRDK,,,196.0,228.34,GE2DQOSHHIYTQ
148,G,19,resale,GN6DCMJZGE4DGMBXHE3XYMJZHFSTONZSGZRDK,,,196.0,228.34,GE2DQOSHHIYTS
148,G,20,resale,GN6DCMJZGE4DGMBXHE3XYMJZHFSTONZSGZRDK,,,196.0,228.34,GE2DQOSHHIZDA
148,G,21,resale,GN6DCMJZGE4DGMBXHE3XYMJZHFSTONZSGZRDK,,,196.0,228.34,GE2DQOSHHIZDC
148,J,15,resale,GN6DCMJZGE2DIMJWHA2XYMJZHFSTONZUHEYTK,,,181.0,210.87,GE2DQOSKHIYTK
148,N,10,resale,GN6DCMJZG42TIOJRGIYHYMJZHFSTONZUHFSTK,,,183.0,213.2,GE2DQOSOHIYTA
148,N,11,resale,GN6DCMJZG42TIOJRGIYHYMJZHFSTONZUHFSTK,,,183.0,213.2,GE2DQOSOHIYTC
148,N,12,resale,GN6DCMJZG42TIOJRGIYHYMJZHFSTONZUHFSTK,,,183.0,213.2,GE2DQOSOHIYTE
148,N,13,resale,GN6DCMJZG42TIOJRGIYHYMJZHFSTONZUHFSTK,,,183.0,213.2,GE2DQOSOHIYTG
148,R,1,resale,GN6DCMRUGIZDIOBZGYYXYMJZHFSTONRUMVSDK,,,175.0,203.88,GE2DQOSSHIYQ
148,R,2,resale,GN6DCMRUGIZDIOBZGYYXYMJZHFSTONRUMVSDK,,,175.0,203.88,GE2DQOSSHIZA
148,T,15,resale,GN6DCMJZG43DMMBUG43HYMJZHFSTONTGGI4TK,,,175.0,203.88,GE2DQOSUHIYTK
148,T,16,resale,GN6DCMJZG43DMMBUG43HYMJZHFSTONTGGI4TK,,,175.0,203.88,GE2DQOSUHIYTM
148,T,17,resale,GN6DCMJZG43DMMBUG43HYMJZHFSTONTGGI4TK,,,175.0,203.88,GE2DQOSUHIYTO
148,T,18,resale,GN6DCMJZG43DMMBUG43HYMJZHFSTONTGGI4TK,,,175.0,203.88,GE2DQOSUHIYTQ
148,U,3,resale,GN6DCMJZG43DMMBWGEZXYMJZHFSTONTEMY2DK,,,174.0,202.71,GE2DQOSVHIZQ
148,U,4,resale,GN6DCMJZG43DMMBWGEZXYMJZHFSTONTEMY2DK,,,174.0,202.71,GE2DQOSVHI2A
148,U,5,resale,GN6DCMJZG43DMMBWGEZXYMJZHFSTONTEMY2DK,,,174.0,202.71,GE2DQOSVHI2Q
148,V,15,resale,GN6DCMRVG43DSNRTGA4XYMJZHFSTONTDGI3TK,,,172.0,200.38,GE2DQOSWHIYTK
148,V,16,resale,GN6DCMRVG43DSNRTGA4XYMJZHFSTONTDGI3TK,,,172.0,200.38,GE2DQOSWHIYTM
148,V,17,resale,GN6DCMRVG43DSNRTGA4XYMJZHFSTONTDGI3TK,,,172.0,200.38,GE2DQOSWHIYTO
148,V,18,resale,GN6DCMRVG43DSNRTGA4XYMJZHFSTONTDGI3TK,,,172.0,200.38,GE2DQOSWHIYTQ
149,A,19,resale,GN6DCMJZGU2TMOJZGA3XYMJZHEZTCNJXGEYDK,,,1000.0,1165.0,GE2DSOSBHIYTS
149,A,20,resale,GN6DCMJZGU2TMOJZGA3XYMJZHEZTCNJXGEYDK,,,1000.0,1165.0,GE2DSOSBHIZDA
149,BB,15,primary,GJ6DC7BWGQ,Verified Buccaneers Ticket,P17,150.0,194.85,GE2DSOSCII5DCNI
149,BB,16,primary,GJ6DC7BWGQ,Verified Buccaneers Ticket,P17,150.0,194.85,GE2DSOSCII5DCNQ
149,CC,12,resale,GN6DCMJZG43DMMBYGI4HYMJZHFSTONTCHFRTK,,,154.0,179.41,GE2DSOSDIM5DCMQ
149,CC,13,resale,GN6DCMJZG43DMMBYGI4HYMJZHFSTONTCHFRTK,,,154.0,179.41,GE2DSOSDIM5DCMY
149,CC,14,resale,GN6DCMJZG43DMMBYGI4HYMJZHFSTONTCHFRTK,,,154.0,179.41,GE2DSOSDIM5DCNA
149,CC,15,resale,GN6DCMJZG43DMMBYGI4HYMJZHFSTONTCHFRTK,,,154.0,179.41,GE2DSOSDIM5DCNI
149,CC,16,resale,GN6DCMJZG43DMMBYGI4HYMJZHFSTONTCHFRTK,,,154.0,179.41,GE2DSOSDIM5DCNQ
149,CC,17,resale,GN6DCMJZG43DMMBYGI4HYMJZHFSTONTCHFRTK,,,154.0,179.41,GE2DSOSDIM5DCNY
149,F,20,resale,GN6DCMRVGU3TINRXGAZHYMJZHFSTONTFME2TK,,,195.0,227.18,GE2DSOSGHIZDA
149,F,21,resale,GN6DCMRVGU3TINRXGAZHYMJZHFSTONTFME2TK,,,195.0,227.18,GE2DSOSGHIZDC
149,H,8,resale,GN6DCMJZGEYDGMZVGE2HYMJZHFSTONTDGNRTK,,,202.0,235.33,GE2DSOSIHI4A
149,H,9,resale,GN6DCMJZGEYDGMZVGE2HYMJZHFSTONTDGNRTK,,,202.0,235.33,GE2DSOSIHI4Q
149,H,10,resale,GN6DCMJZGEYDGMZVGE2HYMJZHFSTONTDGNRTK,,,202.0,235.33,GE2DSOSIHIYTA
149,H,11,resale,GN6DCMJZGEYDGMZVGE2HYMJZHFSTONTDGNRTK,,,202.0,235.33,GE2DSOSIHIYTC
149,H,12,resale,GN6DCMJZGEYDGMZVGE2HYMJZHFSTONTDGNRTK,,,202.0,235.33,GE2DSOSIHIYTE
149,H,13,resale,GN6DCMJZGEYDGMZVGE2HYMJZHFSTONTDGNRTK,,,202.0,235.33,GE2DSOSIHIYTG
149,H,14,resale,GN6DCMJZGEYDGMZVGE2HYMJZHFSTONTDGNRTK,,,202.0,235.33,GE2DSOSIHIYTI
149,H,15,resale,GN6DCMJZGEYDGMZVGE2HYMJZHFSTONTDGNRTK,,,202.0,235.33,GE2DSOSIHIYTK
149,J,1,resale,GN6DCMRTGU4TMMRTGMZHYMJZHEZTCNLDGJRDK,,,349.0,406.59,GE2DSOSKHIYQ
149,J,2,resale,GN6DCMRTGU4TMMRTGMZHYMJZHEZTCNLDGJRDK,,,349.0,406.59,GE2DSOSKHIZA
149,N,9,resale,GN6DCMRVGMYTQMBVGYZXYMJZHBRDSMBSGBTDK,,,151.0,175.92,GE2DSOSOHI4Q
149,N,10,resale,GN6DCMRVGMYTQMBVGYZXYMJZHBRDSMBSGBTDK,,,151.0,175.92,GE2DSOSOHIYTA
149,S,11,resale,GN6DCMRQGI2DCNBUGA4HYMJZHFSTONTBMRRDK,,,158.0,184.07,GE2DSOSTHIYTC
149,S,12,resale,GN6DCMRQGI2DCNBUGA4HYMJZHFSTONTBMRRDK,,,158.0,184.07,GE2DSOSTHIYTE
149,S,13,resale,GN6DCMRQGI2DCNBUGA4HYMJZHFSTONTBMRRDK,,,158.0,184.07,GE2DSOSTHIYTG
149,S,14,resale,GN6DCMRQGI2DCNBUGA4HYMJZHFSTONTBMRRDK,,,158.0,184.07,GE2DSOSTHIYTI
149,T,22,resale,GN6DCMJZG43DMMBVGAZXYMJZHFSTONZUMIZDK,,,150.0,174.75,GE2DSOSUHIZDE
149,U,8,resale,GN6DCMJZG43DMMBUG43XYMJZHFSTONTCMM3TK,,,157.0,182.91,GE2DSOSVHI4A
149,U,9,resale,GN6DCMJZG43DMMBUG43XYMJZHFSTONTCMM3TK,,,157.0,182.91,GE2DSOSVHI4Q
149,U,10,resale,GN6DCMJZG43DMMBUG43XYMJZHFSTONTCMM3TK,,,157.0,182.91,GE2DSOSVHIYTA
149,U,11,resale,GN6DCMJZG43DMMBUG43XYMJZHFSTONTCMM3TK,,,157.0,182.91,GE2DSOSVHIYTC
149,U,12,resale,GN6DCMJZG43DMMBUG43XYMJZHFSTONTCMM3TK,,,157.0,182.91,GE2DSOSVHIYTE
149,U,13,resale,GN6DCMJZG43DMMBUG43XYMJZHFSTONTCMM3TK,,,157.0,182.91,GE2DSOSVHIYTG
149,U,14,resale,GN6DCMJZG43DMMBUG43XYMJZHFSTONTCMM3TK,,,157.0,182.91,GE2DSOSVHIYTI
149,X,8,primary,GJ6DC7BWGQ,Verified Buccaneers Ticket,P17,150.0,194.85,GE2DSOSYHI4A
149,X,9,primary,GJ6DC7BWGQ,Verified Buccaneers Ticket,P17,150.0,194.85,GE2DSOSYHI4Q
149,Y,9,primary,GJ6DC7BWGQ,Verified Buccaneers Ticket,P17,150.0,194.85,GE2DSOSZHI4Q
149,Y,10,primary,GJ6DC7BWGQ,Verified Buccaneers Ticket,P17,150.0,194.85,GE2DSOSZHIYTA
149,Y,11,resale,GN6DCMJZG43DMMBWGA3HYMJZHFSTONZTGM3DK,,,163.0,189.9,GE2DSOSZHIYTC
149,Y,12,resale,GN6DCMJZG43DMMBWGA3HYMJZHFSTONZTGM3DK,,,163.0,189.9,GE2DSOSZHIYTE
149,Y,13,resale,GN6DCMJZG43DMMBWGA3HYMJZHFSTONZTGM3DK,,,163.0,189.9,GE2DSOSZHIYTG
149,Y,14,resale,GN6DCMJZG43DMMBWGA3HYMJZHFSTONZTGM3DK,,,163.0,189.9,GE2DSOSZHIYTI
149,Y,15,resale,GN6DCMJZG43DMMBWGA3HYMJZHFSTONZTGM3DK,,,163.0,189.9,GE2DSOSZHIYTK
149,Y,16,resale,GN6DCMJZG43DMMBWGA3HYMJZHFSTONZTGM3DK,,,163.0,189.9,GE2DSOSZHIYTM
149,Y,17,resale,GN6DCMJZG43DMMBWGA3HYMJZHFSTONZTGM3DK,,,163.0,189.9,GE2DSOSZHIYTO
149,Y,18,resale,GN6DCMJZG43DMMBWGA3HYMJZHFSTONZTGM3DK,,,163.0,189.9,GE2DSOSZHIYTQ
149,Y,19,resale,GN6DCMJZG43DMMBWGA3HYMJZHFSTONZTGM3DK,,,163.0,189.9,GE2DSOSZHIYTS
149,Y,20,resale,GN6DCMJZG43DMMBWGA3HYMJZHFSTONZTGM3DK,,,163.0,189.9,GE2DSOSZHIZDA
149,Z,3,primary,GJ6DC7BWGQ,Verified Buccaneers Ticket,P17,150.0,194.85,GE2DSOS2HIZQ
149,Z,4,primary,GJ6DC7BWGQ,Verified Buccaneers Ticket,P17,150.0,194.85,GE2DSOS2HI2A
150,A,19,resale,GN6DCMRUHEYTIMBQGI4XYMJZHEZTCNLEGU3DK,,,600.0,699.0,GE2TAOSBHIYTS
150,A,20,resale,GN6DCMRUHEYTIMBQGI4XYMJZHEZTCNLEGU3DK,,,600.0,699.0,GE2TAOSBHIZDA
150,AA,15,primary,GJ6DC7BWGQ,Verified Buccaneers Ticket,P17,150.0,194.85,GE2TAOSBIE5DCNI
150,AA,16,primary,GJ6DC7BWGQ,Verified Buccaneers Ticket,P17,150.0,194.85,GE2TAOSBIE5DCNQ
150,B,19,resale,GN6DCMRWGA2DEMRWGM2XYMJZHFSWEOJTGY3TK,,,240.0,279.6,GE2TAOSCHIYTS
150,B,20,resale,GN6DCMRWGA2DEMRWGM2XYMJZHFSWEOJTGY3TK,,,240.0,279.6,GE2TAOSCHIZDA
150,B,21,resale,GN6DCMRWGA2DEMRWGM2XYMJZHFSWEOJTGY3TK,,,240.0,279.6,GE2TAOSCHIZDC
150,B,22,resale,GN6DCMRWGA2DEMRWGM2XYMJZHFSWEOJTGY3TK,,,240.0,279.6,GE2TAOSCHIZDE
150,CC,15,resale,GN6DCMRUGY2DEMBYGYZHYMJZHFSTONTEMRSTK,,,156.0,181.74,GE2TAOSDIM5DCNI
150,CC,16,resale,GN6DCMRUGY2DEMBYGYZHYMJZHFSTONTEMRSTK,,,156.0,181.74,GE2TAOSDIM5DCNQ
150,CC,17,resale,GN6DCMRUGY2DEMBYGYZHYMJZHFSTONTEMRSTK,,,156.0,181.74,GE2TAOSDIM5DCNY
150,CC,18,resale,GN6DCMRUGY2DEMBYGYZHYMJZHFSTONTEMRSTK,,,156.0,181.74,GE2TAOSDIM5DCOA
150,CC,19,resale,GN6DCMRUGY2DEMBYGYZHYMJZHFSTONTEMRSTK,,,156.0,181.74,GE2TAOSDIM5DCOI
150,CC,20,resale,GN6DCMRUGY2DEMBYGYZHYMJZHFSTONTEMRSTK,,,156.0,181.74,GE2TAOSDIM5DEMA
150,CC,21,resale,GN6DCMRUGY2DEMBYGYZHYMJZHFSTONTEMRSTK,,,156.0,181.74,GE2TAOSDIM5DEMI
150,CC,22,resale,GN6DCMRUGY2DEMBYGYZHYMJZHFSTONTEMRSTK,,,156.0,181.74,GE2TAOSDIM5DEMQ
150,D,7,resale,GN6DCMJYG4YDQOBRHAZXYMJZHBRTQYRRG5TDK,,,272.0,316.88,GE2TAOSEHI3Q
150,D,8,resale,GN6DCMJYG4YDQOBRHAZXYMJZHBRTQYRRG5TDK,,,272.0,316.88,GE2TAOSEHI4A
150,E,7,resale,GN6DCMRUGIZDIOJQGMZXYMJZHFSTONRYMJSDK,,,189.0,220.19,GE2TAOSFHI3Q
150,E,8,resale,GN6DCMRUGIZDIOJQGMZXYMJZHFSTONRYMJSDK,,,189.0,220.19,GE2TAOSFHI4A
150,F,23,resale,GN6DCMRVGEYDCOBWGY3XYMJZHA2TCNRQMEYTK,,,250.0,291.25,GE2TAOSGHIZDG
150,F,24,resale,GN6DCMRVGEYDCOBWGY3XYMJZHA2TCNRQMEYTK,,,250.0,291.25,GE2TAOSGHIZDI
150,H,3,resale,GN6DCMJZGEYDGMZVGUYXYMJZHFSTONTBGJSDK,,,171.0,199.22,GE2TAOSIHIZQ
150,H,6,resale,GN6DCMJYG4YDQOBRG44XYMJZHE3TMNJZG42DK,,,257.0,299.41,GE2TAOSIHI3A
150,H,7,resale,GN6DCMJYG4YDQOBRG44XYMJZHE3TMNJZG42DK,,,257.0,299.41,GE2TAOSIHI3Q
150,H,8,resale,GN6DCMJYG4YDQOBRG44XYMJZHE3TMNJZG42DK,,,257.0,299.41,GE2TAOSIHI4A
150,H,9,resale,GN6DCMJYG4YDQOBRG44XYMJZHE3TMNJZG42DK,,,257.0,299.41,GE2TAOSIHI4Q
150,H,10,resale,GN6DCMJYG4YDQOBRG44XYMJZHE3TMNJZG42DK,,,257.0,299.41,GE2TAOSIHIYTA
150,H,11,resale,GN6DCMJYG4YDQOBRG44XYMJZHE3TMNJZG42DK,,,257.0,299.41,GE2TAOSIHIYTC
150,H,12,resale,GN6DCMJYG4YDQOBRG44XYMJZHE3TMNJZG42DK,,,257.0,299.41,GE2TAOSIHIYTE
150,H,13,resale,GN6DCMJYG4YDQOBRG44XYMJZHE3TMNJZG42DK,,,257.0,299.41,GE2TAOSIHIYTG
150,H,14,resale,GN6DCMJYG4YDQOBRG44XYMJZHE3TMNJZG42DK,,,257.0,299.41,GE2TAOSIHIYTI
150,H,15,resale,GN6DCMJYG4YDQOBRG44XYMJZHE3TMNJZG42DK,,,257.0,299.41,GE2TAOSIHIYTK
150,J,21,primary,GJ6DCMBQGAYTANBQGAYDAN34GE3TSLRQGB6DGNROGMYHYMROGUYHYMJTFY2DG7D4PR6A,Verified Buccaneers Ticket,,179.0,231.23,GE2TAOSKHIZDC
150,J,22,primary,GJ6DCMBQGAYTANBQGAYDAN34GE3TSLRQGB6DGNROGMYHYMROGUYHYMJTFY2DG7D4PR6A,Verified Buccaneers Ticket,,179.0,231.23,GE2TAOSKHIZDE
150,L,17,resale,GN6DCMJYGYZDAOJVGE3XYMJZHEZTCNJZHFTDK,,,1000.0,1165.0,GE2TAOSMHIYTO
150,L,18,resale,GN6DCMJYGYZDAOJVGE3XYMJZHEZTCNJZHFTDK,,,1000.0,1165.0,GE2TAOSMHIYTQ
150,L,19,resale,GN6DCMJYGYZDAOJVGE3XYMJZHEZTCNJZHFTDK,,,1000.0,1165.0,GE2TAOSMHIYTS
150,L,20,resale,GN6DCMJYGYZDAOJVGE3XYMJZHEZTCNJZHFTDK,,,1000.0,1165.0,GE2TAOSMHIZDA
150,L,21,resale,GN6DCMJYGYZDAOJVGE3XYMJZHEZTCNJZHFTDK,,,1000.0,1165.0,GE2TAOSMHIZDC
150,L,22,resale,GN6DCMJYGYZDAOJVGE3XYMJZHEZTCNJZHFTDK,,,1000.0,1165.0,GE2TAOSMHIZDE
150,P,19,resale,GN6DCMRUGIZDIOJQGM3HYMJZHFSTONTEMQYDK,,,168.0,195.72,GE2TAOSQHIYTS
150,P,20,resale,GN6DCMRUGIZDIOJQGM3HYMJZHFSTONTEMQYDK,,,168.0,195.72,GE2TAOSQHIZDA
150,P,21,resale,GN6DCMRUGIZDIOJQGM3HYMJZHFSTONTEMQYDK,,,168.0,195.72,GE2TAOSQHIZDC
150,P,22,resale,GN6DCMRUGIZDIOJQGM3HYMJZHFSTONTEMQYDK,,,168.0,195.72,GE2TAOSQHIZDE
150,P,23,resale,GN6DCMRUGIZDIOJQGM3HYMJZHFSTONTEMQYDK,,,168.0,195.72,GE2TAOSQHIZDG
150,P,24,resale,GN6DCMRUGIZDIOJQGM3HYMJZHFSTONTEMQYDK,,,168.0,195.72,GE2TAOSQHIZDI
150,S,14,resale,GN6DCMRUGIZDIOJQGQYHYMJZHFSTONZWMVSDK,,,151.0,175.92,GE2TAOSTHIYTI
150,S,15,resale,GN6DCMRUGIZDIOJQGQYHYMJZHFSTONZWMVSDK,,,151.0,175.92,GE2TAOSTHIYTK
150,S,16,resale,GN6DCMRUGIZDIOJQGQYHYMJZHFSTONZWMVSDK,,,151.0,175.92,GE2TAOSTHIYTM
150,T,5,resale,GN6DCMRUGIZDIOJQGM4HYMJZHFSTONTGHE3DK,,,151.0,175.92,GE2TAOSUHI2Q
150,T,6,resale,GN6DCMRUGIZDIOJQGM4HYMJZHFSTONTGHE3DK,,,151.0,175.92,GE2TAOSUHI3A
150,T,7,resale,GN6DCMRUGIZDIOJQGM4HYMJZHFSTONTGHE3DK,,,151.0,175.92,GE2TAOSUHI3Q
150,T,8,resale,GN6DCMRUGIZDIOJQGM4HYMJZHFSTONTGHE3DK,,,151.0,175.92,GE2TAOSUHI4A
150,W,3,resale,GN6DCMRUGIZTCNJWGU3XYMJZHFSTONRYHE3DK,,,157.0,182.91,GE2TAOSXHIZQ
150,W,4,resale,GN6DCMRUGIZTCNJWGU3XYMJZHFSTONRYHE3DK,,,157.0,182.91,GE2TAOSXHI2A
150,W,5,resale,GN6DCMRUGIZTCNJWGU3XYMJZHFSTONRYHE3DK,,,157.0,182.91,GE2TAOSXHI2Q
150,W,6,resale,GN6DCMRUGIZTCNJWGU3XYMJZHFSTONRYHE3DK,,,157.0,182.91,GE2TAOSXHI3A
150,W,7,resale,GN6DCMRUGIZTCNJWGU3XYMJZHFSTONRYHE3DK,,,157.0,182.91,GE2TAOSXHI3Q
150,W,8,resale,GN6DCMRUGIZTCNJWGU3XYMJZHFSTONRYHE3DK,,,157.0,182.91,GE2TAOSXHI4A
150,W,9,resale,GN6DCMRUGIZTCNJWGU3XYMJZHFSTONRYHE3DK,,,157.0,182.91,GE2TAOSXHI4Q
150,W,10,resale,GN6DCMRUGIZTCNJWGU3XYMJZHFSTONRYHE3DK,,,157.0,182.91,GE2TAOSXHIYTA
150,W,19,primary,GJ6DC7BWGQ,Verified Buccaneers Ticket,P17,150.0,194.85,GE2TAOSXHIYTS
150,W,20,primary,GJ6DC7BWGQ,Verified Buccaneers Ticket,P17,150.0,194.85,GE2TAOSXHIZDA
150,X,1,resale,GN6DCMRSG43DCOBXGA3HYMJZHEZTCNJQGZSTK,,,275.0,320.38,GE2TAOSYHIYQ
150,X,2,resale,GN6DCMRSG43DCOBXGA3HYMJZHEZTCNJQGZSTK,,,275.0,320.38,GE2TAOSYHIZA
150,X,3,resale,GN6DCMJZGE4DSNBTGE3HYMJZHEZTCNJXGBQTK,,,151.0,175.92,GE2TAOSYHIZQ
150,X,4,resale,GN6DCMJZGE4DSNBTGE3HYMJZHEZTCNJXGBQTK,,,151.0,175.92,GE2TAOSYHI2A
150,X,5,resale,GN6DCMJZGE4DSNBTGE3HYMJZHEZTCNJXGBQTK,,,151.0,175.92,GE2TAOSYHI2Q
150,X,6,resale,GN6DCMJZGE4DSNBTGE3HYMJZHEZTCNJXGBQTK,,,151.0,175.92,GE2TAOSYHI3A
150,X,7,resale,GN6DCMJZGE4DSNBTGE3HYMJZHEZTCNJXGBQTK,,,151.0,175.92,GE2TAOSYHI3Q
150,X,8,resale,GN6DCMJZGE4DSNBTGE3HYMJZHEZTCNJXGBQTK,,,151.0,175.92,GE2TAOSYHI4A
150,Z,17,resale,GN6DCMRVGY3TAOBTGQ4XYMJZHE3DINJSGZSDK,,,175.0,203.88,GE2TAOS2HIYTO
150,Z,18,resale,GN6DCMRVGY3TAOBTGQ4XYMJZHE3DINJSGZSDK,,,175.0,203.88,GE2TAOS2HIYTQ
151,BB,20,primary,GJ6DCMBQGAYTANBQGAYDAN34GE3DALRQGB6DGMROGUYHYMROGUYHYMJSFYYDA7D4PR6A,Verified Buccaneers Ticket,,160.0,207.0,GE2TCOSCII5DEMA
151,BB,21,primary,GJ6DCMBQGAYTANBQGAYDAN34GE3DALRQGB6DGMROGUYHYMROGUYHYMJSFYYDA7D4PR6A,Verified Buccaneers Ticket,,160.0,207.0,GE2TCOSCII5DEMI
151,C,1,resale,GN6DCMRTGY4TIOBQGQYXYMJZHEZTCNJXGQYTK,,,245.0,285.43,GE2TCOSDHIYQ
151,C,2,resale,GN6DCMRTGY4TIOBQGQYXYMJZHEZTCNJXGQYTK,,,245.0,285.43,GE2TCOSDHIZA
151,C,3,resale,GN6DCMRTGY4TINZSGA4XYMJZHEZTCNJZGZSTK,,,235.0,273.78,GE2TCOSDHIZQ
151,C,4,resale,GN6DCMRTGY4TINZSGA4XYMJZHEZTCNJZGZSTK,,,235.0,273.78,GE2TCOSDHI2A
151,H,5,resale,GN6DCMJZGEYDGMZWGQZHYMJZHFSTONTFHFRTK,,,175.0,203.88,GE2TCOSIHI2Q
151,H,6,resale,GN6DCMJZGEYDGMZWGQZHYMJZHFSTONTFHFRTK,,,175.0,203.88,GE2TCOSIHI3A
151,L,3,resale,GN6DCMJZGQYTQMJSGM2HYMJZHFSTONZSGYYTK,,,162.0,188.73,GE2TCOSMHIZQ
151,L,7,primary,GJ6DCMBQGAYTANBQGAYDAN34GE3TSLRQGB6DGNROGMYHYMROGUYHYMJTFY2DG7D4PR6A,Verified Buccaneers Ticket,,179.0,231.23,GE2TCOSMHI3Q
151,L,8,primary,GJ6DCMBQGAYTANBQGAYDAN34GE3TSLRQGB6DGNROGMYHYMROGUYHYMJTFY2DG7D4PR6A,Verified Buccaneers Ticket,,179.0,231.23,GE2TCOSMHI4A
151,M,3,resale,GN6DCMRVHA4TCMJSGU2XYMJZHFSTONRXMZSDK,,,168.0,195.72,GE2TCOSNHIZQ
151,M,4,resale,GN6DCMRVHA4TCMJSGU2XYMJZHFSTONRXMZSDK,,,168.0,195.72,GE2TCOSNHI2A
151,N,1,resale,GN6DCMRSHEZDCOJZGE4HYMJZHEZTCNJRMNSTK,,,195.0,227.18,GE2TCOSOHIYQ
151,N,2,resale,GN6DCMRSHEZDCOJZGE4HYMJZHEZTCNJRMNSTK,,,195.0,227.18,GE2TCOSOHIZA
151,N,3,resale,GN6DCMRSHEZDCOJZGE4HYMJZHEZTCNJRMNSTK,,,195.0,227.18,GE2TCOSOHIZQ
151,N,4,resale,GN6DCMRSHEZDCOJZGE4HYMJZHEZTCNJRMNSTK,,,195.0,227.18,GE2TCOSOHI2A
151,P,11,primary,GJ6DC7BWGQ,Verified Buccaneers Ticket,P17,150.0,194.85,GE2TCOSQHIYTC
151,P,12,primary,GJ6DC7BWGQ,Verified Buccaneers Ticket,P17,150.0,194.85,GE2TCOSQHIYTE
151,U,1,primary,GJ6DCMBQGAYTANBQGAYDAN34GE3DALRQGB6DGMROGUYHYMROGUYHYMJSFYYDA7D4PR6A,Verified Buccaneers Ticket,,160.0,207.0,GE2TCOSVHIYQ
151,U,2,primary,GJ6DCMBQGAYTANBQGAYDAN34GE3DALRQGB6DGMROGUYHYMROGUYHYMJSFYYDA7D4PR6A,Verified Buccaneers Ticket,,160.0,207.0,GE2TCOSVHIZA
151,U,3,primary,GJ6DCOBYGAYDAMBUPQ3DI,Aisle Seats,P17,155.0,201.18,GE2TCOSVHIZQ
151,U,4,primary,GJ6DCOBYGAYDAMBUPQ3DI,Aisle Seats,P17,155.0,201.18,GE2TCOSVHI2A
151,V,1,primary,GJ6DCMBQGAYTANBQGAYDAN34GE3DALRQGB6DGMROGUYHYMROGUYHYMJSFYYDA7D4PR6A,Verified Buccaneers Ticket,,160.0,207.0,GE2TCOSWHIYQ
151,V,2,primary,GJ6DCMBQGAYTANBQGAYDAN34GE3DALRQGB6DGMROGUYHYMROGUYHYMJSFYYDA7D4PR6A,Verified Buccaneers Ticket,,160.0,207.0,GE2TCOSWHIZA
151,V,3,resale,GN6DCMRRGEYTINZSGU2HYMJZHFSTONTFGAYDK,,,149.0,173.59,GE2TCOSWHIZQ
151,V,4,resale,GN6DCMRRGEYTINZSGU2HYMJZHFSTONTFGAYDK,,,149.0,173.59,GE2TCOSWHI2A
151,V,5,resale,GN6DCMRVGYZDCMZRGY4XYMJZHE4WMOJUMRRDK,,,153.0,178.25,GE2TCOSWHI2Q
151,V,6,resale,GN6DCMRVGYZDCMZRGY4XYMJZHE4WMOJUMRRDK,,,153.0,178.25,GE2TCOSWHI3A
151,V,7,resale,GN6DCMRVGYZDCMZRGY4XYMJZHE4WMOJUMRRDK,,,153.0,178.25,GE2TCOSWHI3Q
151,V,8,resale,GN6DCMRVGYZDCMZRGY4XYMJZHE4WMOJUMRRDK,,,153.0,178.25,GE2TCOSWHI4A
151,W,1,primary,GJ6DCMBQGAYTANBQGAYDAN34GE3DALRQGB6DGMROGUYHYMROGUYHYMJSFYYDA7D4PR6A,Verified Buccaneers Ticket,,160.0,207.0,GE2TCOSXHIYQ
151,W,2,primary,GJ6DCMBQGAYTANBQGAYDAN34GE3DALRQGB6DGMROGUYHYMROGUYHYMJSFYYDA7D4PR6A,Verified Buccaneers Ticket,,160.0,207.0,GE2TCOSXHIZA
151,X,7,primary,GJ6DC7BWGQ,Verified Buccaneers Ticket,P17,150.0,194.85,GE2TCOSYHI3Q
151,X,8,primary,GJ6DC7BWGQ,Verified Buccaneers Ticket,P17,150.0,194.85,GE2TCOSYHI4A
151,X,9,primary,GJ6DC7BWGQ,Verified Buccaneers Ticket,P17,150.0,194.85,GE2TCOSYHI4Q
151,X,18,resale,GN6DCMRTGQYDSNRVGI4HYMJZHEZTCNJUMQ4DK,,,195.0,227.18,GE2TCOSYHIYTQ
151,X,19,resale,GN6DCMRTGQYDSNRVGI4HYMJZHEZTCNJUMQ4DK,,,195.0,227.18,GE2TCOSYHIYTS
151,Z,1,resale,GN6DCMJZG43DMMBZGUZHYMJZHFSTONZWGI2TK,,,149.0,173.59,GE2TCOS2HIYQ
151,Z,2,resale,GN6DCMJZG43DMMBZGUZHYMJZHFSTONZWGI2TK,,,149.0,173.59,GE2TCOS2HIZA
151,Z,3,resale,GN6DCMJZG43DMMBZGUZHYMJZHFSTONZWGI2TK,,,149.0,173.59,GE2TCOS2HIZQ
151,Z,4,resale,GN6DCMJZG43DMMBZGUZHYMJZHFSTONZWGI2TK,,,149.0,173.59,GE2TCOS2HI2A
151,Z,5,resale,GN6DCMJZG43DMMBZGUZHYMJZHFSTONZWGI2TK,,,149.0,173.59,GE2TCOS2HI2Q
151,Z,6,resale,GN6DCMJZG43DMMBZGUZHYMJZHFSTONZWGI2TK,,,149.0,173.59,GE2TCOS2HI3A
201,H,19,resale,GN6DCMJZG43DMMJQG43XYMJZHFSTONTBGBSTK,,,168.0,195.72,GIYDCOSIHIYTS
201,H,20,resale,GN6DCMJZG43DMMJQG43XYMJZHFSTONTBGBSTK,,,168.0,195.72,GIYDCOSIHIZDA
201,H,21,resale,GN6DCMJZG43DMMJQG43XYMJZHFSTONTBGBSTK,,,168.0,195.72,GIYDCOSIHIZDC
201,L,21,primary,GJ6DC7BWGU,Verified Buccaneers Ticket,P18,130.0,169.3,GIYDCOSMHIZDC
201,M,14,resale,GN6DCMJZG43DMMJRGM3HYMJZHFSTONTEGBRDK,,,159.0,185.24,GIYDCOSNHIYTI
201,M,15,resale,GN6DCMJZG43DMMJRGM3HYMJZHFSTONTEGBRDK,,,159.0,185.24,GIYDCOSNHIYTK
201,M,16,resale,GN6DCMJZG43DMMJRGM3HYMJZHFSTONTEGBRDK,,,159.0,185.24,GIYDCOSNHIYTM
201,M,17,resale,GN6DCMJZG43DMMJRGM3HYMJZHFSTONTEGBRDK,,,159.0,185.24,GIYDCOSNHIYTO
201,P,14,resale,GN6DCMJZG43DMMJQG42HYMJZHFSTONTBMZRTK,,,166.0,193.39,GIYDCOSQHIYTI
201,P,15,resale,GN6DCMJZG43DMMJQG42HYMJZHFSTONTBMZRTK,,,166.0,193.39,GIYDCOSQHIYTK
201,P,16,resale,GN6DCMJZG43DMMJQG42HYMJZHFSTONTBMZRTK,,,166.0,193.39,GIYDCOSQHIYTM
201,P,17,resale,GN6DCMJZG43DMMJQG42HYMJZHFSTONTBMZRTK,,,166.0,193.39,GIYDCOSQHIYTO
201,P,18,resale,GN6DCMJZG43DMMJQG42HYMJZHFSTONTBMZRTK,,,166.0,193.39,GIYDCOSQHIYTQ
201,P,19,resale,GN6DCMJZG43DMMJQG42HYMJZHFSTONTBMZRTK,,,166.0,193.39,GIYDCOSQHIYTS
201,P,20,resale,GN6DCMJZG43DMMJQG42HYMJZHFSTONTBMZRTK,,,166.0,193.39,GIYDCOSQHIZDA
201,P,21,resale,GN6DCMJZG43DMMJQG42HYMJZHFSTONTBMZRTK,,,166.0,193.39,GIYDCOSQHIZDC
201,X,7,primary,GJ6DC7BWGU,Verified Buccaneers Ticket,P18,130.0,169.3,GIYDCOSYHI3Q
201,X,8,primary,GJ6DC7BWGU,Verified Buccaneers Ticket,P18,130.0,169.3,GIYDCOSYHI4A
201,X,11,primary,GJ6DC7BWGU,Verified Buccaneers Ticket,P18,130.0,169.3,GIYDCOSYHIYTC
201,X,12,primary,GJ6DC7BWGU,Verified Buccaneers Ticket,P18,130.0,169.3,GIYDCOSYHIYTE
201,X,13,primary,GJ6DC7BWGU,Verified Buccaneers Ticket,P18,130.0,169.3,GIYDCOSYHIYTG
201,X,14,primary,GJ6DC7BWGU,Verified Buccaneers Ticket,P18,130.0,169.3,GIYDCOSYHIYTI
201,Y,5,primary,GJ6DC7BWGU,Verified Buccaneers Ticket,P18,130.0,169.3,GIYDCOSZHI2Q
201,Y,10,primary,GJ6DC7BWGU,Verified Buccaneers Ticket,P18,130.0,169.3,GIYDCOSZHIYTA
201,Y,11,primary,GJ6DC7BWGU,Verified Buccaneers Ticket,P18,130.0,169.3,GIYDCOSZHIYTC
201,Y,12,primary,GJ6DC7BWGU,Verified Buccaneers Ticket,P18,130.0,169.3,GIYDCOSZHIYTE
201,Y,15,primary,GJ6DC7BWGU,Verified Buccaneers Ticket,P18,130.0,169.3,GIYDCOSZHIYTK
201,Y,16,primary,GJ6DC7BWGU,Verified Buccaneers Ticket,P18,130.0,169.3,GIYDCOSZHIYTM
201,Y,17,primary,GJ6DC7BWGU,Verified Buccaneers Ticket,P18,130.0,169.3,GIYDCOSZHIYTO
202,E,13,resale,GN6DCMRTGU4TCMBRGE4HYMJZHEZTCNJYMMYDK,,,135.0,157.28,GIYDEOSFHIYTG
202,E,14,resale,GN6DCMRTGU4TCMBRGE4HYMJZHEZTCNJYMMYDK,,,135.0,157.28,GIYDEOSFHIYTI
202,E,15,resale,GN6DCMRTGU4TCMBRGE4HYMJZHEZTCNJYMMYDK,,,135.0,157.28,GIYDEOSFHIYTK
202,E,16,resale,GN6DCMRTGU4TCMBRGE4HYMJZHEZTCNJYMMYDK,,,135.0,157.28,GIYDEOSFHIYTM
202,F,19,resale,GN6DCMJZG43DMMJQG42XYMJZHFSTONZRHBRTK,,,177.0,206.21,GIYDEOSGHIYTS
202,F,20,resale,GN6DCMJZG43DMMJQG42XYMJZHFSTONZRHBRTK,,,177.0,206.21,GIYDEOSGHIZDA
202,J,1,resale,GN6DCMJZG43DMMJQG43HYMJZHFSTONZTGBSTK,,,169.0,196.89,GIYDEOSKHIYQ
202,J,2,resale,GN6DCMJZG43DMMJQG43HYMJZHFSTONZTGBSTK,,,169.0,196.89,GIYDEOSKHIZA
202,M,17,resale,GN6DCMJZG43DMMJQG4ZXYMJZHFSTONTCMFRDK,,,168.0,195.72,GIYDEOSNHIYTO
202,M,18,resale,GN6DCMJZG43DMMJQG4ZXYMJZHFSTONTCMFRDK,,,168.0,195.72,GIYDEOSNHIYTQ
202,M,19,resale,GN6DCMJZG43DMMJQG4ZXYMJZHFSTONTCMFRDK,,,168.0,195.72,GIYDEOSNHIYTS
202,N,3,resale,GN6DCMJZG43DMMJQG4YXYMJZHFSTONTDMQ2DK,,,167.0,194.56,GIYDEOSOHIZQ
202,N,4,resale,GN6DCMJZG43DMMJQG4YXYMJZHFSTONTDMQ2DK,,,167.0,194.56,GIYDEOSOHI2A
203,J,1,resale,GN6DCMRVHA4TSNRYGI4HYMJZHFRGMMLGHBSDK,,,175.0,203.88,GIYDGOSKHIYQ
203,J,2,resale,GN6DCMRVHA4TSNRYGI4HYMJZHFRGMMLGHBSDK,,,175.0,203.88,GIYDGOSKHIZA
203,J,3,resale,GN6DCMRVHA4TSNRYGI4HYMJZHFRGMMLGHBSDK,,,175.0,203.88,GIYDGOSKHIZQ
203,J,4,resale,GN6DCMRVHA4TSNRYGI4HYMJZHFRGMMLGHBSDK,,,175.0,203.88,GIYDGOSKHI2A
203,K,1,resale,GN6DCMJZG43DMMJQG4YHYMJZHFSTONRZGY2TK,,,173.0,201.55,GIYDGOSLHIYQ
203,K,2,resale,GN6DCMJZG43DMMJQG4YHYMJZHFSTONRZGY2TK,,,173.0,201.55,GIYDGOSLHIZA
203,N,3,resale,GN6DCMRUHA2DEMJZG4YXYMJZHEZTCNRTMZSTK,,,135.0,157.28,GIYDGOSOHIZQ
203,N,4,resale,GN6DCMRUHA2DEMJZG4YXYMJZHEZTCNRTMZSTK,,,135.0,157.28,GIYDGOSOHI2A
203,N,5,resale,GN6DCMRUHA2DEMJZG4YXYMJZHEZTCNRTMZSTK,,,135.0,157.28,GIYDGOSOHI2Q
203,N,6,resale,GN6DCMRUHA2DEMJZG4YXYMJZHEZTCNRTMZSTK,,,135.0,157.28,GIYDGOSOHI3A
203,N,7,resale,GN6DCMRUHA2DEMJZG4YXYMJZHEZTCNRTMZSTK,,,135.0,157.28,GIYDGOSOHI3Q
203,N,8,resale,GN6DCMRUHA2DEMJZG4YXYMJZHEZTCNRTMZSTK,,,135.0,157.28,GIYDGOSOHI4A
203,N,9,resale,GN6DCMRUHA2DEMJZG4YXYMJZHEZTCNRTMZSTK,,,135.0,157.28,GIYDGOSOHI4Q
205,P,12,primary,GJ6DC7BVGE,Verified Buccaneers Ticket,P4,304.0,391.85,GIYDKOSQHIYTE
205,P,13,primary,GJ6DC7BVGE,Verified Buccaneers Ticket,P4,304.0,391.85,GIYDKOSQHIYTG
205,T,18,resale,GN6DCMRUGIYTQOBWG43XYMJZHEZTCNLBGFRTK,,,425.0,495.13,GIYDKOSUHIYTQ
205,T,19,resale,GN6DCMRUGIYTQOBWG43XYMJZHEZTCNLBGFRTK,,,425.0,495.13,GIYDKOSUHIYTS
206,C,13,primary,GJ6DC7BVGE,Verified Buccaneers Ticket,P4,304.0,391.85,GIYDMOSDHIYTG
206,C,14,primary,GJ6DC7BVGE,Verified Buccaneers Ticket,P4,304.0,391.85,GIYDMOSDHIYTI
206,D,19,primary,GJ6DC7BVGE,Verified Buccaneers Ticket,P4,304.0,391.85,GIYDMOSEHIYTS
206,D,20,primary,GJ6DC7BVGE,Verified Buccaneers Ticket,P4,304.0,391.85,GIYDMOSEHIZDA
206,L,9,primary,GJ6DC7BVGE,Verified Buccaneers Ticket,P4,304.0,391.85,GIYDMOSMHI4Q
206,L,10,primary,GJ6DC7BVGE,Verified Buccaneers Ticket,P4,304.0,391.85,GIYDMOSMHIYTA
206,L,15,primary,GJ6DC7BVGE,Verified Buccaneers Ticket,P4,304.0,391.85,GIYDMOSMHIYTK
206,L,16,primary,GJ6DC7BVGE,Verified Buccaneers Ticket,P4,304.0,391.85,GIYDMOSMHIYTM
206,L,21,resale,GN6DCMRVG4YDCNZYGM2HYMJZHE3TEYJXHFQTK,,,320.0,372.8,GIYDMOSMHIZDC
206,L,22,resale,GN6DCMRVG4YDCNZYGM2HYMJZHE3TEYJXHFQTK,,,320.0,372.8,GIYDMOSMHIZDE
206,M,13,primary,GJ6DC7BVGE,Verified Buccaneers Ticket,P4,304.0,391.85,GIYDMOSNHIYTG
206,M,14,primary,GJ6DC7BVGE,Verified Buccaneers Ticket,P4,304.0,391.85,GIYDMOSNHIYTI
206,M,21,resale,GN6DCMRUGI3DAOJYGY2HYMJZHFRDMNJZMQZDK,,,330.0,384.45,GIYDMOSNHIZDC
206,M,22,resale,GN6DCMRUGI3DAOJYGY2HYMJZHFRDMNJZMQZDK,,,330.0,384.45,GIYDMOSNHIZDE
206,V,7,resale,GN6DCMJZGIZTSOJXHA4XYMJZHEZTCNJWGJTDK,,,400.0,466.0,GIYDMOSWHI3Q
206,V,8,resale,GN6DCMJZGIZTSOJXHA4XYMJZHEZTCNJWGJTDK,,,400.0,466.0,GIYDMOSWHI4A
206,V,9,resale,GN6DCMRVGU2TKMZVGQZHYMJZHEZGENJRMI3TK,,,650.0,757.25,GIYDMOSWHI4Q
206,V,10,resale,GN6DCMRVGU2TKMZVGQZHYMJZHEZGENJRMI3TK,,,650.0,757.25,GIYDMOSWHIYTA
206,V,11,resale,GN6DCMRVGU2TKMZVGQZHYMJZHEZGENJRMI3TK,,,650.0,757.25,GIYDMOSWHIYTC
206,V,12,resale,GN6DCMRVGU2TKMZVGQZHYMJZHEZGENJRMI3TK,,,650.0,757.25,GIYDMOSWHIYTE
206,X,13,primary,GJ6DC7BVGE,Verified Buccaneers Ticket,P4,304.0,391.85,GIYDMOSYHIYTG
206,X,14,primary,GJ6DC7BVGE,Verified Buccaneers Ticket,P4,304.0,391.85,GIYDMOSYHIYTI
206,X,15,primary,GJ6DC7BVGE,Verified Buccaneers Ticket,P4,304.0,391.85,GIYDMOSYHIYTK
206,X,21,resale,GN6DCMRUGE3TSOJTGM4HYMJZHFSDAZLDMJSTK,,,332.0,386.78,GIYDMOSYHIZDC
206,X,22,resale,GN6DCMRUGE3TSOJTGM4HYMJZHFSDAZLDMJSTK,,,332.0,386.78,GIYDMOSYHIZDE
207,AA,3,resale,GN6DCMRUGE3TSNZYGM2XYMJZHFSTIMJQGA2TK,,,493.0,574.35,GIYDOOSBIE5DG
207,AA,4,resale,GN6DCMRUGE3TSNZYGM2XYMJZHFSTIMJQGA2TK,,,493.0,574.35,GIYDOOSBIE5DI
207,BB,3,resale,GN6DCMRVHAYTIMBTGYZHYMJZHE4WIYRYHBTDK,,,400.0,466.0,GIYDOOSCII5DG
207,BB,4,resale,GN6DCMRVHAYTIMBTGYZHYMJZHE4WIYRYHBTDK,,,400.0,466.0,GIYDOOSCII5DI
208,X,11,resale,GN6DCMRUGE3TSOJQHAYXYMJZHFSTIMJTMJRTK,,,569.0,662.89,GIYDQOSYHIYTC
208,X,12,resale,GN6DCMRUGE3TSOJQHAYXYMJZHFSTIMJTMJRTK,,,569.0,662.89,GIYDQOSYHIYTE
209,AA,11,resale,GN6DCMRSGYZDKMBQHE2XYMJZHEZTCNJRGJRTK,,,1200.0,1398.0,GIYDSOSBIE5DCMI
209,AA,12,resale,GN6DCMRSGYZDKMBQHE2XYMJZHEZTCNJRGJRTK,,,1200.0,1398.0,GIYDSOSBIE5DCMQ
209,G,1,resale,GN6DCMRVGYZTIOJSGI2HYMJZHE2TGNRWMQ4DK,,,652.0,759.58,GIYDSOSHHIYQ
209,G,2,resale,GN6DCMRVGYZTIOJSGI2HYMJZHE2TGNRWMQ4DK,,,652.0,759.58,GIYDSOSHHIZA
209,H,9,resale,GN6DCMRUGU2DEMJYGYYHYMJZHEZTCNJUGI2TK,,,650.0,757.25,GIYDSOSIHI4Q
209,L,7,resale,GN6DCMRUGY3TQMBWGE2HYMJZHEZTCNLFMI4TK,,,635.0,739.78,GIYDSOSMHI3Q
209,L,8,resale,GN6DCMRUGY3TQMBWGE2HYMJZHEZTCNLFMI4TK,,,635.0,739.78,GIYDSOSMHI4A
210,F,1,resale,GN6DCMRUGE3TSMRZGI4HYMJZHFSGIN3FGBQTK,,,667.0,777.06,GIYTAOSGHIYQ
210,F,2,resale,GN6DCMRUGE3TSMRZGI4HYMJZHFSGIN3FGBQTK,,,667.0,777.06,GIYTAOSGHIZA
210,W,15,resale,GN6DCMRUGE3TSMRZGAYHYMJZHFSGIN3FGA3DK,,,535.0,623.28,GIYTAOSXHIYTK
210,W,16,resale,GN6DCMRUGE3TSMRZGAYHYMJZHFSGIN3FGA3DK,,,535.0,623.28,GIYTAOSXHIYTM
210,W,17,resale,GN6DCMRUGE3TSMRZGAYHYMJZHFSGIN3FGA3DK,,,535.0,623.28,GIYTAOSXHIYTO
210,W,18,resale,GN6DCMRUGE3TSMRZGAYHYMJZHFSGIN3FGA3DK,,,535.0,623.28,GIYTAOSXHIYTQ
210,X,9,resale,GN6DCMRVGUYDIOJYGA3XYMJZHEYTAYRZGAYDK,,,600.0,699.0,GIYTAOSYHI4Q
210,X,10,resale,GN6DCMRVGUYDIOJYGA3XYMJZHEYTAYRZGAYDK,,,600.0,699.0,GIYTAOSYHIYTA
210,X,15,resale,GN6DCMRVGE2DAMBSHA4XYMJZHFSGIN3DMM3TK,,,534.0,622.11,GIYTAOSYHIYTK
210,X,16,resale,GN6DCMRVGE2DAMBSHA4XYMJZHFSGIN3DMM3TK,,,534.0,622.11,GIYTAOSYHIYTM
210,X,17,resale,GN6DCMRVGE2DAMBSHA4XYMJZHFSGIN3DMM3TK,,,534.0,622.11,GIYTAOSYHIYTO
210,X,18,resale,GN6DCMRVGE2DAMBSHA4XYMJZHFSGIN3DMM3TK,,,534.0,622.11,GIYTAOSYHIYTQ
211,S,17,resale,GN6DCMRUGE3TSMRZGMYXYMJZHFSGIOBRGAZDK,,,563.0,655.9,GIYTCOSTHIYTO
211,S,18,resale,GN6DCMRUGE3TSMRZGMYXYMJZHFSGIOBRGAZDK,,,563.0,655.9,GIYTCOSTHIYTQ
211,S,19,resale,GN6DCMRUGE3TSMRZGMYXYMJZHFSGIOBRGAZDK,,,563.0,655.9,GIYTCOSTHIYTS
211,S,20,resale,GN6DCMRUGE3TSMRZGMYXYMJZHFSGIOBRGAZDK,,,563.0,655.9,GIYTCOSTHIZDA
211,S,21,resale,GN6DCMRUGE3TSMRZGMYXYMJZHFSGIOBRGAZDK,,,563.0,655.9,GIYTCOSTHIZDC
211,S,22,resale,GN6DCMRUGE3TSMRZGMYXYMJZHFSGIOBRGAZDK,,,563.0,655.9,GIYTCOSTHIZDE
212,C,15,resale,GN6DCMRUGE3TSMRZGI3XYMJZHFSGIOBTGUZDK,,,609.0,709.49,GIYTEOSDHIYTK
212,C,16,resale,GN6DCMRUGE3TSMRZGI3XYMJZHFSGIOBTGUZDK,,,609.0,709.49,GIYTEOSDHIYTM
212,WC,7,resale,GN6DCMRVHEYTQMJWGEZXYMJZHFRTGZJRMVSTK,,,445.0,518.43,GIYTEOSXIM5DO
212,WC,8,resale,GN6DCMRVHEYTQMJWGEZXYMJZHFRTGZJRMVSTK,,,445.0,518.43,GIYTEOSXIM5DQ
213,B,15,resale,GN6DCMRTHA3TCOBTGY4HYMJZHEYGEMTDGI2DK,,,795.0,926.18,GIYTGOSCHIYTK
213,B,16,resale,GN6DCMRTHA3TCOBTGY4HYMJZHEYGEMTDGI2DK,,,795.0,926.18,GIYTGOSCHIYTM
213,H,9,resale,GN6DCMRVGQ4DCNJQGAZHYMJZHEYDKMLBGQZDK,,,840.0,978.6,GIYTGOSIHI4Q
213,H,10,resale,GN6DCMRVGQ4DCNJQGAZHYMJZHEYDKMLBGQZDK,,,840.0,978.6,GIYTGOSIHIYTA
214,C,5,resale,GN6DCMRUGE3TSOBQGU4XYMJZHFSTIMBYHA3DK,,,550.0,640.75,GIYTIOSDHI2Q
214,C,6,resale,GN6DCMRUGE3TSOBQGU4XYMJZHFSTIMBYHA3DK,,,550.0,640.75,GIYTIOSDHI3A
215,J,15,primary,GJ6DC7BVGE,Verified Buccaneers Ticket,P4,304.0,391.85,GIYTKOSKHIYTK
215,J,16,primary,GJ6DC7BVGE,Verified Buccaneers Ticket,P4,304.0,391.85,GIYTKOSKHIYTM
215,J,17,primary,GJ6DC7BVGE,Verified Buccaneers Ticket,P4,304.0,391.85,GIYTKOSKHIYTO
215,V,11,resale,GN6DCMRUGQ3DKNBXGMYXYMJZHEZTCNLFHA3DK,,,350.0,407.75,GIYTKOSWHIYTC
215,V,12,resale,GN6DCMRUGQ3DKNBXGMYXYMJZHEZTCNLFHA3DK,,,350.0,407.75,GIYTKOSWHIYTE
215,V,13,resale,GN6DCMRTGQYTQNRVGM4HYMJZHEZTCNJZGZRTK,,,400.0,466.0,GIYTKOSWHIYTG
215,V,14,resale,GN6DCMRTGQYTQNRVGM4HYMJZHEZTCNJZGZRTK,,,400.0,466.0,GIYTKOSWHIYTI
215,WC,13,primary,GJ6DC7BVGE,Verified Buccaneers Ticket,P4,304.0,391.85,GIYTKOSXIM5DCMY
215,WC,14,primary,GJ6DC7BVGE,Verified Buccaneers Ticket,P4,304.0,391.85,GIYTKOSXIM5DCNA
216,B,1,resale,GN6DCMRVGA3TCMRVGU4HYMJZHA2DINJWMMZTK,,,1000.0,1165.0,GIYTMOSCHIYQ
216,B,2,resale,GN6DCMRVGA3TCMRVGU4HYMJZHA2DINJWMMZTK,,,1000.0,1165.0,GIYTMOSCHIZA
216,B,3,resale,GN6DCMRVGA3TCMRVGU4HYMJZHA2DINJWMMZTK,,,1000.0,1165.0,GIYTMOSCHIZQ
216,DD,1,resale,GN6DCMRUGE3TSMRZGY4XYMJZHFSTQYZTGU3TK,,,247.0,287.76,GIYTMOSEIQ5DC
216,DD,2,resale,GN6DCMRUGE3TSMRZGY4XYMJZHFSTQYZTGU3TK,,,247.0,287.76,GIYTMOSEIQ5DE
216,F,1,primary,GJ6DCOBYGAYDAMBUPQ2TC,Aisle Seats,P4,309.0,398.23,GIYTMOSGHIYQ
216,F,2,primary,GJ6DCOBYGAYDAMBUPQ2TC,Aisle Seats,P4,309.0,398.23,GIYTMOSGHIZA
216,H,1,resale,GN6DCMRWGAZDCNBYGQ4HYMJZHFSTCNLEMVRTK,,,650.0,757.25,GIYTMOSIHIYQ
216,H,2,resale,GN6DCMRWGAZDCNBYGQ4HYMJZHFSTCNLEMVRTK,,,650.0,757.25,GIYTMOSIHIZA
216,M,2,primary,GJ6DC7BVGE,Verified Buccaneers Ticket,P4,304.0,391.85,GIYTMOSNHIZA
216,M,3,primary,GJ6DC7BVGE,Verified Buccaneers Ticket,P4,304.0,391.85,GIYTMOSNHIZQ
216,R,8,resale,GN6DCMRVGEZTINZTHE3XYMJZHA3DEZRQMRSDK,,,500.0,582.5,GIYTMOSSHI4A
216,R,9,resale,GN6DCMRVGEZTINZTHE3XYMJZHA3DEZRQMRSDK,,,500.0,582.5,GIYTMOSSHI4Q
216,U,10,resale,GN6DCMRUGE3TSMRZGY3XYMJZHFSGIOBQMY4TK,,,268.0,312.22,GIYTMOSVHIYTA
216,U,11,resale,GN6DCMRUGE3TSMRZGY3XYMJZHFSGIOBQMY4TK,,,268.0,312.22,GIYTMOSVHIYTC
216,W,11,resale,GN6DCMRTGMYTEMBSG4ZXYMJZHEZTCNJYMJRTK,,,240.0,279.6,GIYTMOSXHIYTC
216,W,12,resale,GN6DCMRTGMYTEMBSG4ZXYMJZHEZTCNJYMJRTK,,,240.0,279.6,GIYTMOSXHIYTE
216,Z,5,resale,GN6DCMRTGY2DIOBZHA4HYMJZHEZTCNJSG42DK,,,480.0,559.2,GIYTMOS2HI2Q
216,Z,6,resale,GN6DCMRTGY2DIOBZHA4HYMJZHEZTCNJSG42DK,,,480.0,559.2,GIYTMOS2HI3A
218,E,8,resale,GN6DCMRTGYZTENRXHE2HYMJZHEZTCNJZMZSTK,,,245.0,285.43,GIYTQOSFHI4A
218,E,9,resale,GN6DCMRTGYZTENRXHE2HYMJZHEZTCNJZMZSTK,,,245.0,285.43,GIYTQOSFHI4Q
218,J,10,resale,GN6DCMRUHEYTMMBZGY3HYMJZHEZTCNRUGA3DK,,,135.0,157.28,GIYTQOSKHIYTA
218,J,11,resale,GN6DCMRUHEYTMMBZGY3HYMJZHEZTCNRUGA3DK,,,135.0,157.28,GIYTQOSKHIYTC
218,J,12,resale,GN6DCMRUHEYTMMBZGY3HYMJZHEZTCNRUGA3DK,,,135.0,157.28,GIYTQOSKHIYTE
218,K,14,primary,GJ6DC7BWGU,Verified Buccaneers Ticket,P18,130.0,169.3,GIYTQOSLHIYTI
218,N,21,primary,GJ6DC7BWGU,Verified Buccaneers Ticket,P18,130.0,169.3,GIYTQOSOHIZDC
218,P,6,resale,GN6DCMJZG43DMMJQGY4XYMJZHFSTONRXMVSTK,,,166.0,193.39,GIYTQOSQHI3A
218,P,7,resale,GN6DCMJZG43DMMJQGY4XYMJZHFSTONRXMVSTK,,,166.0,193.39,GIYTQOSQHI3Q
218,P,8,resale,GN6DCMJZG43DMMJQGY4XYMJZHFSTONRXMVSTK,,,166.0,193.39,GIYTQOSQHI4A
218,U,7,resale,GN6DCMJZG43DMMJQGY4HYMJZHFSTONZUME3DK,,,165.0,192.23,GIYTQOSVHI3Q
218,U,8,resale,GN6DCMJZG43DMMJQGY4HYMJZHFSTONZUME3DK,,,165.0,192.23,GIYTQOSVHI4A
218,U,9,resale,GN6DCMJZG43DMMJQGY4HYMJZHFSTONZUME3DK,,,165.0,192.23,GIYTQOSVHI4Q
218,V,6,primary,GJ6DC7BWGU,Verified Buccaneers Ticket,P18,130.0,169.3,GIYTQOSWHI3A
219,A,20,resale,GN6DCMJZG43DMMBYGIZXYMJZHFSTONRRG5QTK,,,206.0,239.99,GIYTSOSBHIZDA
219,BB,21,resale,GN6DCMRUGQ2TGMRWGMZHYMJZHEZTCNJXG4ZTK,,,155.0,180.58,GIYTSOSCII5DEMI
219,BB,22,resale,GN6DCMRUGQ2TGMRWGMZHYMJZHEZTCNJXG4ZTK,,,155.0,180.58,GIYTSOSCII5DEMQ
219,CC,18,primary,GJ6DC7BWGU,Verified Buccaneers Ticket,P18,130.0,169.3,GIYTSOSDIM5DCOA
219,F,4,resale,GN6DCMRVGM2DONBQG44HYMJZHBRTKMJTMVSDK,,,163.0,189.9,GIYTSOSGHI2A
219,F,5,resale,GN6DCMRVGM2DONBQG44HYMJZHBRTKMJTMVSDK,,,163.0,189.9,GIYTSOSGHI2Q
219,F,15,resale,GN6DCMRWGA2DGNRYGMZHYMJZHFSWGM3DMJRDK,,,135.0,157.28,GIYTSOSGHIYTK
219,F,16,resale,GN6DCMRWGA2DGNRYGMZHYMJZHFSWGM3DMJRDK,,,135.0,157.28,GIYTSOSGHIYTM
219,G,11,resale,GN6DCMJZG43DMMJQGY3HYMJZHFSTONRYG5SDK,,,172.0,200.38,GIYTSOSHHIYTC
219,G,12,resale,GN6DCMJZG43DMMJQGY3HYMJZHFSTONRYG5SDK,,,172.0,200.38,GIYTSOSHHIYTE
219,G,13,resale,GN6DCMJZG43DMMJQGY3HYMJZHFSTONRYG5SDK,,,172.0,200.38,GIYTSOSHHIYTG
219,G,18,primary,GJ6DC7BWGU,Verified Buccaneers Ticket,P18,130.0,169.3,GIYTSOSHHIYTQ
219,H,14,resale,GN6DCMRVGA3TIOBTGM3HYMJZHFSTONTBGRTDK,,,170.0,198.05,GIYTSOSIHIYTI
219,H,15,resale,GN6DCMRVGA3TIOBTGM3HYMJZHFSTONTBGRTDK,,,170.0,198.05,GIYTSOSIHIYTK
219,H,20,primary,GJ6DC7BWGU,Verified Buccaneers Ticket,P18,130.0,169.3,GIYTSOSIHIZDA
219,J,11,resale,GN6DCMJZG43DMMJQGY2XYMJZHFSTONRXGNRTK,,,169.0,196.89,GIYTSOSKHIYTC
219,J,12,resale,GN6DCMJZG43DMMJQGY2XYMJZHFSTONRXGNRTK,,,169.0,196.89,GIYTSOSKHIYTE
219,J,13,resale,GN6DCMJZG43DMMJQGY2XYMJZHFSTONRXGNRTK,,,169.0,196.89,GIYTSOSKHIYTG
219,J,14,resale,GN6DCMJZG43DMMJQGY2XYMJZHFSTONRXGNRTK,,,169.0,196.89,GIYTSOSKHIYTI
219,K,16,primary,GJ6DC7BWGU,Verified Buccaneers Ticket,P18,130.0,169.3,GIYTSOSLHIYTM
219,L,13,resale,GN6DCMRWGA2DCMBUGY3XYMJZHFSWCZDFGMYTK,,,275.0,320.38,GIYTSOSMHIYTG
219,L,14,resale,GN6DCMRWGA2DCMBUGY3XYMJZHFSWCZDFGMYTK,,,275.0,320.38,GIYTSOSMHIYTI
219,L,15,resale,GN6DCMRWGA2DCMBUGY3XYMJZHFSWCZDFGMYTK,,,275.0,320.38,GIYTSOSMHIYTK
219,L,16,resale,GN6DCMRWGA2DCMBUGY3XYMJZHFSWCZDFGMYTK,,,275.0,320.38,GIYTSOSMHIYTM
219,P,9,resale,GN6DCMJZG43DMMJQGY2HYMJZHFSTONRSGUZDK,,,165.0,192.23,GIYTSOSQHI4Q
219,P,10,resale,GN6DCMJZG43DMMJQGY2HYMJZHFSTONRSGUZDK,,,165.0,192.23,GIYTSOSQHIYTA
219,P,11,resale,GN6DCMJZG43DMMJQGY2HYMJZHFSTONRSGUZDK,,,165.0,192.23,GIYTSOSQHIYTC
219,R,8,resale,GN6DCMRVGA3TIOBTGMZHYMJZHFSTONTCG42TK,,,165.0,192.23,GIYTSOSSHI4A
219,R,9,resale,GN6DCMRVGA3TIOBTGMZHYMJZHFSTONTCG42TK,,,165.0,192.23,GIYTSOSSHI4Q
219,R,10,resale,GN6DCMRVGA3TIOBTGMZHYMJZHFSTONTCG42TK,,,165.0,192.23,GIYTSOSSHIYTA
219,R,11,resale,GN6DCMRVGA3TIOBTGMZHYMJZHFSTONTCG42TK,,,165.0,192.23,GIYTSOSSHIYTC
219,U,15,resale,GN6DCMJZG43DMMJQGYZXYMJZHFSTONTEMQ4TK,,,163.0,189.9,GIYTSOSVHIYTK
219,U,16,resale,GN6DCMJZG43DMMJQGYZXYMJZHFSTONTEMQ4TK,,,163.0,189.9,GIYTSOSVHIYTM
219,U,17,resale,GN6DCMJZG43DMMJQGYZXYMJZHFSTONTEMQ4TK,,,163.0,189.9,GIYTSOSVHIYTO
219,U,18,resale,GN6DCMJZG43DMMJQGYZXYMJZHFSTONTEMQ4TK,,,163.0,189.9,GIYTSOSVHIYTQ
220,AA,17,resale,GN6DCMRVHA4TCMJSGY4XYMJZHFSTONZQME4DK,,,149.0,173.59,GIZDAOSBIE5DCNY
220,AA,18,resale,GN6DCMRVHA4TCMJSGY4XYMJZHFSTONZQME4DK,,,149.0,173.59,GIZDAOSBIE5DCOA
220,AA,19,resale,GN6DCMRVHA4TCMJSGY4XYMJZHFSTONZQME4DK,,,149.0,173.59,GIZDAOSBIE5DCOI
220,BB,17,primary,GJ6DC7BWGU,Verified Buccaneers Ticket,P18,130.0,169.3,GIZDAOSCII5DCNY
220,DD,7,resale,GN6DCMJZG43DMMJSGIZXYMJZHFSTONTFGU3TK,,,147.0,171.26,GIZDAOSEIQ5DO
220,DD,8,resale,GN6DCMJZG43DMMJSGIZXYMJZHFSTONTFGU3TK,,,147.0,171.26,GIZDAOSEIQ5DQ
220,DD,9,resale,GN6DCMJZG43DMMJSGIZXYMJZHFSTONTFGU3TK,,,147.0,171.26,GIZDAOSEIQ5DS
220,K,5,resale,GN6DCMJZG43DMMJRGMZXYMJZHFSTONTBHFTDK,,,153.0,178.25,GIZDAOSLHI2Q
220,K,6,resale,GN6DCMJZG43DMMJRGMZXYMJZHFSTONTBHFTDK,,,153.0,178.25,GIZDAOSLHI3A
220,K,7,resale,GN6DCMJZG43DMMJRGMZXYMJZHFSTONTBHFTDK,,,153.0,178.25,GIZDAOSLHI3Q
220,L,7,primary,GJ6DC7BWGU,Verified Buccaneers Ticket,P18,130.0,169.3,GIZDAOSMHI3Q
220,N,9,resale,GN6DCMJZG43DMMJRGMZHYMJZHFSTONZRMJSDK,,,152.0,177.08,GIZDAOSOHI4Q
220,N,10,resale,GN6DCMJZG43DMMJRGMZHYMJZHFSTONZRMJSDK,,,152.0,177.08,GIZDAOSOHIYTA
220,N,11,resale,GN6DCMJZG43DMMJRGMZHYMJZHFSTONZRMJSDK,,,152.0,177.08,GIZDAOSOHIYTC
220,P,7,resale,GN6DCMJZG43DMMJRGMYHYMJZHFSTONZUHFSDK,,,151.0,175.92,GIZDAOSQHI3Q
220,P,8,resale,GN6DCMJZG43DMMJRGMYHYMJZHFSTONZUHFSDK,,,151.0,175.92,GIZDAOSQHI4A
220,T,12,primary,GJ6DC7BWGU,Verified Buccaneers Ticket,P18,130.0,169.3,GIZDAOSUHIYTE
220,T,13,primary,GJ6DC7BWGU,Verified Buccaneers Ticket,P18,130.0,169.3,GIZDAOSUHIYTG
220,T,14,primary,GJ6DC7BWGU,Verified Buccaneers Ticket,P18,130.0,169.3,GIZDAOSUHIYTI
220,U,11,resale,GN6DCMJZG43DMMJRGMYXYMJZHFSTONRXHEZDK,,,151.0,175.92,GIZDAOSVHIYTC
220,U,12,resale,GN6DCMJZG43DMMJRGMYXYMJZHFSTONRXHEZDK,,,151.0,175.92,GIZDAOSVHIYTE
220,U,13,resale,GN6DCMJZG43DMMJRGMYXYMJZHFSTONRXHEZDK,,,151.0,175.92,GIZDAOSVHIYTG
220,U,14,resale,GN6DCMJZG43DMMJRGMYXYMJZHFSTONRXHEZDK,,,151.0,175.92,GIZDAOSVHIYTI
220,V,9,resale,GN6DCMJZG43DMMJRGI4XYMJZHFSTONTDMRRTK,,,151.0,175.92,GIZDAOSWHI4Q
220,V,10,resale,GN6DCMJZG43DMMJRGI4XYMJZHFSTONTDMRRTK,,,151.0,175.92,GIZDAOSWHIYTA
220,V,11,resale,GN6DCMJZG43DMMJRGI4XYMJZHFSTONTDMRRTK,,,151.0,175.92,GIZDAOSWHIYTC
220,X,9,primary,GJ6DC7BWGU,Verified Buccaneers Ticket,P18,130.0,169.3,GIZDAOSYHI4Q
220,Z,12,resale,GN6DCMRWGA2DINJXG4YXYMJZHFSWGY3BMJSDK,,,149.0,173.59,GIZDAOS2HIYTE
220,Z,13,resale,GN6DCMRWGA2DINJXG4YXYMJZHFSWGY3BMJSDK,,,149.0,173.59,GIZDAOS2HIYTG
226,D,18,resale,GN6DCMRSGQZTENZWGA2HYMJZHEZTCNJZGZQTK,,,105.0,122.33,GIZDMOSEHIYTQ
226,D,19,resale,GN6DCMRSGQZTENZWGA2HYMJZHEZTCNJZGZQTK,,,105.0,122.33,GIZDMOSEHIYTS
226,G,17,resale,GN6DCMRUGIZDIOJQGI2XYMJZHFSTONRZHBSDK,,,117.0,136.31,GIZDMOSHHIYTO
226,G,18,resale,GN6DCMRUGIZDIOJQGI2XYMJZHFSTONRZHBSDK,,,117.0,136.31,GIZDMOSHHIYTQ
226,G,19,resale,GN6DCMRUGIZDIOJQGI2XYMJZHFSTONRZHBSDK,,,117.0,136.31,GIZDMOSHHIYTS
226,J,14,primary,GJ6DC7BWGY,Verified Buccaneers Ticket,P19,130.0,169.3,GIZDMOSKHIYTI
226,J,15,primary,GJ6DC7BWGY,Verified Buccaneers Ticket,P19,130.0,169.3,GIZDMOSKHIYTK
226,J,16,resale,GN6DCMRUGI2DOMJSHEYXYMJZHFRDAM3BMRRTK,,,110.0,128.15,GIZDMOSKHIYTM
226,J,17,resale,GN6DCMRUGI2DOMJSHEYXYMJZHFRDAM3BMRRTK,,,110.0,128.15,GIZDMOSKHIYTO
226,J,18,resale,GN6DCMRUGI2DOMJSHEYXYMJZHFRDAM3BMRRTK,,,110.0,128.15,GIZDMOSKHIYTQ
226,M,12,resale,GN6DCMRTGU4TCMBRGE4XYMJZHEZTCNJZMZTDK,,,135.0,157.28,GIZDMOSNHIYTE
226,M,13,resale,GN6DCMRTGU4TCMBRGE4XYMJZHEZTCNJZMZTDK,,,135.0,157.28,GIZDMOSNHIYTG
226,M,14,resale,GN6DCMRTGU4TCMBRGE4XYMJZHEZTCNJZMZTDK,,,135.0,157.28,GIZDMOSNHIYTI
226,M,15,resale,GN6DCMRTGU4TCMBRGE4XYMJZHEZTCNJZMZTDK,,,135.0,157.28,GIZDMOSNHIYTK
226,M,16,resale,GN6DCMRTGU4TCMBRGE4XYMJZHEZTCNJZMZTDK,,,135.0,157.28,GIZDMOSNHIYTM
226,M,17,resale,GN6DCMRTGU4TCMBRGE4XYMJZHEZTCNJZMZTDK,,,135.0,157.28,GIZDMOSNHIYTO
226,M,18,resale,GN6DCMRTGU4TCMBRGE4XYMJZHEZTCNJZMZTDK,,,135.0,157.28,GIZDMOSNHIYTQ
226,M,19,resale,GN6DCMRTGU4TCMBRGE4XYMJZHEZTCNJZMZTDK,,,135.0,157.28,GIZDMOSNHIYTS
227,B,10,resale,GN6DCMRUHA2TQMZVGY2XYMJZHFSTONTGHFRDK,,,139.0,161.94,GIZDOOSCHIYTA
227,B,11,resale,GN6DCMRUHA2TQMZVGY2XYMJZHFSTONTGHFRDK,,,139.0,161.94,GIZDOOSCHIYTC
227,C,8,primary,GJ6DC7BWGY,Verified Buccaneers Ticket,P19,130.0,169.3,GIZDOOSDHI4A
227,C,9,primary,GJ6DC7BWGY,Verified Buccaneers Ticket,P19,130.0,169.3,GIZDOOSDHI4Q
227,C,10,resale,GN6DCMJZG43DMMBYGIYXYMJZHFSTONZTMY4DK,,,137.0,159.61,GIZDOOSDHIYTA
227,C,11,resale,GN6DCMJZG43DMMBYGIYXYMJZHFSTONZTMY4DK,,,137.0,159.61,GIZDOOSDHIYTC
227,C,12,resale,GN6DCMJZG43DMMBYGIYXYMJZHFSTONZTMY4DK,,,137.0,159.61,GIZDOOSDHIYTE
227,C,13,resale,GN6DCMJZG43DMMBYGIYXYMJZHFSTONZTMY4DK,,,137.0,159.61,GIZDOOSDHIYTG
227,C,14,resale,GN6DCMJZG43DMMBYGIYXYMJZHFSTONZTMY4DK,,,137.0,159.61,GIZDOOSDHIYTI
227,C,15,resale,GN6DCMJZG43DMMBYGIYXYMJZHFSTONZTMY4DK,,,137.0,159.61,GIZDOOSDHIYTK
227,C,16,resale,GN6DCMJZG43DMMBYGIYXYMJZHFSTONZTMY4DK,,,137.0,159.61,GIZDOOSDHIYTM
227,C,17,resale,GN6DCMJZG43DMMBYGIYXYMJZHFSTONZTMY4DK,,,137.0,159.61,GIZDOOSDHIYTO
227,F,9,primary,GJ6DC7BWGY,Verified Buccaneers Ticket,P19,130.0,169.3,GIZDOOSGHI4Q
227,F,10,primary,GJ6DC7BWGY,Verified Buccaneers Ticket,P19,130.0,169.3,GIZDOOSGHIYTA
227,G,3,resale,GN6DCMRWGA2DINJXG44HYMJZHFSWGYRRHA4TK,,,119.0,138.64,GIZDOOSHHIZQ
227,G,4,resale,GN6DCMRWGA2DINJXG44HYMJZHFSWGYRRHA4TK,,,119.0,138.64,GIZDOOSHHI2A
227,G,5,resale,GN6DCMRWGA2DINJXG44HYMJZHFSWGYRRHA4TK,,,119.0,138.64,GIZDOOSHHI2Q
227,G,6,resale,GN6DCMRWGA2DINJXG44HYMJZHFSWGYRRHA4TK,,,119.0,138.64,GIZDOOSHHI3A
227,H,5,resale,GN6DCMRVGYYDKOJSHA2HYMJZHFSTONRYMQYTK,,,119.0,138.64,GIZDOOSIHI2Q
227,H,6,resale,GN6DCMRVGYYDKOJSHA2HYMJZHFSTONRYMQYTK,,,119.0,138.64,GIZDOOSIHI3A
227,H,7,resale,GN6DCMRVGYYDKOJSHA2HYMJZHFSTONRYMQYTK,,,119.0,138.64,GIZDOOSIHI3Q
227,S,13,resale,GN6DCMRWGA2DINJXG43HYMJZHFSWGYRRGIZDK,,,121.0,140.97,GIZDOOSTHIYTG
227,S,14,resale,GN6DCMRWGA2DINJXG43HYMJZHFSWGYRRGIZDK,,,121.0,140.97,GIZDOOSTHIYTI
227,S,15,resale,GN6DCMRWGA2DINJXG43HYMJZHFSWGYRRGIZDK,,,121.0,140.97,GIZDOOSTHIYTK
227,S,16,resale,GN6DCMRWGA2DINJXG43HYMJZHFSWGYRRGIZDK,,,121.0,140.97,GIZDOOSTHIYTM
227,S,17,resale,GN6DCMRWGA2DINJXG43HYMJZHFSWGYRRGIZDK,,,121.0,140.97,GIZDOOSTHIYTO
227,S,18,resale,GN6DCMRWGA2DINJXG43HYMJZHFSWGYRRGIZDK,,,121.0,140.97,GIZDOOSTHIYTQ
227,S,19,resale,GN6DCMRWGA2DINJXG43HYMJZHFSWGYRRGIZDK,,,121.0,140.97,GIZDOOSTHIYTS
227,S,20,resale,GN6DCMRWGA2DINJXG43HYMJZHFSWGYRRGIZDK,,,121.0,140.97,GIZDOOSTHIZDA
227,S,21,resale,GN6DCMRWGA2DINJXG43HYMJZHFSWGYRRGIZDK,,,121.0,140.97,GIZDOOSTHIZDC
227,S,22,resale,GN6DCMRWGA2DINJXG43HYMJZHFSWGYRRGIZDK,,,121.0,140.97,GIZDOOSTHIZDE
227,V,11,resale,GN6DCMJZG43DMMJRGI3HYMJZHFSTONRUMMZDK,,,114.0,132.81,GIZDOOSWHIYTC
227,V,12,resale,GN6DCMJZG43DMMJRGI3HYMJZHFSTONRUMMZDK,,,114.0,132.81,GIZDOOSWHIYTE
227,V,13,resale,GN6DCMJZG43DMMJRGI3HYMJZHFSTONRUMMZDK,,,114.0,132.81,GIZDOOSWHIYTG
228,B,7,resale,GN6DCMRRHEYTGNZXGEYHYMJZHFSTONTCGZRTK,,,140.0,163.1,GIZDQOSCHI3Q
228,B,8,resale,GN6DCMRRHEYTGNZXGEYHYMJZHFSTONTCGZRTK,,,140.0,163.1,GIZDQOSCHI4A
228,B,9,resale,GN6DCMRRHEYTGNZXGEYHYMJZHFSTONTCGZRTK,,,140.0,163.1,GIZDQOSCHI4Q
228,B,10,resale,GN6DCMRRHEYTGNZXGEYHYMJZHFSTONTCGZRTK,,,140.0,163.1,GIZDQOSCHIYTA
228,B,11,resale,GN6DCMRRHEYTGNZXGEYHYMJZHFSTONTCGZRTK,,,140.0,163.1,GIZDQOSCHIYTC
228,C,5,resale,GN6DCMRUGI2DKMJSGA4XYMJZHEZTCNLEGBRDK,,,189.0,220.19,GIZDQOSDHI2Q
228,C,6,resale,GN6DCMRUGI2DKMJSGA4XYMJZHEZTCNLEGBRDK,,,189.0,220.19,GIZDQOSDHI3A
228,C,7,resale,GN6DCMRUGI2DKMJSGA4XYMJZHEZTCNLEGBRDK,,,189.0,220.19,GIZDQOSDHI3Q
228,C,8,resale,GN6DCMRUGI2DKMJSGA4XYMJZHEZTCNLEGBRDK,,,189.0,220.19,GIZDQOSDHI4A
228,D,21,resale,GN6DCMRTHA3TGMZWGUYHYMJZHEZTCNJSG43DK,,,156.0,181.74,GIZDQOSEHIZDC
228,D,22,resale,GN6DCMRTHA3TGMZWGUYHYMJZHEZTCNJSG43DK,,,156.0,181.74,GIZDQOSEHIZDE
228,E,5,resale,GN6DCMRVHA4TCMJSG4YXYMJZHFSTONZTMNQTK,,,133.0,154.95,GIZDQOSFHI2Q
228,E,6,resale,GN6DCMRVHA4TCMJSG4YXYMJZHFSTONZTMNQTK,,,133.0,154.95,GIZDQOSFHI3A
228,E,7,resale,GN6DCMRVHA4TCMJSG4YXYMJZHFSTONZTMNQTK,,,133.0,154.95,GIZDQOSFHI3Q
228,E,8,resale,GN6DCMRVHA4TCMJSG4YXYMJZHFSTONZTMNQTK,,,133.0,154.95,GIZDQOSFHI4A
228,E,9,resale,GN6DCMRVHA4TCMJSG4YXYMJZHFSTONZTMNQTK,,,133.0,154.95,GIZDQOSFHI4Q
228,E,10,resale,GN6DCMRVHA4TCMJSG4YXYMJZHFSTONZTMNQTK,,,133.0,154.95,GIZDQOSFHIYTA
228,E,11,resale,GN6DCMRVHA4TCMJSG4YXYMJZHFSTONZTMNQTK,,,133.0,154.95,GIZDQOSFHIYTC
228,E,12,resale,GN6DCMRVHA4TCMJSG4YXYMJZHFSTONZTMNQTK,,,133.0,154.95,GIZDQOSFHIYTE
228,E,13,resale,GN6DCMRVHA4TCMJSG4YXYMJZHFSTONZTMNQTK,,,133.0,154.95,GIZDQOSFHIYTG
228,E,14,resale,GN6DCMRVHA4TCMJSG4YXYMJZHFSTONZTMNQTK,,,133.0,154.95,GIZDQOSFHIYTI
228,G,17,primary,GJ6DC7BWGY,Verified Buccaneers Ticket,P19,130.0,169.3,GIZDQOSHHIYTO
228,G,18,primary,GJ6DC7BWGY,Verified Buccaneers Ticket,P19,130.0,169.3,GIZDQOSHHIYTQ
228,J,15,resale,GN6DCMRVGMYDONZZGYZHYMJZHBRDGYJUMRTDK,,,130.0,151.45,GIZDQOSKHIYTK
228,J,16,resale,GN6DCMRVGMYDONZZGYZHYMJZHBRDGYJUMRTDK,,,130.0,151.45,GIZDQOSKHIYTM
228,R,1,resale,GN6DCMRVGM2TMMZWGI3XYMJZHFSTONTDGQ3TK,,,124.0,144.46,GIZDQOSSHIYQ
228,R,2,resale,GN6DCMRVGM2TMMZWGI3XYMJZHFSTONTDGQ3TK,,,124.0,144.46,GIZDQOSSHIZA
228,R,3,resale,GN6DCMRVGM2TMMZWGI3XYMJZHFSTONTDGQ3TK,,,124.0,144.46,GIZDQOSSHIZQ
228,R,4,resale,GN6DCMRVGM2TMMZWGI3XYMJZHFSTONTDGQ3TK,,,124.0,144.46,GIZDQOSSHI2A
228,R,5,resale,GN6DCMRVGM2TMMZWGI3XYMJZHFSTONTDGQ3TK,,,124.0,144.46,GIZDQOSSHI2Q
228,R,6,resale,GN6DCMRVGM2TMMZWGI3XYMJZHFSTONTDGQ3TK,,,124.0,144.46,GIZDQOSSHI3A
228,R,7,resale,GN6DCMRVGM2TMMZWGI3XYMJZHFSTONTDGQ3TK,,,124.0,144.46,GIZDQOSSHI3Q
228,R,8,resale,GN6DCMRVGM2TMMZWGI3XYMJZHFSTONTDGQ3TK,,,124.0,144.46,GIZDQOSSHI4A
228,R,9,resale,GN6DCMRVGM2TMMZWGI3XYMJZHFSTONTDGQ3TK,,,124.0,144.46,GIZDQOSSHI4Q
228,R,10,resale,GN6DCMRVGM2TMMZWGI3XYMJZHFSTONTDGQ3TK,,,124.0,144.46,GIZDQOSSHIYTA
228,R,11,resale,GN6DCMRVGM2TMMZWGI3XYMJZHFSTONTDGQ3TK,,,124.0,144.46,GIZDQOSSHIYTC
228,R,12,resale,GN6DCMRVGM2TMMZWGI3XYMJZHFSTONTDGQ3TK,,,124.0,144.46,GIZDQOSSHIYTE
228,U,13,resale,GN6DCMRWGA2DINRQGE2HYMJZHFSWGYTDMYYTK,,,123.0,143.3,GIZDQOSVHIYTG
228,U,14,resale,GN6DCMRWGA2DINRQGE2HYMJZHFSWGYTDMYYTK,,,123.0,143.3,GIZDQOSVHIYTI
228,U,15,resale,GN6DCMRWGA2DINRQGE2HYMJZHFSWGYTDMYYTK,,,123.0,143.3,GIZDQOSVHIYTK
228,U,16,resale,GN6DCMRWGA2DINRQGE2HYMJZHFSWGYTDMYYTK,,,123.0,143.3,GIZDQOSVHIYTM
228,U,17,resale,GN6DCMRWGA2DINRQGE2HYMJZHFSWGYTDMYYTK,,,123.0,143.3,GIZDQOSVHIYTO
228,U,18,resale,GN6DCMRWGA2DINRQGE2HYMJZHFSWGYTDMYYTK,,,123.0,143.3,GIZDQOSVHIYTQ
228,U,19,resale,GN6DCMRWGA2DINRQGE2HYMJZHFSWGYTDMYYTK,,,123.0,143.3,GIZDQOSVHIYTS
228,U,20,resale,GN6DCMRWGA2DINRQGE2HYMJZHFSWGYTDMYYTK,,,123.0,143.3,GIZDQOSVHIZDA
228,U,21,resale,GN6DCMRWGA2DINRQGE2HYMJZHFSWGYTDMYYTK,,,123.0,143.3,GIZDQOSVHIZDC
228,U,22,resale,GN6DCMRWGA2DINRQGE2HYMJZHFSWGYTDMYYTK,,,123.0,143.3,GIZDQOSVHIZDE
228,V,23,resale,GN6DCMRWGA2DINJXG42HYMJZHFSWGYRYG4YTK,,,117.0,136.31,GIZDQOSWHIZDG
228,V,24,resale,GN6DCMRWGA2DINJXG42HYMJZHFSWGYRYG4YTK,,,117.0,136.31,GIZDQOSWHIZDI
229,N,3,resale,GN6DCMRUGIYDENZRGA2HYMJZHFSTONTEMUZTK,,,119.0,138.64,GIZDSOSOHIZQ
229,N,4,resale,GN6DCMRUGIYDENZRGA2HYMJZHFSTONTEMUZTK,,,119.0,138.64,GIZDSOSOHI2A
229,R,1,resale,GN6DCMJZG43DMMJQGQYXYMJZHFSTONRXMZRDK,,,119.0,138.64,GIZDSOSSHIYQ
229,R,2,resale,GN6DCMJZG43DMMJQGQYXYMJZHFSTONRXMZRDK,,,119.0,138.64,GIZDSOSSHIZA
229,R,3,resale,GN6DCMJZG43DMMJQGQYXYMJZHFSTONRXMZRDK,,,119.0,138.64,GIZDSOSSHIZQ
229,T,5,resale,GN6DCMRWGA2DINRQGE4HYMJZHFSWGYZWGZRTK,,,118.0,137.47,GIZDSOSUHI2Q
229,T,6,resale,GN6DCMRWGA2DINRQGE4HYMJZHFSWGYZWGZRTK,,,118.0,137.47,GIZDSOSUHI3A
229,U,1,resale,GN6DCMRTHEYDOOBRGIYHYMJZHFSTONRXMQ4DK,,,118.0,137.47,GIZDSOSVHIYQ
229,U,2,resale,GN6DCMRTHEYDOOBRGIYHYMJZHFSTONRXMQ4DK,,,118.0,137.47,GIZDSOSVHIZA
229,U,3,resale,GN6DCMRTHEYDOOBRGIYHYMJZHFSTONRXMQ4DK,,,118.0,137.47,GIZDSOSVHIZQ
229,U,4,resale,GN6DCMRTHEYDOOBRGIYHYMJZHFSTONRXMQ4DK,,,118.0,137.47,GIZDSOSVHI2A
229,U,5,resale,GN6DCMRTHEYDOOBRGIYHYMJZHFSTONRXMQ4DK,,,118.0,137.47,GIZDSOSVHI2Q
229,U,6,resale,GN6DCMRTHEYDOOBRGIYHYMJZHFSTONRXMQ4DK,,,118.0,137.47,GIZDSOSVHI3A
229,Y,1,resale,GN6DCMRWGA2DINRQGE4XYMJZHFSWGYZVGIZDK,,,115.0,133.98,GIZDSOSZHIYQ
229,Y,2,resale,GN6DCMRWGA2DINRQGE4XYMJZHFSWGYZVGIZDK,,,115.0,133.98,GIZDSOSZHIZA
229,Z,11,resale,GN6DCMRWGA2DINJXHAZXYMJZHFSWGYRRGAYTK,,,114.0,132.81,GIZDSOS2HIYTC
229,Z,12,resale,GN6DCMRWGA2DINJXHAZXYMJZHFSWGYRRGAYTK,,,114.0,132.81,GIZDSOS2HIYTE
229,Z,13,resale,GN6DCMRWGA2DINJXHAZXYMJZHFSWGYRRGAYTK,,,114.0,132.81,GIZDSOS2HIYTG
230,F,17,resale,GN6DCMJZG43DMMBVGE2HYMJZHFSTQYTFMRRTK,,,298.0,347.17,GIZTAOSGHIYTO
230,F,18,resale,GN6DCMJZG43DMMBVGE2HYMJZHFSTQYTFMRRTK,,,298.0,347.17,GIZTAOSGHIYTQ
230,F,19,resale,GN6DCMJZG43DMMBVGE2HYMJZHFSTQYTFMRRTK,,,298.0,347.17,GIZTAOSGHIYTS
230,J,13,resale,GN6DCMJZG43DMMBVGQ2HYMJZHFSTSOBQMYYDK,,,287.0,334.36,GIZTAOSKHIYTG
230,J,14,resale,GN6DCMJZG43DMMBVGQ2HYMJZHFSTSOBQMYYDK,,,287.0,334.36,GIZTAOSKHIYTI
230,J,15,resale,GN6DCMJZG43DMMBVGQ2HYMJZHFSTSOBQMYYDK,,,287.0,334.36,GIZTAOSKHIYTK
230,U,18,resale,GN6DCMJZG43DMMBVGM3XYMJZHFSTQN3CMVRTK,,,270.0,314.55,GIZTAOSVHIYTQ
230,U,19,resale,GN6DCMJZG43DMMBVGM3XYMJZHFSTQN3CMVRTK,,,270.0,314.55,GIZTAOSVHIYTS
231,C,14,resale,GN6DCMJZGEYDGMZYGAZHYMJZHFSWEZTEHBQTK,,,319.0,371.64,GIZTCOSDHIYTI
231,C,15,resale,GN6DCMJZGEYDGMZYGAZHYMJZHFSWEZTEHBQTK,,,319.0,371.64,GIZTCOSDHIYTK
231,C,16,resale,GN6DCMRTGU2DQNJTGI2XYMJZHEZTCNJSG4ZDK,,,241.0,280.77,GIZTCOSDHIYTM
231,C,17,resale,GN6DCMRTGU2DQNJTGI2XYMJZHEZTCNJSG4ZDK,,,241.0,280.77,GIZTCOSDHIYTO
231,CC,3,resale,GN6DCMRVHA2TIMJSHA3HYMJZHFSTOY3EGU3TK,,,269.0,313.39,GIZTCOSDIM5DG
231,CC,4,resale,GN6DCMRVHA2TIMJSHA3HYMJZHFSTOY3EGU3TK,,,269.0,313.39,GIZTCOSDIM5DI
231,R,1,resale,GN6DCMRQGI3DCMJYHA4HYMJZHFSTQYTGGNQTK,,,282.0,328.53,GIZTCOSSHIYQ
231,R,2,resale,GN6DCMRQGI3DCMJYHA4HYMJZHFSTQYTGGNQTK,,,282.0,328.53,GIZTCOSSHIZA
231,T,11,resale,GN6DCMJZG43DMMBVGA4HYMJZHFSTQYZUGEYTK,,,280.0,326.2,GIZTCOSUHIYTC
231,T,12,resale,GN6DCMJZG43DMMBVGA4HYMJZHFSTQYZUGEYTK,,,280.0,326.2,GIZTCOSUHIYTE
231,T,13,resale,GN6DCMJZG43DMMBVGA4HYMJZHFSTQYZUGEYTK,,,280.0,326.2,GIZTCOSUHIYTG
231,T,14,resale,GN6DCMJZG43DMMBVGA4HYMJZHFSTQYZUGEYTK,,,280.0,326.2,GIZTCOSUHIYTI
231,V,11,resale,GN6DCMJZG43DMMBVGMYXYMJZHFSWEYLEGBSTK,,,279.0,325.04,GIZTCOSWHIYTC
231,V,12,resale,GN6DCMJZG43DMMBVGMYXYMJZHFSWEYLEGBSTK,,,279.0,325.04,GIZTCOSWHIYTE
231,V,14,primary,GJ6DC7BVGU,Verified Buccaneers Ticket,P8,235.0,303.58,GIZTCOSWHIYTI
231,V,15,primary,GJ6DC7BVGU,Verified Buccaneers Ticket,P8,235.0,303.58,GIZTCOSWHIYTK
231,V,16,primary,GJ6DC7BVGU,Verified Buccaneers Ticket,P8,235.0,303.58,GIZTCOSWHIYTM
232,A,12,resale,GN6DCMRTHE2TSMJVG4ZHYMJZHEZTCNJTG43TK,,,450.0,524.25,GIZTEOSBHIYTE
232,A,13,resale,GN6DCMRTHE2TSMJVG4ZHYMJZHEZTCNJTG43TK,,,450.0,524.25,GIZTEOSBHIYTG
232,A,14,resale,GN6DCMRTHE2TSMJVG4ZHYMJZHEZTCNJTG43TK,,,450.0,524.25,GIZTEOSBHIYTI
232,A,17,resale,GN6DCMRSGUYTAOJZGU2XYMJZHEZTCNJTMY4DK,,,400.0,466.0,GIZTEOSBHIYTO
232,A,18,resale,GN6DCMRSGUYTAOJZGU2XYMJZHEZTCNJTMY4DK,,,400.0,466.0,GIZTEOSBHIYTQ
232,E,5,resale,GN6DCMRUGIZDIOBZGQ2XYMJZHFSWEZRUMMYTK,,,329.0,383.29,GIZTEOSFHI2Q
232,E,6,resale,GN6DCMRUGIZDIOBZGQ2XYMJZHFSWEZRUMMYTK,,,329.0,383.29,GIZTEOSFHI3A
232,F,1,resale,GN6DCMRUGUZDGNJXGYYHYMJZHEZTCNLEMM3DK,,,299.0,348.34,GIZTEOSGHIYQ
232,F,2,resale,GN6DCMRUGUZDGNJXGYYHYMJZHEZTCNLEMM3DK,,,299.0,348.34,GIZTEOSGHIZA
232,G,7,primary,GJ6DCMBQGAYTANBQGAYDAN34GI3DALRQGB6DKMROGUYHYMROGUYHYMJZFY2TA7D4PR6A,Verified Buccaneers Ticket,,260.0,334.5,GIZTEOSHHI3Q
232,G,8,primary,GJ6DCMBQGAYTANBQGAYDAN34GI3DALRQGB6DKMROGUYHYMROGUYHYMJZFY2TA7D4PR6A,Verified Buccaneers Ticket,,260.0,334.5,GIZTEOSHHI4A
232,G,9,primary,GJ6DCMBQGAYTANBQGAYDAN34GI3DALRQGB6DKMROGUYHYMROGUYHYMJZFY2TA7D4PR6A,Verified Buccaneers Ticket,,260.0,334.5,GIZTEOSHHI4Q
232,H,3,resale,GN6DCMRUGIZDIOJQGE4XYMJZHFSWEZRZMY2TK,,,303.0,353.0,GIZTEOSIHIZQ
232,K,17,primary,GJ6DC7BVGU,Verified Buccaneers Ticket,P8,235.0,303.58,GIZTEOSLHIYTO
232,K,18,primary,GJ6DC7BVGU,Verified Buccaneers Ticket,P8,235.0,303.58,GIZTEOSLHIYTQ
232,L,11,resale,GN6DCMJZGEYDGMZVHA3HYMJZHFSTQYZWMY4DK,,,310.0,361.15,GIZTEOSMHIYTC
232,L,12,resale,GN6DCMJZGEYDGMZVHA3HYMJZHFSTQYZWMY4DK,,,310.0,361.15,GIZTEOSMHIYTE
232,L,13,resale,GN6DCMJZGEYDGMZVHA3HYMJZHFSTQYZWMY4DK,,,310.0,361.15,GIZTEOSMHIYTG
232,L,14,resale,GN6DCMJZGEYDGMZVHA3HYMJZHFSTQYZWMY4DK,,,310.0,361.15,GIZTEOSMHIYTI
232,L,15,resale,GN6DCMJZGEYDGMZVHA3HYMJZHFSTQYZWMY4DK,,,310.0,361.15,GIZTEOSMHIYTK
232,L,16,resale,GN6DCMJZGEYDGMZVHA3HYMJZHFSTQYZWMY4DK,,,310.0,361.15,GIZTEOSMHIYTM
232,L,17,resale,GN6DCMJZGEYDGMZVHA3HYMJZHFSTQYZWMY4DK,,,310.0,361.15,GIZTEOSMHIYTO
232,M,17,resale,GN6DCMRUGIZDIOJQGIYXYMJZHFSTQYTCMNSDK,,,310.0,361.15,GIZTEOSNHIYTO
232,M,18,resale,GN6DCMRUGIZDIOJQGIYXYMJZHFSTQYTCMNSDK,,,310.0,361.15,GIZTEOSNHIYTQ
232,M,19,resale,GN6DCMRUGIZDIOJQGIYXYMJZHFSTQYTCMNSDK,,,310.0,361.15,GIZTEOSNHIYTS
232,M,20,resale,GN6DCMRUGIZDIOJQGIYXYMJZHFSTQYTCMNSDK,,,310.0,361.15,GIZTEOSNHIZDA
232,M,21,resale,GN6DCMRUGIZDIOJQGIYXYMJZHFSTQYTCMNSDK,,,310.0,361.15,GIZTEOSNHIZDC
232,M,22,resale,GN6DCMRUGIZDIOJQGIYXYMJZHFSTQYTCMNSDK,,,310.0,361.15,GIZTEOSNHIZDE
232,R,15,resale,GN6DCMRTHE4DSMJRGI2XYMJZHFSTIMJTMQZTK,,,288.0,335.52,GIZTEOSSHIYTK
232,R,16,resale,GN6DCMRTHE4DSMJRGI2XYMJZHFSTIMJTMQZTK,,,288.0,335.52,GIZTEOSSHIYTM
232,V,5,resale,GN6DCMJZG43DMMBVGA2XYMJZHFSTQYZRG5QTK,,,297.0,346.01,GIZTEOSWHI2Q
232,V,6,resale,GN6DCMJZG43DMMBVGA2XYMJZHFSTQYZRG5QTK,,,297.0,346.01,GIZTEOSWHI3A
232,X,3,resale,GN6DCMJZG43DMMBUHE4XYMJZHFSWEZRWGVTDK,,,294.0,342.51,GIZTEOSYHIZQ
232,X,4,resale,GN6DCMJZG43DMMBUHE4XYMJZHFSWEZRWGVTDK,,,294.0,342.51,GIZTEOSYHI2A
232,X,5,resale,GN6DCMJZG43DMMBUHE4XYMJZHFSWEZRWGVTDK,,,294.0,342.51,GIZTEOSYHI2Q
232,X,6,resale,GN6DCMJZG43DMMBUHE4XYMJZHFSWEZRWGVTDK,,,294.0,342.51,GIZTEOSYHI3A
232,X,19,primary,GJ6DC7BVGU,Verified Buccaneers Ticket,P8,235.0,303.58,GIZTEOSYHIYTS
232,X,20,primary,GJ6DC7BVGU,Verified Buccaneers Ticket,P8,235.0,303.58,GIZTEOSYHIZDA
233,A,17,resale,GN6DCMRVHA2TONJRGI2XYMJZHFQWGM3CMM2TK,,,319.0,371.64,GIZTGOSBHIYTO
233,A,18,resale,GN6DCMRVHA2TONJRGI2XYMJZHFQWGM3CMM2TK,,,319.0,371.64,GIZTGOSBHIYTQ
233,B,7,resale,GN6DCMRTHAZTMMBVGM3XYMJZHFSWEZRWMY2DK,,,351.0,408.92,GIZTGOSCHI3Q
233,B,8,resale,GN6DCMRTHAZTMMBVGM3XYMJZHFSWEZRWMY2DK,,,351.0,408.92,GIZTGOSCHI4A
233,C,9,resale,GN6DCMRVGY4DMNJTG42XYMJZHFSWEZTEHAYTK,,,316.0,368.14,GIZTGOSDHI4Q
233,C,10,resale,GN6DCMRVGY4DMNJTG42XYMJZHFSWEZTEHAYTK,,,316.0,368.14,GIZTGOSDHIYTA
233,C,11,resale,GN6DCMRVGY4DMNJTG42XYMJZHFSWEZTEHAYTK,,,316.0,368.14,GIZTGOSDHIYTC
233,G,13,resale,GN6DCMRVG4ZTAMBRGE3XYMJZHFSWEZRWMQ2TK,,,306.0,356.49,GIZTGOSHHIYTG
233,G,14,resale,GN6DCMRVG4ZTAMBRGE3XYMJZHFSWEZRWMQ2TK,,,306.0,356.49,GIZTGOSHHIYTI
233,G,15,resale,GN6DCMRVG4ZTAMBRGE3XYMJZHFSWEZRWMQ2TK,,,306.0,356.49,GIZTGOSHHIYTK
233,G,16,resale,GN6DCMRVG4ZTAMBRGE3XYMJZHFSWEZRWMQ2TK,,,306.0,356.49,GIZTGOSHHIYTM
233,H,14,resale,GN6DCMRVG4ZTAMBRGE3HYMJZHFSWEZRZMRQTK,,,304.0,354.16,GIZTGOSIHIYTI
233,H,15,resale,GN6DCMRVG4ZTAMBRGE3HYMJZHFSWEZRZMRQTK,,,304.0,354.16,GIZTGOSIHIYTK
233,H,16,resale,GN6DCMRVG4ZTAMBRGE3HYMJZHFSWEZRZMRQTK,,,304.0,354.16,GIZTGOSIHIYTM
233,H,17,resale,GN6DCMRVG4ZTAMBRGE3HYMJZHFSWEZRZMRQTK,,,304.0,354.16,GIZTGOSIHIYTO
233,H,18,resale,GN6DCMRVG4ZTAMBRGE3HYMJZHFSWEZRZMRQTK,,,304.0,354.16,GIZTGOSIHIYTQ
233,H,19,resale,GN6DCMRVG4ZTAMBRGE3HYMJZHFSWEZRZMRQTK,,,304.0,354.16,GIZTGOSIHIYTS
233,H,20,resale,GN6DCMRVG4ZTAMBRGE3HYMJZHFSWEZRZMRQTK,,,304.0,354.16,GIZTGOSIHIZDA
233,L,5,resale,GN6DCMRVGY4DMNJTGU3HYMJZHFSWEZRRMEZTK,,,316.0,368.14,GIZTGOSMHI2Q
233,L,6,resale,GN6DCMRVGY4DMNJTGU3HYMJZHFSWEZRRMEZTK,,,316.0,368.14,GIZTGOSMHI3A
233,L,7,resale,GN6DCMRVGY4DMNJTGU3HYMJZHFSWEZRRMEZTK,,,316.0,368.14,GIZTGOSMHI3Q
233,L,8,resale,GN6DCMRVGY4DMNJTGU3HYMJZHFSWEZRRMEZTK,,,316.0,368.14,GIZTGOSMHI4A
233,L,9,resale,GN6DCMRVGY4DMNJTGU3HYMJZHFSWEZRRMEZTK,,,316.0,368.14,GIZTGOSMHI4Q
233,L,10,resale,GN6DCMRVGY4DMNJTGU3HYMJZHFSWEZRRMEZTK,,,316.0,368.14,GIZTGOSMHIYTA
233,L,11,resale,GN6DCMRVGY4DMNJTGU3HYMJZHFSWEZRRMEZTK,,,316.0,368.14,GIZTGOSMHIYTC
233,L,12,resale,GN6DCMRVGY4DMNJTGU3HYMJZHFSWEZRRMEZTK,,,316.0,368.14,GIZTGOSMHIYTE
233,L,13,resale,GN6DCMRVGY4DMNJTGU3HYMJZHFSWEZRRMEZTK,,,316.0,368.14,GIZTGOSMHIYTG
233,L,14,resale,GN6DCMRVGY4DMNJTGU3HYMJZHFSWEZRRMEZTK,,,316.0,368.14,GIZTGOSMHIYTI
233,L,15,resale,GN6DCMRVGY4DMNJTGU3HYMJZHFSWEZRRMEZTK,,,316.0,368.14,GIZTGOSMHIYTK
233,L,16,resale,GN6DCMRVGY4DMNJTGU3HYMJZHFSWEZRRMEZTK,,,316.0,368.14,GIZTGOSMHIYTM
233,M,1,resale,GN6DCMRTHEZTMNRSGEYXYMJZHEZTCNJWGZRDK,,,300.0,349.5,GIZTGOSNHIYQ
233,M,2,resale,GN6DCMRTHEZTMNRSGEYXYMJZHEZTCNJWGZRDK,,,300.0,349.5,GIZTGOSNHIZA
233,P,17,primary,GJ6DC7BVGQ,Verified Buccaneers Ticket,P7,305.0,393.13,GIZTGOSQHIYTO
233,P,18,primary,GJ6DC7BVGQ,Verified Buccaneers Ticket,P7,305.0,393.13,GIZTGOSQHIYTQ
233,R,1,resale,GN6DCMRVG4ZTAMBRGI2XYMJZHFSWEZTCGQZTK,,,321.0,373.97,GIZTGOSSHIYQ
233,R,2,resale,GN6DCMRVG4ZTAMBRGI2XYMJZHFSWEZTCGQZTK,,,321.0,373.97,GIZTGOSSHIZA
233,R,3,resale,GN6DCMRVG4ZTAMBRGI2XYMJZHFSWEZTCGQZTK,,,321.0,373.97,GIZTGOSSHIZQ
233,R,4,resale,GN6DCMRVG4ZTAMBRGI2XYMJZHFSWEZTCGQZTK,,,321.0,373.97,GIZTGOSSHI2A
233,R,5,resale,GN6DCMRVG4ZTAMBRGI2XYMJZHFSWEZTCGQZTK,,,321.0,373.97,GIZTGOSSHI2Q
233,R,6,resale,GN6DCMRVG4ZTAMBRGI2XYMJZHFSWEZTCGQZTK,,,321.0,373.97,GIZTGOSSHI3A
233,R,7,resale,GN6DCMRVG4ZTAMBRGI2XYMJZHFSWEZTCGQZTK,,,321.0,373.97,GIZTGOSSHI3Q
233,R,8,resale,GN6DCMRVG4ZTAMBRGI2XYMJZHFSWEZTCGQZTK,,,321.0,373.97,GIZTGOSSHI4A
233,R,9,resale,GN6DCMRVG4ZTAMBRGI2XYMJZHFSWEZTCGQZTK,,,321.0,373.97,GIZTGOSSHI4Q
233,R,10,resale,GN6DCMRVG4ZTAMBRGI2XYMJZHFSWEZTCGQZTK,,,321.0,373.97,GIZTGOSSHIYTA
233,R,11,resale,GN6DCMRVG4ZTAMBRGI2XYMJZHFSWEZTCGQZTK,,,321.0,373.97,GIZTGOSSHIYTC
233,R,12,resale,GN6DCMRVG4ZTAMBRGI2XYMJZHFSWEZTCGQZTK,,,321.0,373.97,GIZTGOSSHIYTE
233,R,21,resale,GN6DCMRVGA4DQOBQGQ3XYMJZHA2GGNJRGEZTK,,,300.0,349.5,GIZTGOSSHIZDC
233,R,22,resale,GN6DCMRVGA4DQOBQGQ3XYMJZHA2GGNJRGEZTK,,,300.0,349.5,GIZTGOSSHIZDE
233,W,3,resale,GN6DCMRWGA2DINRQGE3XYMJZHFSWGYZVMI3TK,,,304.0,354.16,GIZTGOSXHIZQ
233,W,4,resale,GN6DCMRWGA2DINRQGE3XYMJZHFSWGYZVMI3TK,,,304.0,354.16,GIZTGOSXHI2A
233,W,5,resale,GN6DCMRWGA2DINRQGE3XYMJZHFSWGYZVMI3TK,,,304.0,354.16,GIZTGOSXHI2Q
233,W,6,resale,GN6DCMRWGA2DINRQGE3XYMJZHFSWGYZVMI3TK,,,304.0,354.16,GIZTGOSXHI3A
233,W,7,resale,GN6DCMRWGA2DINRQGE3XYMJZHFSWGYZVMI3TK,,,304.0,354.16,GIZTGOSXHI3Q
233,W,8,resale,GN6DCMRWGA2DINRQGE3XYMJZHFSWGYZVMI3TK,,,304.0,354.16,GIZTGOSXHI4A
233,W,9,resale,GN6DCMRWGA2DINRQGE3XYMJZHFSWGYZVMI3TK,,,304.0,354.16,GIZTGOSXHI4Q
233,W,10,resale,GN6DCMRWGA2DINRQGE3XYMJZHFSWGYZVMI3TK,,,304.0,354.16,GIZTGOSXHIYTA
233,X,9,primary,GJ6DC7BVGQ,Verified Buccaneers Ticket,P7,305.0,393.13,GIZTGOSYHI4Q
233,X,10,primary,GJ6DC7BVGQ,Verified Buccaneers Ticket,P7,305.0,393.13,GIZTGOSYHIYTA
233,Y,7,resale,GN6DCMRVHE4TMNBSHE2XYMJZHFSWEZTEHBSDK,,,285.0,332.03,GIZTGOSZHI3Q
233,Y,8,resale,GN6DCMRVHE4TMNBSHE2XYMJZHFSWEZTEHBSDK,,,285.0,332.03,GIZTGOSZHI4A
233,Y,9,resale,GN6DCMRVHE4TMNBSHE2XYMJZHFSWEZTEHBSDK,,,285.0,332.03,GIZTGOSZHI4Q
234,B,7,resale,GN6DCMJZGEYDGMZYGY3XYMJZHFSWEZTCMZTDK,,,486.0,566.19,GIZTIOSCHI3Q
234,B,8,resale,GN6DCMJZGEYDGMZYGY3XYMJZHFSWEZTCMZTDK,,,486.0,566.19,GIZTIOSCHI4A
234,BB,16,resale,GN6DCMRVGQ3TMNZSHEZXYMJZHFSWEZRZGM4DK,,,314.0,365.81,GIZTIOSCII5DCNQ
234,BB,17,resale,GN6DCMRVGQ3TMNZSHEZXYMJZHFSWEZRZGM4DK,,,314.0,365.81,GIZTIOSCII5DCNY
234,BB,18,resale,GN6DCMRVGQ3TMNZSHEZXYMJZHFSWEZRZGM4DK,,,314.0,365.81,GIZTIOSCII5DCOA
234,C,5,resale,GN6DCMJZGEYDGMZYGEYXYMJZHFSWEZRZGNSDK,,,366.0,426.39,GIZTIOSDHI2Q
234,C,6,resale,GN6DCMJZGEYDGMZYGEYXYMJZHFSWEZRZGNSDK,,,366.0,426.39,GIZTIOSDHI3A
234,C,7,resale,GN6DCMJZGEYDGMZYGEYXYMJZHFSWEZRZGNSDK,,,366.0,426.39,GIZTIOSDHI3Q
234,C,8,resale,GN6DCMJZGEYDGMZYGEYXYMJZHFSWEZRZGNSDK,,,366.0,426.39,GIZTIOSDHI4A
234,C,9,resale,GN6DCMJZGEYDGMZYGEYXYMJZHFSWEZRZGNSDK,,,366.0,426.39,GIZTIOSDHI4Q
234,C,10,resale,GN6DCMJZGEYDGMZYGEYXYMJZHFSWEZRZGNSDK,,,366.0,426.39,GIZTIOSDHIYTA
234,DD,1,resale,GN6DCMRUGE3TSMRZGUYXYMJZHFSWEZRSHAYDK,,,307.0,357.66,GIZTIOSEIQ5DC
234,DD,2,resale,GN6DCMRUGE3TSMRZGUYXYMJZHFSWEZRSHAYDK,,,307.0,357.66,GIZTIOSEIQ5DE
234,F,1,resale,GN6DCMRVGU2DGMJYG43XYMJZHEZDKYZVGUZDK,,,325.0,378.63,GIZTIOSGHIYQ
234,F,2,resale,GN6DCMRVGU2DGMJYG43XYMJZHEZDKYZVGUZDK,,,325.0,378.63,GIZTIOSGHIZA
234,F,19,resale,GN6DCMJZG42TIOJRHEYHYMJZHFSWEZRZMQ3DK,,,319.0,371.64,GIZTIOSGHIYTS
234,H,3,resale,GN6DCMRUHE4DANJWHA2XYMJZHFSWEZRUME2TK,,,316.0,368.14,GIZTIOSIHIZQ
234,J,15,primary,GJ6DC7BVGQ,Verified Buccaneers Ticket,P7,305.0,393.13,GIZTIOSKHIYTK
234,J,16,primary,GJ6DC7BVGQ,Verified Buccaneers Ticket,P7,305.0,393.13,GIZTIOSKHIYTM
234,K,3,resale,GN6DCMJZGE3DAOJRHA2XYMJZHFSWEZRXHFSDK,,,328.0,382.12,GIZTIOSLHIZQ
234,K,4,resale,GN6DCMJZGE3DAOJRHA2XYMJZHFSWEZRXHFSDK,,,328.0,382.12,GIZTIOSLHI2A
234,K,5,resale,GN6DCMJZGE3DAOJRHA2XYMJZHFSWEZRXHFSDK,,,328.0,382.12,GIZTIOSLHI2Q
234,M,4,resale,GN6DCMRVGUYDCNZVGYYXYMJZHFSWEZRWMQ4DK,,,324.0,377.46,GIZTIOSNHI2A
234,M,5,resale,GN6DCMRVGUYDCNZVGYYXYMJZHFSWEZRWMQ4DK,,,324.0,377.46,GIZTIOSNHI2Q
234,M,6,resale,GN6DCMRVGUYDCNZVGYYXYMJZHFSWEZRWMQ4DK,,,324.0,377.46,GIZTIOSNHI3A
234,M,7,resale,GN6DCMRVGUYDCNZVGYYXYMJZHFSWEZRWMQ4DK,,,324.0,377.46,GIZTIOSNHI3Q
234,M,8,resale,GN6DCMRVGUYDCNZVGYYXYMJZHFSWEZRWMQ4DK,,,324.0,377.46,GIZTIOSNHI4A
234,M,9,resale,GN6DCMRVGUYDCNZVGYYXYMJZHFSWEZRWMQ4DK,,,324.0,377.46,GIZTIOSNHI4Q
234,R,11,resale,GN6DCMJZGEYDGNZVGAZHYMJZHFSWEZRVHBSTK,,,351.0,408.92,GIZTIOSSHIYTC
234,R,12,resale,GN6DCMJZGEYDGNZVGAZHYMJZHFSWEZRVHBSTK,,,351.0,408.92,GIZTIOSSHIYTE
234,R,13,resale,GN6DCMJZGEYDGNZVGAZHYMJZHFSWEZRVHBSTK,,,351.0,408.92,GIZTIOSSHIYTG
234,R,14,resale,GN6DCMJZGEYDGNZVGAZHYMJZHFSWEZRVHBSTK,,,351.0,408.92,GIZTIOSSHIYTI
234,R,15,resale,GN6DCMJZGEYDGNZVGAZHYMJZHFSWEZRVHBSTK,,,351.0,408.92,GIZTIOSSHIYTK
234,R,16,resale,GN6DCMJZGEYDGNZVGAZHYMJZHFSWEZRVHBSTK,,,351.0,408.92,GIZTIOSSHIYTM
234,R,17,resale,GN6DCMJZGEYDGNZVGAZHYMJZHFSWEZRVHBSTK,,,351.0,408.92,GIZTIOSSHIYTO
234,R,18,resale,GN6DCMJZGEYDGNZVGAZHYMJZHFSWEZRVHBSTK,,,351.0,408.92,GIZTIOSSHIYTQ
234,U,10,resale,GN6DCMRVHA2DQMZVGA4XYMJZHFSWEZRQMUZTK,,,329.0,383.29,GIZTIOSVHIYTA
234,U,11,resale,GN6DCMRVHA2DQMZVGA4XYMJZHFSWEZRQMUZTK,,,329.0,383.29,GIZTIOSVHIYTC
234,U,12,resale,GN6DCMRVHA2DQMZVGA4XYMJZHFSWEZRQMUZTK,,,329.0,383.29,GIZTIOSVHIYTE
234,U,13,resale,GN6DCMRVHA2DQMZVGA4XYMJZHFSWEZRQMUZTK,,,329.0,383.29,GIZTIOSVHIYTG
234,V,13,resale,GN6DCMRVGU4TKNJRGAYHYMJZHFSWEZTCGRSTK,,,325.0,378.63,GIZTIOSWHIYTG
234,V,14,resale,GN6DCMRVGU4TKNJRGAYHYMJZHFSWEZTCGRSTK,,,325.0,378.63,GIZTIOSWHIYTI
234,V,15,resale,GN6DCMRVGU4TKNJRGAYHYMJZHFSWEZTCGRSTK,,,325.0,378.63,GIZTIOSWHIYTK
234,V,16,resale,GN6DCMRVGU4TKNJRGAYHYMJZHFSWEZTCGRSTK,,,325.0,378.63,GIZTIOSWHIYTM
234,V,17,resale,GN6DCMRVGU4TKNJRGAYHYMJZHFSWEZTCGRSTK,,,325.0,378.63,GIZTIOSWHIYTO
234,V,18,resale,GN6DCMRVGU4TKNJRGAYHYMJZHFSWEZTCGRSTK,,,325.0,378.63,GIZTIOSWHIYTQ
234,Y,3,resale,GN6DCMRVGU4TKNJRGEYXYMJZHFSWEZTDGEZDK,,,335.0,390.28,GIZTIOSZHIZQ
234,Y,4,resale,GN6DCMRVGU4TKNJRGEYXYMJZHFSWEZTDGEZDK,,,335.0,390.28,GIZTIOSZHI2A
234,Y,5,resale,GN6DCMRVGU4TKNJRGEYXYMJZHFSWEZTDGEZDK,,,335.0,390.28,GIZTIOSZHI2Q
234,Y,6,resale,GN6DCMRVGU4TKNJRGEYXYMJZHFSWEZTDGEZDK,,,335.0,390.28,GIZTIOSZHI3A
234,Y,7,resale,GN6DCMRVGU4TKNJRGEYXYMJZHFSWEZTDGEZDK,,,335.0,390.28,GIZTIOSZHI3Q
234,Y,8,resale,GN6DCMRVGU4TKNJRGEYXYMJZHFSWEZTDGEZDK,,,335.0,390.28,GIZTIOSZHI4A
234,Y,9,resale,GN6DCMRVGU4TKNJRGEYXYMJZHFSWEZTDGEZDK,,,335.0,390.28,GIZTIOSZHI4Q
234,Y,10,resale,GN6DCMRVGU4TKNJRGEYXYMJZHFSWEZTDGEZDK,,,335.0,390.28,GIZTIOSZHIYTA
235,AA,5,resale,GN6DCMRTGMYTMNRZGAYHYMJZHEZTCNJYMJSDK,,,375.0,436.88,GIZTKOSBIE5DK
235,AA,6,resale,GN6DCMRTGMYTMNRZGAYHYMJZHEZTCNJYMJSDK,,,375.0,436.88,GIZTKOSBIE5DM
235,AA,7,resale,GN6DCMRTGMYTMNRZGAYHYMJZHEZTCNJYMJSDK,,,375.0,436.88,GIZTKOSBIE5DO
235,AA,8,resale,GN6DCMRTGMYTMNRZGAYHYMJZHEZTCNJYMJSDK,,,375.0,436.88,GIZTKOSBIE5DQ
235,BB,10,resale,GN6DCMJZGEYDGMZXGQ2HYMJZHFSWEZRWGRSTK,,,425.0,495.13,GIZTKOSCII5DCMA
235,G,5,resale,GN6DCMRVGU3DSOBZHAYHYMJZHEZTEMBSMEZDK,,,443.0,516.1,GIZTKOSHHI2Q
235,G,6,resale,GN6DCMRVGU3DSOBZHAYHYMJZHEZTEMBSMEZDK,,,443.0,516.1,GIZTKOSHHI3A
235,G,7,resale,GN6DCMRVGU3DSOBZHAYHYMJZHEZTEMBSMEZDK,,,443.0,516.1,GIZTKOSHHI3Q
235,G,8,resale,GN6DCMRVGU3DSOBZHAYHYMJZHEZTEMBSMEZDK,,,443.0,516.1,GIZTKOSHHI4A
235,G,9,resale,GN6DCMJZGEYDGMZWGY4HYMJZHFSGGYZXGVQTK,,,532.0,619.78,GIZTKOSHHI4Q
235,G,10,resale,GN6DCMJZGEYDGMZWGY4HYMJZHFSGGYZXGVQTK,,,532.0,619.78,GIZTKOSHHIYTA
235,H,3,resale,GN6DCMRVGU3DSOBZHAYXYMJZHE2WKMZQGZSTK,,,438.0,510.27,GIZTKOSIHIZQ
235,H,4,resale,GN6DCMRVGU3DSOBZHAYXYMJZHE2WKMZQGZSTK,,,438.0,510.27,GIZTKOSIHI2A
235,H,5,resale,GN6DCMRVGU3DSOBZHAYXYMJZHE2WKMZQGZSTK,,,438.0,510.27,GIZTKOSIHI2Q
235,H,6,resale,GN6DCMRVGU3DSOBZHAYXYMJZHE2WKMZQGZSTK,,,438.0,510.27,GIZTKOSIHI3A
235,L,3,resale,GN6DCMRUGU2DEOJRHA3XYMJZHFSWEZRXHFSTK,,,496.0,577.84,GIZTKOSMHIZQ
235,L,4,resale,GN6DCMRUGU2DEOJRHA3XYMJZHFSWEZRXHFSTK,,,496.0,577.84,GIZTKOSMHI2A
235,R,13,resale,GN6DCMJZGEYDGMZYGAYHYMJZHFSWEZRWGJQTK,,,486.0,566.19,GIZTKOSSHIYTG
235,R,14,resale,GN6DCMJZGEYDGMZYGAYHYMJZHFSWEZRWGJQTK,,,486.0,566.19,GIZTKOSSHIYTI
235,R,15,resale,GN6DCMJZGEYDGMZYGAYHYMJZHFSWEZRWGJQTK,,,486.0,566.19,GIZTKOSSHIYTK
235,R,16,resale,GN6DCMJZGEYDGMZYGAYHYMJZHFSWEZRWGJQTK,,,486.0,566.19,GIZTKOSSHIYTM
235,U,11,resale,GN6DCMJZGEYDGMZXHAYXYMJZHFSWEZRUGAZDK,,,475.0,553.38,GIZTKOSVHIYTC
235,U,12,resale,GN6DCMJZGEYDGMZXHAYXYMJZHFSWEZRUGAZDK,,,475.0,553.38,GIZTKOSVHIYTE
235,U,13,resale,GN6DCMJZGEYDGMZXHAYXYMJZHFSWEZRUGAZDK,,,475.0,553.38,GIZTKOSVHIYTG
235,U,14,resale,GN6DCMJZGEYDGMZXHAYXYMJZHFSWEZRUGAZDK,,,475.0,553.38,GIZTKOSVHIYTI
235,U,15,resale,GN6DCMJZGEYDGMZXHAYXYMJZHFSWEZRUGAZDK,,,475.0,553.38,GIZTKOSVHIYTK
235,U,16,resale,GN6DCMJZGEYDGMZXHAYXYMJZHFSWEZRUGAZDK,,,475.0,553.38,GIZTKOSVHIYTM
236,A,7,resale,GN6DCMJZGEYDGNZUGU4HYMJZHFSGGYZTMM2TK,,,799.0,930.84,GIZTMOSBHI3Q
236,A,10,resale,GN6DCMJZGIYTOOBSGYZHYMJZHEZTCNJVHEYTK,,,1000.0,1165.0,GIZTMOSBHIYTA
236,A,11,resale,GN6DCMJZGIYTOOBSGYZHYMJZHEZTCNJVHEYTK,,,1000.0,1165.0,GIZTMOSBHIYTC
236,A,12,resale,GN6DCMJZGIYTOOBSGYZHYMJZHEZTCNJVHEYTK,,,1000.0,1165.0,GIZTMOSBHIYTE
236,A,15,resale,GN6DCMRQGU4DCNBYGQZXYMJZHEZTCNJWGVTDK,,,1115.0,1298.98,GIZTMOSBHIYTK
236,A,16,resale,GN6DCMRQGU4DCNBYGQZXYMJZHEZTCNJWGVTDK,,,1115.0,1298.98,GIZTMOSBHIYTM
236,C,7,resale,GN6DCMJZGM4TQOJUG43XYMJZHEZTCNJYHBSTK,,,600.0,699.0,GIZTMOSDHI3Q
236,C,8,resale,GN6DCMJZGM4TQOJUG43XYMJZHEZTCNJYHBSTK,,,600.0,699.0,GIZTMOSDHI4A
236,C,11,resale,GN6DCMRUGE3TSMRZGI4XYMJZHFSGIN3CGEZTK,,,541.0,630.27,GIZTMOSDHIYTC
236,C,12,resale,GN6DCMRUGE3TSMRZGI4XYMJZHFSGIN3CGEZTK,,,541.0,630.27,GIZTMOSDHIYTE
236,E,5,resale,GN6DCMRRG43TKMRXGQ4HYMJZHEZTCNJTMY3DK,,,575.0,669.88,GIZTMOSFHI2Q
236,E,6,resale,GN6DCMRRG43TKMRXGQ4HYMJZHEZTCNJTMY3DK,,,575.0,669.88,GIZTMOSFHI3A
236,F,7,resale,GN6DCMJYG4YDQNZRGA3HYMJZHEZTCNLCGY3DK,,,541.0,630.27,GIZTMOSGHI3Q
236,F,8,resale,GN6DCMJYG4YDQNZRGA3HYMJZHEZTCNLCGY3DK,,,541.0,630.27,GIZTMOSGHI4A
236,F,9,resale,GN6DCMJYG4YDQNZRGA3HYMJZHEZTCNLCGY3DK,,,541.0,630.27,GIZTMOSGHI4Q
236,F,10,resale,GN6DCMJYG4YDQNZRGA3HYMJZHEZTCNLCGY3DK,,,541.0,630.27,GIZTMOSGHIYTA
236,G,17,primary,GJ6DCMBQGAYTANBQGAYDAN34GQYTKLRQGB6DQMZOGUYHYMROGUYHYMZRFYYTG7D4PR6A,Verified Buccaneers Ticket,,415.0,532.13,GIZTMOSHHIYTO
236,G,18,primary,GJ6DCMBQGAYTANBQGAYDAN34GQYTKLRQGB6DQMZOGUYHYMROGUYHYMZRFYYTG7D4PR6A,Verified Buccaneers Ticket,,415.0,532.13,GIZTMOSHHIYTQ
236,G,21,resale,GN6DCMRTHE3DIOBRHE3XYMJZHA3DIYTBGJSTK,,,411.0,478.82,GIZTMOSHHIZDC
236,G,22,resale,GN6DCMRTHE3DIOBRHE3XYMJZHA3DIYTBGJSTK,,,411.0,478.82,GIZTMOSHHIZDE
236,J,5,resale,GN6DCMJZGEYDGMZXGM2HYMJZHFSWEZRZGRSDK,,,491.0,572.02,GIZTMOSKHI2Q
236,J,6,resale,GN6DCMJZGEYDGMZXGM2HYMJZHFSWEZRZGRSDK,,,491.0,572.02,GIZTMOSKHI3A
236,J,7,resale,GN6DCMJZGEYDGMZXGM2HYMJZHFSWEZRZGRSDK,,,491.0,572.02,GIZTMOSKHI3Q
236,J,8,resale,GN6DCMJZGEYDGMZXGM2HYMJZHFSWEZRZGRSDK,,,491.0,572.02,GIZTMOSKHI4A
236,J,9,resale,GN6DCMJZGEYDGMZXGM2HYMJZHFSWEZRZGRSDK,,,491.0,572.02,GIZTMOSKHI4Q
236,K,7,resale,GN6DCMRTGQ2TQNJTHE4HYMJZHEZTCNJZGZSDK,,,400.0,466.0,GIZTMOSLHI3Q
236,K,8,resale,GN6DCMRTGQ2TQNJTHE4HYMJZHEZTCNJZGZSDK,,,400.0,466.0,GIZTMOSLHI4A
236,K,9,resale,GN6DCMRTGQ2TQNJTHE4HYMJZHEZTCNJZGZSDK,,,400.0,466.0,GIZTMOSLHI4Q
236,K,10,resale,GN6DCMRTGQ2TQNRWHAZXYMJZHEZTCNJZMZSDK,,,400.0,466.0,GIZTMOSLHIYTA
236,K,11,resale,GN6DCMRTGQ2TQNRWHAZXYMJZHEZTCNJZMZSDK,,,400.0,466.0,GIZTMOSLHIYTC
236,K,12,primary,GJ6DCMBQGAYTANBQGAYDAN34GM4TALRQGB6DOOBOGUYHYMROGUYHYMRZFYZDK7D4PR6A,Verified Buccaneers Ticket,,390.0,500.25,GIZTMOSLHIYTE
236,K,13,primary,GJ6DCMBQGAYTANBQGAYDAN34GM4TALRQGB6DOOBOGUYHYMROGUYHYMRZFYZDK7D4PR6A,Verified Buccaneers Ticket,,390.0,500.25,GIZTMOSLHIYTG
236,K,14,primary,GJ6DCMBQGAYTANBQGAYDAN34GM4TALRQGB6DOOBOGUYHYMROGUYHYMRZFYZDK7D4PR6A,Verified Buccaneers Ticket,,390.0,500.25,GIZTMOSLHIYTI
236,M,14,resale,GN6DCMJZGEYDGMZYGQYXYMJZHFSWEZTCGRRDK,,,485.0,565.03,GIZTMOSNHIYTI
236,M,15,resale,GN6DCMJZGEYDGMZYGQYXYMJZHFSWEZTCGRRDK,,,485.0,565.03,GIZTMOSNHIYTK
236,M,16,resale,GN6DCMJZGEYDGMZYGQYXYMJZHFSWEZTCGRRDK,,,485.0,565.03,GIZTMOSNHIYTM
236,M,17,resale,GN6DCMJZGEYDGMZYGQYXYMJZHFSWEZTCGRRDK,,,485.0,565.03,GIZTMOSNHIYTO
236,M,18,resale,GN6DCMJZGEYDGMZYGQYXYMJZHFSWEZTCGRRDK,,,485.0,565.03,GIZTMOSNHIYTQ
236,M,19,resale,GN6DCMJZGEYDGMZYGQYXYMJZHFSWEZTCGRRDK,,,485.0,565.03,GIZTMOSNHIYTS
236,M,20,resale,GN6DCMJZGEYDGMZYGQYXYMJZHFSWEZTCGRRDK,,,485.0,565.03,GIZTMOSNHIZDA
236,S,7,resale,GN6DCMJZGEYDGMZXGU3XYMJZHFSGGY3EHFQTK,,,506.0,589.49,GIZTMOSTHI3Q
236,S,8,resale,GN6DCMJZGEYDGMZXGU3XYMJZHFSGGY3EHFQTK,,,506.0,589.49,GIZTMOSTHI4A
236,S,9,resale,GN6DCMJZGEYDGMZXGU3XYMJZHFSGGY3EHFQTK,,,506.0,589.49,GIZTMOSTHI4Q
236,S,10,resale,GN6DCMJZGEYDGMZXGU3XYMJZHFSGGY3EHFQTK,,,506.0,589.49,GIZTMOSTHIYTA
236,S,11,resale,GN6DCMJZGEYDGMZXGU3XYMJZHFSGGY3EHFQTK,,,506.0,589.49,GIZTMOSTHIYTC
236,S,12,resale,GN6DCMJZGEYDGMZXGU3XYMJZHFSGGY3EHFQTK,,,506.0,589.49,GIZTMOSTHIYTE
236,S,13,resale,GN6DCMJZGEYDGMZXGU3XYMJZHFSGGY3EHFQTK,,,506.0,589.49,GIZTMOSTHIYTG
236,S,14,resale,GN6DCMJZGEYDGMZXGU3XYMJZHFSGGY3EHFQTK,,,506.0,589.49,GIZTMOSTHIYTI
236,U,9,resale,GN6DCMJZGEYDGNZSGQZHYMJZHFSGGYZYMU2DK,,,497.0,579.01,GIZTMOSVHI4Q
236,U,10,resale,GN6DCMJZGEYDGNZSGQZHYMJZHFSGGYZYMU2DK,,,497.0,579.01,GIZTMOSVHIYTA
236,U,11,resale,GN6DCMJZGEYDGNZSGQZHYMJZHFSGGYZYMU2DK,,,497.0,579.01,GIZTMOSVHIYTC
236,U,12,resale,GN6DCMJZGEYDGNZSGQZHYMJZHFSGGYZYMU2DK,,,497.0,579.01,GIZTMOSVHIYTE
236,U,13,resale,GN6DCMJZGEYDGNZSGQZHYMJZHFSGGYZYMU2DK,,,497.0,579.01,GIZTMOSVHIYTG
236,U,14,resale,GN6DCMJZGEYDGNZSGQZHYMJZHFSGGYZYMU2DK,,,497.0,579.01,GIZTMOSVHIYTI
236,U,15,resale,GN6DCMJZGEYDGNZSGQZHYMJZHFSGGYZYMU2DK,,,497.0,579.01,GIZTMOSVHIYTK
236,U,16,resale,GN6DCMJZGEYDGNZSGQZHYMJZHFSGGYZYMU2DK,,,497.0,579.01,GIZTMOSVHIYTM
236,U,17,resale,GN6DCMJZGEYDGNZSGQZHYMJZHFSGGYZYMU2DK,,,497.0,579.01,GIZTMOSVHIYTO
236,U,18,resale,GN6DCMJZGEYDGNZSGQZHYMJZHFSGGYZYMU2DK,,,497.0,579.01,GIZTMOSVHIYTQ
236,U,19,resale,GN6DCMJZGEYDGNZSGQZHYMJZHFSGGYZYMU2DK,,,497.0,579.01,GIZTMOSVHIYTS
236,V,12,resale,GN6DCMRUGUZDCMJYGM2HYMJZHEZTCNLDGVTDK,,,450.0,524.25,GIZTMOSWHIYTE
236,V,13,resale,GN6DCMRUGUZDCMJYGM2HYMJZHEZTCNLDGVTDK,,,450.0,524.25,GIZTMOSWHIYTG
236,Y,12,resale,GN6DCMJZG42TIOJRHAZXYMJZHFSWEZRWGY2DK,,,463.0,539.4,GIZTMOSZHIYTE
236,Y,13,resale,GN6DCMJZG42TIOJRHAZXYMJZHFSWEZRWGY2DK,,,463.0,539.4,GIZTMOSZHIYTG
236,Y,14,resale,GN6DCMJZG42TIOJRHAZXYMJZHFSWEZRWGY2DK,,,463.0,539.4,GIZTMOSZHIYTI
236,Y,15,resale,GN6DCMJZG42TIOJRHAZXYMJZHFSWEZRWGY2DK,,,463.0,539.4,GIZTMOSZHIYTK
236,Y,16,resale,GN6DCMJZG42TIOJRHAZXYMJZHFSWEZRWGY2DK,,,463.0,539.4,GIZTMOSZHIYTM
236,Y,17,resale,GN6DCMJZG42TIOJRHAZXYMJZHFSWEZRWGY2DK,,,463.0,539.4,GIZTMOSZHIYTO
237,AA,11,resale,GN6DCMRVGY4DMNJUGM4XYMJZHFSWEZRTGI4DK,,,317.0,369.31,GIZTOOSBIE5DCMI
237,AA,12,resale,GN6DCMRVGY4DMNJUGM4XYMJZHFSWEZRTGI4DK,,,317.0,369.31,GIZTOOSBIE5DCMQ
237,AA,19,resale,GN6DCMRUHE3DKOBWGY4HYMJZHEZTCNRRGBRDK,,,310.0,361.15,GIZTOOSBIE5DCOI
237,AA,20,resale,GN6DCMRUHE3DKOBWGY4HYMJZHEZTCNRRGBRDK,,,310.0,361.15,GIZTOOSBIE5DEMA
237,BB,8,primary,GJ6DC7BVGQ,Verified Buccaneers Ticket,P7,305.0,393.13,GIZTOOSCII5DQ
237,BB,16,resale,GN6DCMRTHEZTKNJWHA4XYMJZHFSWEZRYHE4DK,,,316.0,368.14,GIZTOOSCII5DCNQ
237,BB,17,resale,GN6DCMRTHEZTKNJWHA4XYMJZHFSWEZRYHE4DK,,,316.0,368.14,GIZTOOSCII5DCNY
237,BB,18,resale,GN6DCMRTHEZTKNJWHA4XYMJZHFSWEZRYHE4DK,,,316.0,368.14,GIZTOOSCII5DCOA
237,F,17,resale,GN6DCMRTG4ZTSOJVGQ3XYMJZHEZTCNLCHEYTK,,,439.0,511.44,GIZTOOSGHIYTO
237,F,18,resale,GN6DCMRTG4ZTSOJVGQ3XYMJZHEZTCNLCHEYTK,,,439.0,511.44,GIZTOOSGHIYTQ
237,F,19,resale,GN6DCMRTG4ZTSOJVGQ3XYMJZHEZTCNLCHEYTK,,,439.0,511.44,GIZTOOSGHIYTS
237,F,20,resale,GN6DCMRTG4ZTSOJVGQ3XYMJZHEZTCNLCHEYTK,,,439.0,511.44,GIZTOOSGHIZDA
237,G,9,resale,GN6DCMJZGEYDGNJWG42XYMJZHFSWEZRYHEYTK,,,354.0,412.41,GIZTOOSHHI4Q
237,G,10,resale,GN6DCMJZGEYDGNJWG42XYMJZHFSWEZRYHEYTK,,,354.0,412.41,GIZTOOSHHIYTA
237,G,11,resale,GN6DCMJZGEYDGNJWG42XYMJZHFSWEZRYHEYTK,,,354.0,412.41,GIZTOOSHHIYTC
237,G,12,resale,GN6DCMJZGEYDGNJWG42XYMJZHFSWEZRYHEYTK,,,354.0,412.41,GIZTOOSHHIYTE
237,G,13,resale,GN6DCMJZGEYDGNJWG42XYMJZHFSWEZRYHEYTK,,,354.0,412.41,GIZTOOSHHIYTG
237,G,14,resale,GN6DCMJZGEYDGNJWG42XYMJZHFSWEZRYHEYTK,,,354.0,412.41,GIZTOOSHHIYTI
237,G,15,resale,GN6DCMJZGEYDGNJWG42XYMJZHFSWEZRYHEYTK,,,354.0,412.41,GIZTOOSHHIYTK
237,G,16,resale,GN6DCMJZGEYDGNJWG42XYMJZHFSWEZRYHEYTK,,,354.0,412.41,GIZTOOSHHIYTM
237,N,9,resale,GN6DCMRVHA2DQMZUHA4XYMJZHFSWEZTGGEZTK,,,323.0,376.3,GIZTOOSOHI4Q
237,N,10,resale,GN6DCMRVHA2DQMZUHA4XYMJZHFSWEZTGGEZTK,,,323.0,376.3,GIZTOOSOHIYTA
237,N,11,resale,GN6DCMRVHA2DQMZUHA4XYMJZHFSWEZTGGEZTK,,,323.0,376.3,GIZTOOSOHIYTC
237,N,12,resale,GN6DCMRVHA2DQMZUHA4XYMJZHFSWEZTGGEZTK,,,323.0,376.3,GIZTOOSOHIYTE
237,N,13,resale,GN6DCMRVHA2DQMZUHA4XYMJZHFSWEZTGGEZTK,,,323.0,376.3,GIZTOOSOHIYTG
237,N,14,resale,GN6DCMRVHA2DQMZUHA4XYMJZHFSWEZTGGEZTK,,,323.0,376.3,GIZTOOSOHIYTI
237,P,19,resale,GN6DCMRWGA2DINRQGEYHYMJZHFSWGYZSHAZTK,,,322.0,375.13,GIZTOOSQHIYTS
237,P,20,resale,GN6DCMRWGA2DINRQGEYHYMJZHFSWGYZSHAZTK,,,322.0,375.13,GIZTOOSQHIZDA
237,U,5,resale,GN6DCMRVGUYDCNZVGEZXYMJZHFSWEZRTGQZTK,,,350.0,407.75,GIZTOOSVHI2Q
237,U,6,resale,GN6DCMRVGUYDCNZVGEZXYMJZHFSWEZRTGQZTK,,,350.0,407.75,GIZTOOSVHI3A
237,U,7,resale,GN6DCMRVGUYDCNZVGEZXYMJZHFSWEZRTGQZTK,,,350.0,407.75,GIZTOOSVHI3Q
237,U,8,resale,GN6DCMRVGUYDCNZVGEZXYMJZHFSWEZRTGQZTK,,,350.0,407.75,GIZTOOSVHI4A
237,U,9,resale,GN6DCMRVGUYDCNZVGEZXYMJZHFSWEZRTGQZTK,,,350.0,407.75,GIZTOOSVHI4Q
237,U,10,resale,GN6DCMRVGUYDCNZVGEZXYMJZHFSWEZRTGQZTK,,,350.0,407.75,GIZTOOSVHIYTA
237,U,11,resale,GN6DCMRVGUYDCNZVGEZXYMJZHFSWEZRTGQZTK,,,350.0,407.75,GIZTOOSVHIYTC
237,U,12,resale,GN6DCMRVGUYDCNZVGEZXYMJZHFSWEZRTGQZTK,,,350.0,407.75,GIZTOOSVHIYTE
237,U,13,resale,GN6DCMRVGUYDCNZVGEZXYMJZHFSWEZRTGQZTK,,,350.0,407.75,GIZTOOSVHIYTG
237,U,14,resale,GN6DCMRVGUYDCNZVGEZXYMJZHFSWEZRTGQZTK,,,350.0,407.75,GIZTOOSVHIYTI
237,U,15,resale,GN6DCMRVGUYDCNZVGEZXYMJZHFSWEZRTGQZTK,,,350.0,407.75,GIZTOOSVHIYTK
237,U,16,resale,GN6DCMRVGUYDCNZVGEZXYMJZHFSWEZRTGQZTK,,,350.0,407.75,GIZTOOSVHIYTM
237,Y,9,resale,GN6DCMRVHA2DQMZUHA4HYMJZHFSWEZRWGUZTK,,,321.0,373.97,GIZTOOSZHI4Q
237,Y,10,resale,GN6DCMRVHA2DQMZUHA4HYMJZHFSWEZRWGUZTK,,,321.0,373.97,GIZTOOSZHIYTA
237,Y,11,resale,GN6DCMRVHA2DQMZUHA4HYMJZHFSWEZRWGUZTK,,,321.0,373.97,GIZTOOSZHIYTC
237,Y,12,resale,GN6DCMRVHA2DQMZUHA4HYMJZHFSWEZRWGUZTK,,,321.0,373.97,GIZTOOSZHIYTE
238,A,3,resale,GN6DCMRVGU3DCNBSGM4XYMJZHEZGKMBQGY4DK,,,850.0,990.25,GIZTQOSBHIZQ
238,A,4,resale,GN6DCMRVGU3DCNBSGM4XYMJZHEZGKMBQGY4DK,,,850.0,990.25,GIZTQOSBHI2A
238,C,12,resale,GN6DCMRSG43DQMZVGEZHYMJZHFSWEZRZMY4TK,,,312.0,363.48,GIZTQOSDHIYTE
238,C,13,resale,GN6DCMRSG43DQMZVGEZHYMJZHFSWEZRZMY4TK,,,312.0,363.48,GIZTQOSDHIYTG
238,C,14,resale,GN6DCMRSG43DQMZVGEZHYMJZHFSWEZRZMY4TK,,,312.0,363.48,GIZTQOSDHIYTI
238,C,15,resale,GN6DCMRSG43DQMZVGEZHYMJZHFSWEZRZMY4TK,,,312.0,363.48,GIZTQOSDHIYTK
238,C,16,resale,GN6DCMRSG43DQMZVGEZHYMJZHFSWEZRZMY4TK,,,312.0,363.48,GIZTQOSDHIYTM
238,D,5,resale,GN6DCMRVG44TEOJYGY4XYMJZHE4TMNBXMY2TK,,,857.0,998.41,GIZTQOSEHI2Q
238,D,6,resale,GN6DCMRVG44TEOJYGY4XYMJZHE4TMNBXMY2TK,,,857.0,998.41,GIZTQOSEHI3A
238,E,18,resale,GN6DCMJZGEYDGMZVHEZHYMJZHFSWEZRTGRRTK,,,289.0,336.69,GIZTQOSFHIYTQ
238,F,3,resale,GN6DCMRTGUYDMNRSG44XYMJZHEZTCNJSG4YTK,,,310.0,361.15,GIZTQOSGHIZQ
238,F,4,resale,GN6DCMRTGUYDMNRSG44XYMJZHEZTCNJSG4YTK,,,310.0,361.15,GIZTQOSGHI2A
238,F,5,resale,GN6DCMRTGUYDMNRSG44XYMJZHEZTCNJSG4YTK,,,310.0,361.15,GIZTQOSGHI2Q
238,F,6,resale,GN6DCMRTGUYDMNRSG44XYMJZHEZTCNJSG4YTK,,,310.0,361.15,GIZTQOSGHI3A
238,G,13,resale,GN6DCMRWGA2DINRQGEZXYMJZHFSWGYZUGNTDK,,,318.0,370.47,GIZTQOSHHIYTG
238,G,14,resale,GN6DCMRWGA2DINRQGEZXYMJZHFSWGYZUGNTDK,,,318.0,370.47,GIZTQOSHHIYTI
238,G,15,resale,GN6DCMRWGA2DINRQGEZXYMJZHFSWGYZUGNTDK,,,318.0,370.47,GIZTQOSHHIYTK
238,G,16,resale,GN6DCMRWGA2DINRQGEZXYMJZHFSWGYZUGNTDK,,,318.0,370.47,GIZTQOSHHIYTM
238,G,17,resale,GN6DCMRWGA2DINRQGEZXYMJZHFSWGYZUGNTDK,,,318.0,370.47,GIZTQOSHHIYTO
238,G,18,resale,GN6DCMRWGA2DINRQGEZXYMJZHFSWGYZUGNTDK,,,318.0,370.47,GIZTQOSHHIYTQ
238,G,19,resale,GN6DCMRWGA2DINRQGEZXYMJZHFSWGYZUGNTDK,,,318.0,370.47,GIZTQOSHHIYTS
238,G,20,resale,GN6DCMRWGA2DINRQGEZXYMJZHFSWGYZUGNTDK,,,318.0,370.47,GIZTQOSHHIZDA
238,P,3,resale,GN6DCMRWGA2DINRQGEYXYMJZHFSWGYRZHAZTK,,,305.0,355.33,GIZTQOSQHIZQ
238,P,4,resale,GN6DCMRWGA2DINRQGEYXYMJZHFSWGYRZHAZTK,,,305.0,355.33,GIZTQOSQHI2A
238,P,5,resale,GN6DCMRWGA2DINRQGEYXYMJZHFSWGYRZHAZTK,,,305.0,355.33,GIZTQOSQHI2Q
238,P,6,resale,GN6DCMRWGA2DINRQGEYXYMJZHFSWGYRZHAZTK,,,305.0,355.33,GIZTQOSQHI3A
238,P,7,resale,GN6DCMRWGA2DINRQGEYXYMJZHFSWGYRZHAZTK,,,305.0,355.33,GIZTQOSQHI3Q
238,P,8,resale,GN6DCMRWGA2DINRQGEYXYMJZHFSWGYRZHAZTK,,,305.0,355.33,GIZTQOSQHI4A
238,P,9,resale,GN6DCMRWGA2DINRQGEYXYMJZHFSWGYRZHAZTK,,,305.0,355.33,GIZTQOSQHI4Q
238,P,10,resale,GN6DCMRWGA2DINRQGEYXYMJZHFSWGYRZHAZTK,,,305.0,355.33,GIZTQOSQHIYTA
238,P,11,resale,GN6DCMRWGA2DINRQGEYXYMJZHFSWGYRZHAZTK,,,305.0,355.33,GIZTQOSQHIYTC
238,P,12,resale,GN6DCMRWGA2DINRQGEYXYMJZHFSWGYRZHAZTK,,,305.0,355.33,GIZTQOSQHIYTE
238,P,13,resale,GN6DCMRWGA2DINRQGEYXYMJZHFSWGYRZHAZTK,,,305.0,355.33,GIZTQOSQHIYTG
238,P,14,resale,GN6DCMRWGA2DINRQGEYXYMJZHFSWGYRZHAZTK,,,305.0,355.33,GIZTQOSQHIYTI
238,T,5,resale,GN6DCMRWGA2DINJYGM3XYMJZHFSWGYRXHFSTK,,,299.0,348.34,GIZTQOSUHI2Q
238,T,6,resale,GN6DCMRWGA2DINJYGM3XYMJZHFSWGYRXHFSTK,,,299.0,348.34,GIZTQOSUHI3A
238,T,7,primary,GJ6DC7BVGQ,Verified Buccaneers Ticket,P7,305.0,393.13,GIZTQOSUHI3Q
238,T,8,primary,GJ6DC7BVGQ,Verified Buccaneers Ticket,P7,305.0,393.13,GIZTQOSUHI4A
238,U,5,resale,GN6DCMJZGEYDGMZYGQ4XYMJZHFSWEZRWGY4DK,,,307.0,357.66,GIZTQOSVHI2Q
238,U,6,resale,GN6DCMJZGEYDGMZYGQ4XYMJZHFSWEZRWGY4DK,,,307.0,357.66,GIZTQOSVHI3A
238,U,7,resale,GN6DCMJZGEYDGMZYGQ4XYMJZHFSWEZRWGY4DK,,,307.0,357.66,GIZTQOSVHI3Q
238,U,8,resale,GN6DCMJZGEYDGMZYGQ4XYMJZHFSWEZRWGY4DK,,,307.0,357.66,GIZTQOSVHI4A
238,U,9,resale,GN6DCMJZGEYDGMZYGQ4XYMJZHFSWEZRWGY4DK,,,307.0,357.66,GIZTQOSVHI4Q
238,U,10,resale,GN6DCMJZGEYDGMZYGQ4XYMJZHFSWEZRWGY4DK,,,307.0,357.66,GIZTQOSVHIYTA
238,U,11,resale,GN6DCMJZGEYDGMZYGQ4XYMJZHFSWEZRWGY4DK,,,307.0,357.66,GIZTQOSVHIYTC
238,U,12,resale,GN6DCMJZGEYDGMZYGQ4XYMJZHFSWEZRWGY4DK,,,307.0,357.66,GIZTQOSVHIYTE
238,U,13,resale,GN6DCMJZGEYDGMZYGQ4XYMJZHFSWEZRWGY4DK,,,307.0,357.66,GIZTQOSVHIYTG
238,U,14,resale,GN6DCMJZGEYDGMZYGQ4XYMJZHFSWEZRWGY4DK,,,307.0,357.66,GIZTQOSVHIYTI
238,V,3,resale,GN6DCMRWGA2DINJYGM4XYMJZHFSWGYRVHAZTK,,,290.0,337.85,GIZTQOSWHIZQ
238,V,4,resale,GN6DCMRWGA2DINJYGM4XYMJZHFSWGYRVHAZTK,,,290.0,337.85,GIZTQOSWHI2A
238,W,19,resale,GN6DCMRUGQZDENJRGU2XYMJZHEZTCNJYGI3TK,,,300.0,349.5,GIZTQOSXHIYTS
238,W,20,resale,GN6DCMRUGQZDENJRGU2XYMJZHEZTCNJYGI3TK,,,300.0,349.5,GIZTQOSXHIZDA
238,X,9,resale,GN6DCMJZG42TIOJSGAYHYMJZHFSWEZRZMY2DK,,,282.0,328.53,GIZTQOSYHI4Q
238,X,10,resale,GN6DCMJZG42TIOJSGAYHYMJZHFSWEZRZMY2DK,,,282.0,328.53,GIZTQOSYHIYTA
238,X,11,resale,GN6DCMJZG42TIOJSGAYHYMJZHFSWEZRZMY2DK,,,282.0,328.53,GIZTQOSYHIYTC
238,Z,9,resale,GN6DCMRVGQ3TMNZSHEYXYMJZHFSWEZTBGA2TK,,,277.0,322.71,GIZTQOS2HI4Q
238,Z,10,resale,GN6DCMRVGQ3TMNZSHEYXYMJZHFSWEZTBGA2TK,,,277.0,322.71,GIZTQOS2HIYTA
239,B,12,resale,GN6DCMRUGM4DGMRUG42XYMJZHEZTCNJSHEZDK,,,600.0,699.0,GIZTSOSCHIYTE
239,B,13,resale,GN6DCMRUGM4DGMRUG42XYMJZHEZTCNJSHEZDK,,,600.0,699.0,GIZTSOSCHIYTG
239,B,14,resale,GN6DCMRUGM4DGMRUG42XYMJZHEZTCNJSHEZDK,,,600.0,699.0,GIZTSOSCHIYTI
239,C,7,resale,GN6DCMRUGQZDQMRRGQ4HYMJZHEZTCNJVMRQTK,,,334.0,389.11,GIZTSOSDHI3Q
239,C,8,resale,GN6DCMRUGQZDQMRRGQ4HYMJZHEZTCNJVMRQTK,,,334.0,389.11,GIZTSOSDHI4A
239,CC,17,resale,GN6DCMRQGIYDCNJYGY3XYMJZHEZTCNJUMQYTK,,,350.0,407.75,GIZTSOSDIM5DCNY
239,CC,18,resale,GN6DCMRQGIYDCNJYGY3XYMJZHEZTCNJUMQYTK,,,350.0,407.75,GIZTSOSDIM5DCOA
239,E,5,resale,GN6DCMRUGE3TSMRZGQYXYMJZHFSWEZRXGEYDK,,,329.0,383.29,GIZTSOSFHI2Q
239,E,6,resale,GN6DCMRUGE3TSMRZGQYXYMJZHFSWEZRXGEYDK,,,329.0,383.29,GIZTSOSFHI3A
239,F,14,resale,GN6DCMJZGEYDGMZWGQZXYMJZHFSWEZRRMI3DK,,,327.0,380.96,GIZTSOSGHIYTI
239,F,15,resale,GN6DCMJZGEYDGMZWGQZXYMJZHFSWEZRRMI3DK,,,327.0,380.96,GIZTSOSGHIYTK
239,F,16,resale,GN6DCMJZGEYDGMZWGQZXYMJZHFSWEZRRMI3DK,,,327.0,380.96,GIZTSOSGHIYTM
239,F,17,resale,GN6DCMJZGEYDGMZWGQZXYMJZHFSWEZRRMI3DK,,,327.0,380.96,GIZTSOSGHIYTO
239,F,20,primary,GJ6DC7BVGU,Verified Buccaneers Ticket,P8,235.0,303.58,GIZTSOSGHIZDA
239,G,9,resale,GN6DCMRVGE2DAMBSHAZHYMJZHFSWEZRWGQ3DK,,,327.0,380.96,GIZTSOSHHI4Q
239,G,10,resale,GN6DCMRVGE2DAMBSHAZHYMJZHFSWEZRWGQ3DK,,,327.0,380.96,GIZTSOSHHIYTA
239,G,11,resale,GN6DCMRVGE2DAMBSHAZHYMJZHFSWEZRWGQ3DK,,,327.0,380.96,GIZTSOSHHIYTC
239,L,11,resale,GN6DCMRTHA3TENBQGAZXYMJZHEZTCNLDGJSDK,,,335.0,390.28,GIZTSOSMHIYTC
239,L,12,resale,GN6DCMRTHA3TENBQGAZXYMJZHEZTCNLDGJSDK,,,335.0,390.28,GIZTSOSMHIYTE
239,L,15,resale,GN6DCMJZHA2TCMZVHE4HYMJZHFSTQYZUGE2TK,,,316.0,368.14,GIZTSOSMHIYTK
239,L,16,resale,GN6DCMJZHA2TCMZVHE4HYMJZHFSTQYZUGE2TK,,,316.0,368.14,GIZTSOSMHIYTM
239,L,17,resale,GN6DCMJZHA2TCMZVHE4HYMJZHFSTQYZUGE2TK,,,316.0,368.14,GIZTSOSMHIYTO
239,L,18,resale,GN6DCMJZHA2TCMZVHE4HYMJZHFSTQYZUGE2TK,,,316.0,368.14,GIZTSOSMHIYTQ
239,L,19,resale,GN6DCMJZHA2TCMZVHE4HYMJZHFSTQYZUGE2TK,,,316.0,368.14,GIZTSOSMHIYTS
239,L,20,resale,GN6DCMJZHA2TCMZVHE4HYMJZHFSTQYZUGE2TK,,,316.0,368.14,GIZTSOSMHIZDA
239,P,3,resale,GN6DCMJZHA2DKNRSGQ4XYMJZHFSTQYZZGYZDK,,,326.0,379.79,GIZTSOSQHIZQ
239,P,4,resale,GN6DCMJZHA2DKNRSGQ4XYMJZHFSTQYZZGYZDK,,,326.0,379.79,GIZTSOSQHI2A
239,P,5,resale,GN6DCMJZHA2DKNRSGQ4XYMJZHFSTQYZZGYZDK,,,326.0,379.79,GIZTSOSQHI2Q
239,P,6,resale,GN6DCMJZHA2DKNRSGQ4XYMJZHFSTQYZZGYZDK,,,326.0,379.79,GIZTSOSQHI3A
239,P,7,resale,GN6DCMJZHA2DKNRSGQ4XYMJZHFSTQYZZGYZDK,,,326.0,379.79,GIZTSOSQHI3Q
239,P,8,resale,GN6DCMJZHA2DKNRSGQ4XYMJZHFSTQYZZGYZDK,,,326.0,379.79,GIZTSOSQHI4A
239,P,9,resale,GN6DCMJZHA2DKNRSGQ4XYMJZHFSTQYZZGYZDK,,,326.0,379.79,GIZTSOSQHI4Q
239,P,10,resale,GN6DCMJZHA2DKNRSGQ4XYMJZHFSTQYZZGYZDK,,,326.0,379.79,GIZTSOSQHIYTA
239,P,11,resale,GN6DCMJZHA2DKNRSGQ4XYMJZHFSTQYZZGYZDK,,,326.0,379.79,GIZTSOSQHIYTC
239,P,12,resale,GN6DCMJZHA2DKNRSGQ4XYMJZHFSTQYZZGYZDK,,,326.0,379.79,GIZTSOSQHIYTE
239,R,17,primary,GJ6DC7BVGU,Verified Buccaneers Ticket,P8,235.0,303.58,GIZTSOSSHIYTO
239,S,7,resale,GN6DCMRUGY2TGNBZGQ4HYMJZHEZTMMRTG42TK,,,230.0,267.95,GIZTSOSTHI3Q
239,S,8,resale,GN6DCMRUGY2TGNBZGQ4HYMJZHEZTMMRTG42TK,,,230.0,267.95,GIZTSOSTHI4A
239,S,9,resale,GN6DCMRUGY2TGNBZGQ4HYMJZHEZTMMRTG42TK,,,230.0,267.95,GIZTSOSTHI4Q
239,S,10,resale,GN6DCMRUGY2TGNBZGQ4HYMJZHEZTMMRTG42TK,,,230.0,267.95,GIZTSOSTHIYTA
239,V,15,resale,GN6DCMRUGE3TSMRZGQ3XYMJZHFSTQYZTMQZDK,,,301.0,350.67,GIZTSOSWHIYTK
239,V,16,resale,GN6DCMRUGE3TSMRZGQ3XYMJZHFSTQYZTMQZDK,,,301.0,350.67,GIZTSOSWHIYTM
239,V,17,resale,GN6DCMRUGE3TSMRZGQ3XYMJZHFSTQYZTMQZDK,,,301.0,350.67,GIZTSOSWHIYTO
239,V,18,resale,GN6DCMRUGE3TSMRZGQ3XYMJZHFSTQYZTMQZDK,,,301.0,350.67,GIZTSOSWHIYTQ
239,Y,8,primary,GJ6DC7BVGU,Verified Buccaneers Ticket,P8,235.0,303.58,GIZTSOSZHI4A
239,Y,9,primary,GJ6DC7BVGU,Verified Buccaneers Ticket,P8,235.0,303.58,GIZTSOSZHI4Q
239,Y,10,primary,GJ6DC7BVGU,Verified Buccaneers Ticket,P8,235.0,303.58,GIZTSOSZHIYTA
239,Z,5,resale,GN6DCMRTGMYTSNRRGIZHYMJZHEZTCNLBMI2DK,,,380.0,442.7,GIZTSOS2HI2Q
239,Z,6,resale,GN6DCMRTGMYTSNRRGIZHYMJZHEZTCNLBMI2DK,,,380.0,442.7,GIZTSOS2HI3A
240,A,1,resale,GN6DCMRTHA2DQMBQGQYHYMJZHEZTCNJTG42TK,,,278.0,323.87,GI2DAOSBHIYQ
240,A,2,resale,GN6DCMRTHA2DQMBQGQYHYMJZHEZTCNJTG42TK,,,278.0,323.87,GI2DAOSBHIZA
240,A,7,resale,GN6DCMRUGI2TCOJUGUYXYMJZHEZTCNJSHBTDK,,,325.0,378.63,GI2DAOSBHI3Q
240,A,8,resale,GN6DCMRUGI2TCOJUGUYXYMJZHEZTCNJSHBTDK,,,325.0,378.63,GI2DAOSBHI4A
240,A,15,resale,GN6DCMRUGE3TSMRZGQZHYMJZHFSWEZRZGQ3DK,,,368.0,428.72,GI2DAOSBHIYTK
240,A,16,resale,GN6DCMRUGE3TSMRZGQZHYMJZHFSWEZRZGQ3DK,,,368.0,428.72,GI2DAOSBHIYTM
240,B,1,resale,GN6DCMRWGAYDSMJRGA4HYMJZHFSTSNZXMI3TK,,,263.0,306.4,GI2DAOSCHIYQ
240,B,2,resale,GN6DCMRWGAYDSMJRGA4HYMJZHFSTSNZXMI3TK,,,263.0,306.4,GI2DAOSCHIZA
240,B,15,resale,GN6DCMRUGU4TGMZYG43HYMJZHEZTCNLDGYYTK,,,375.0,436.88,GI2DAOSCHIYTK
240,B,16,resale,GN6DCMRUGU4TGMZYG43HYMJZHEZTCNLDGYYTK,,,375.0,436.88,GI2DAOSCHIYTM
240,BB,19,resale,GN6DCMJZG43DMMBVGMYHYMJZHFSTONTCHE4TK,,,274.0,319.21,GI2DAOSCII5DCOI
240,BB,20,resale,GN6DCMJZG43DMMBVGMYHYMJZHFSTONTCHE4TK,,,274.0,319.21,GI2DAOSCII5DEMA
240,C,11,resale,GN6DCMRUGU2DEOBYGIYXYMJZHFSWEZRRMI2DK,,,318.0,370.47,GI2DAOSDHIYTC
240,C,12,resale,GN6DCMRUGU2DEOBYGIYXYMJZHFSWEZRRMI2DK,,,318.0,370.47,GI2DAOSDHIYTE
240,C,15,resale,GN6DCMRUGU4TGMZYG44HYMJZHEZTCNJVGAZDK,,,297.0,346.01,GI2DAOSDHIYTK
240,C,16,resale,GN6DCMRUGU4TGMZYG44HYMJZHEZTCNJVGAZDK,,,297.0,346.01,GI2DAOSDHIYTM
240,G,1,resale,GN6DCMRVG4ZTONRYGEYHYMJZHFSTSNZRMMYDK,,,300.0,349.5,GI2DAOSHHIYQ
240,G,2,resale,GN6DCMRVG4ZTONRYGEYHYMJZHFSTSNZRMMYDK,,,300.0,349.5,GI2DAOSHHIZA
240,G,3,resale,GN6DCMRVG4ZTONRYGEYHYMJZHFSTSNZRMMYDK,,,300.0,349.5,GI2DAOSHHIZQ
240,G,4,resale,GN6DCMRVG4ZTONRYGEYHYMJZHFSTSNZRMMYDK,,,300.0,349.5,GI2DAOSHHI2A
240,J,4,resale,GN6DCMRQGMYTONJWGAZXYMJZHFSWEZRYG43DK,,,292.0,340.18,GI2DAOSKHI2A
240,J,5,resale,GN6DCMRQGMYTONJWGAZXYMJZHFSWEZRYG43DK,,,292.0,340.18,GI2DAOSKHI2Q
240,J,6,resale,GN6DCMRQGMYTONJWGAZXYMJZHFSWEZRYG43DK,,,292.0,340.18,GI2DAOSKHI3A
240,J,7,resale,GN6DCMRQGMYTONJWGAZXYMJZHFSWEZRYG43DK,,,292.0,340.18,GI2DAOSKHI3Q
240,J,8,resale,GN6DCMRQGMYTONJWGAZXYMJZHFSWEZRYG43DK,,,292.0,340.18,GI2DAOSKHI4A
240,J,9,resale,GN6DCMRQGMYTONJWGAZXYMJZHFSWEZRYG43DK,,,292.0,340.18,GI2DAOSKHI4Q
240,J,10,resale,GN6DCMRQGMYTONJWGAZXYMJZHFSWEZRYG43DK,,,292.0,340.18,GI2DAOSKHIYTA
240,K,3,primary,GJ6DC7BVGU,Verified Buccaneers Ticket,P8,235.0,303.58,GI2DAOSLHIZQ
240,K,4,primary,GJ6DC7BVGU,Verified Buccaneers Ticket,P8,235.0,303.58,GI2DAOSLHI2A
240,K,5,primary,GJ6DC7BVGU,Verified Buccaneers Ticket,P8,235.0,303.58,GI2DAOSLHI2Q
240,U,3,primary,GJ6DC7BVGU,Verified Buccaneers Ticket,P8,235.0,303.58,GI2DAOSVHIZQ
240,U,4,primary,GJ6DC7BVGU,Verified Buccaneers Ticket,P8,235.0,303.58,GI2DAOSVHI2A
240,U,5,primary,GJ6DC7BVGU,Verified Buccaneers Ticket,P8,235.0,303.58,GI2DAOSVHI2Q
240,W,17,resale,GN6DCMRVHAYDIOJTGQYXYMJZHFRDONJUHEYTK,,,272.0,316.88,GI2DAOSXHIYTO
240,W,18,resale,GN6DCMRVHAYDIOJTGQYXYMJZHFRDONJUHEYTK,,,272.0,316.88,GI2DAOSXHIYTQ
240,W,19,resale,GN6DCMRVHAYDIOJTGQYXYMJZHFRDONJUHEYTK,,,272.0,316.88,GI2DAOSXHIYTS
240,W,20,resale,GN6DCMRVHAYDIOJTGQYXYMJZHFRDONJUHEYTK,,,272.0,316.88,GI2DAOSXHIZDA
240,W,21,resale,GN6DCMRVHAYDIOJTGQYXYMJZHFRDONJUHEYTK,,,272.0,316.88,GI2DAOSXHIZDC
240,W,22,resale,GN6DCMRVHAYDIOJTGQYXYMJZHFRDONJUHEYTK,,,272.0,316.88,GI2DAOSXHIZDE
240,Y,7,resale,GN6DCMJZG43DMMBVGI2HYMJZHFSWEZRXME4DK,,,282.0,328.53,GI2DAOSZHI3Q
240,Y,8,resale,GN6DCMJZG43DMMBVGI2HYMJZHFSWEZRXME4DK,,,282.0,328.53,GI2DAOSZHI4A
240,Y,9,resale,GN6DCMJZG43DMMBVGI2HYMJZHFSWEZRXME4DK,,,282.0,328.53,GI2DAOSZHI4Q
240,Y,10,resale,GN6DCMJZG43DMMBVGI2HYMJZHFSWEZRXME4DK,,,282.0,328.53,GI2DAOSZHIYTA
240,Y,12,primary,GJ6DC7BVGU,Verified Buccaneers Ticket,P8,235.0,303.58,GI2DAOSZHIYTE
240,Y,13,primary,GJ6DC7BVGU,Verified Buccaneers Ticket,P8,235.0,303.58,GI2DAOSZHIYTG
240,Y,14,primary,GJ6DC7BVGU,Verified Buccaneers Ticket,P8,235.0,303.58,GI2DAOSZHIYTI
241,AA,14,resale,GN6DCMRUGE3TSMRZGY2HYMJZHFSTQN3CGQZDK,,,250.0,291.25,GI2DCOSBIE5DCNA
241,AA,15,resale,GN6DCMRUGE3TQMBZGM2HYMJZHFSDAZJRHAYTK,,,268.0,312.22,GI2DCOSBIE5DCNI
241,G,1,resale,GN6DCMJZG43DMMBUHEZHYMJZHFSTQYZTMU3DK,,,297.0,346.01,GI2DCOSHHIYQ
241,G,2,resale,GN6DCMJZG43DMMBUHEZHYMJZHFSTQYZTMU3DK,,,297.0,346.01,GI2DCOSHHIZA
241,G,3,resale,GN6DCMJZG43DMMBUHEZHYMJZHFSTQYZTMU3DK,,,297.0,346.01,GI2DCOSHHIZQ
241,G,4,resale,GN6DCMJZG43DMMBUHEZHYMJZHFSTQYZTMU3DK,,,297.0,346.01,GI2DCOSHHI2A
241,K,1,resale,GN6DCMJZG43DMMBUHAZXYMJZHFSTQYTGGVSDK,,,306.0,356.49,GI2DCOSLHIYQ
241,K,2,resale,GN6DCMJZG43DMMBUHAZXYMJZHFSTQYTGGVSDK,,,306.0,356.49,GI2DCOSLHIZA
241,K,3,resale,GN6DCMJZG43DMMBUHAZXYMJZHFSTQYTGGVSDK,,,306.0,356.49,GI2DCOSLHIZQ
241,K,4,resale,GN6DCMJZG43DMMBUHAZXYMJZHFSTQYTGGVSDK,,,306.0,356.49,GI2DCOSLHI2A
241,K,5,resale,GN6DCMJZG43DMMBUHAZXYMJZHFSTQYTGGVSDK,,,306.0,356.49,GI2DCOSLHI2Q
241,K,6,resale,GN6DCMJZG43DMMBUHAZXYMJZHFSTQYTGGVSDK,,,306.0,356.49,GI2DCOSLHI3A
241,K,7,resale,GN6DCMJZG43DMMBUHAZXYMJZHFSTQYTGGVSDK,,,306.0,356.49,GI2DCOSLHI3Q
241,K,8,resale,GN6DCMJZG43DMMBUHAZXYMJZHFSTQYTGGVSDK,,,306.0,356.49,GI2DCOSLHI4A
241,R,9,primary,GJ6DC7BVGU,Verified Buccaneers Ticket,P8,235.0,303.58,GI2DCOSSHI4Q
241,R,10,primary,GJ6DCOBYGAYDAMBUPQ2TK,Aisle Seats,P8,240.0,309.85,GI2DCOSSHIYTA
241,R,11,primary,GJ6DCOBYGAYDAMBUPQ2TK,Aisle Seats,P8,240.0,309.85,GI2DCOSSHIYTC
241,S,9,primary,GJ6DC7BVGU,Verified Buccaneers Ticket,P8,235.0,303.58,GI2DCOSTHI4Q
241,S,10,primary,GJ6DCOBYGAYDAMBUPQ2TK,Aisle Seats,P8,240.0,309.85,GI2DCOSTHIYTA
241,S,11,primary,GJ6DCOBYGAYDAMBUPQ2TK,Aisle Seats,P8,240.0,309.85,GI2DCOSTHIYTC
242,N,11,resale,GN6DCMRUGYYTQMJTGM4HYMJZHFSTONTDMQ3TK,,,121.0,140.97,GI2DEOSOHIYTC
242,N,12,resale,GN6DCMRUGYYTQMJTGM4HYMJZHFSTONTDMQ3TK,,,121.0,140.97,GI2DEOSOHIYTE
242,R,9,resale,GN6DCMRVHAYDENJUGI3XYMJZHFSTONZUMFQTK,,,127.0,147.96,GI2DEOSSHI4Q
242,R,10,resale,GN6DCMRVHAYDENJUGI3XYMJZHFSTONZUMFQTK,,,127.0,147.96,GI2DEOSSHIYTA
242,R,11,resale,GN6DCMRVHAYDENJUGI3XYMJZHFSTONZUMFQTK,,,127.0,147.96,GI2DEOSSHIYTC
242,R,12,resale,GN6DCMRVHAYDENJUGI3XYMJZHFSTONZUMFQTK,,,127.0,147.96,GI2DEOSSHIYTE
242,R,13,resale,GN6DCMRVHAYDENJUGI3XYMJZHFSTONZUMFQTK,,,127.0,147.96,GI2DEOSSHIYTG
242,R,14,resale,GN6DCMRVHAYDENJUGI3XYMJZHFSTONZUMFQTK,,,127.0,147.96,GI2DEOSSHIYTI
242,R,15,resale,GN6DCMRVHAYDENJUGI3XYMJZHFSTONZUMFQTK,,,127.0,147.96,GI2DEOSSHIYTK
242,R,16,resale,GN6DCMRVHAYDENJUGI3XYMJZHFSTONZUMFQTK,,,127.0,147.96,GI2DEOSSHIYTM
242,R,17,resale,GN6DCMRVHAYDENJUGI3XYMJZHFSTONZUMFQTK,,,127.0,147.96,GI2DEOSSHIYTO
242,V,6,resale,GN6DCMRWGA2DINJYGU2XYMJZHFSWGYRUGI2TK,,,123.0,143.3,GI2DEOSWHI3A
242,V,7,resale,GN6DCMRWGA2DINJYGU2XYMJZHFSWGYRUGI2TK,,,123.0,143.3,GI2DEOSWHI3Q
242,V,8,resale,GN6DCMRWGA2DINJYGU2XYMJZHFSWGYRUGI2TK,,,123.0,143.3,GI2DEOSWHI4A
242,V,9,resale,GN6DCMRWGA2DINJYGU2XYMJZHFSWGYRUGI2TK,,,123.0,143.3,GI2DEOSWHI4Q
242,V,10,resale,GN6DCMRWGA2DINJYGU2XYMJZHFSWGYRUGI2TK,,,123.0,143.3,GI2DEOSWHIYTA
242,V,11,resale,GN6DCMRWGA2DINJYGU2XYMJZHFSWGYRUGI2TK,,,123.0,143.3,GI2DEOSWHIYTC
242,V,12,resale,GN6DCMRWGA2DINJYGU2XYMJZHFSWGYRUGI2TK,,,123.0,143.3,GI2DEOSWHIYTE
242,V,13,resale,GN6DCMRWGA2DINJYGU2XYMJZHFSWGYRUGI2TK,,,123.0,143.3,GI2DEOSWHIYTG
242,V,14,resale,GN6DCMRWGA2DINJYGU2XYMJZHFSWGYRUGI2TK,,,123.0,143.3,GI2DEOSWHIYTI
242,V,15,resale,GN6DCMRWGA2DINJYGU2XYMJZHFSWGYRUGI2TK,,,123.0,143.3,GI2DEOSWHIYTK
242,V,16,resale,GN6DCMRWGA2DINJYGU2XYMJZHFSWGYRUGI2TK,,,123.0,143.3,GI2DEOSWHIYTM
242,V,17,resale,GN6DCMRWGA2DINJYGU2XYMJZHFSWGYRUGI2TK,,,123.0,143.3,GI2DEOSWHIYTO
243,A,11,resale,GN6DCMRUGIZDIOJQGM4XYMJZHFSTONTCME3DK,,,155.0,180.58,GI2DGOSBHIYTC
243,A,12,resale,GN6DCMRUGIZDIOJQGM4XYMJZHFSTONTCME3DK,,,155.0,180.58,GI2DGOSBHIYTE
243,B,7,resale,GN6DCMRSGE3DSNJQGU2XYMJZHFSTONRRMJRTK,,,159.0,185.24,GI2DGOSCHI3Q
243,B,8,resale,GN6DCMRSGE3DSNJQGU2XYMJZHFSTONRRMJRTK,,,159.0,185.24,GI2DGOSCHI4A
243,B,9,resale,GN6DCMRSGE3DSNJQGU2XYMJZHFSTONRRMJRTK,,,159.0,185.24,GI2DGOSCHI4Q
243,B,10,resale,GN6DCMRSGE3DSNJQGU2XYMJZHFSTONRRMJRTK,,,159.0,185.24,GI2DGOSCHIYTA
243,B,11,resale,GN6DCMRSGE3DSNJQGU2XYMJZHFSTONRRMJRTK,,,159.0,185.24,GI2DGOSCHIYTC
243,B,12,resale,GN6DCMRSGE3DSNJQGU2XYMJZHFSTONRRMJRTK,,,159.0,185.24,GI2DGOSCHIYTE
243,B,13,resale,GN6DCMRSGE3DSNJQGU2XYMJZHFSTONRRMJRTK,,,159.0,185.24,GI2DGOSCHIYTG
243,B,14,resale,GN6DCMRSGE3DSNJQGU2XYMJZHFSTONRRMJRTK,,,159.0,185.24,GI2DGOSCHIYTI
243,F,19,primary,GJ6DC7BWGY,Verified Buccaneers Ticket,P19,130.0,169.3,GI2DGOSGHIYTS
243,F,20,primary,GJ6DC7BWGY,Verified Buccaneers Ticket,P19,130.0,169.3,GI2DGOSGHIZDA
243,H,1,resale,GN6DCMRWGA2DINJYGU3HYMJZHFSWGYRXMRQTK,,,128.0,149.12,GI2DGOSIHIYQ
243,H,2,resale,GN6DCMRWGA2DINJYGU3HYMJZHFSWGYRXMRQTK,,,128.0,149.12,GI2DGOSIHIZA
243,H,3,resale,GN6DCMRWGA2DINJYGU3HYMJZHFSWGYRXMRQTK,,,128.0,149.12,GI2DGOSIHIZQ
243,H,4,resale,GN6DCMRWGA2DINJYGU3HYMJZHFSWGYRXMRQTK,,,128.0,149.12,GI2DGOSIHI2A
243,J,3,resale,GN6DCMRVHA4TCMJSG43HYMJZHFSTONZRGEZDK,,,123.0,143.3,GI2DGOSKHIZQ
243,J,4,resale,GN6DCMRVHA4TCMJSG43HYMJZHFSTONZRGEZDK,,,123.0,143.3,GI2DGOSKHI2A
243,J,5,resale,GN6DCMRVHA4TCMJSG43HYMJZHFSTONZRGEZDK,,,123.0,143.3,GI2DGOSKHI2Q
243,J,11,primary,GJ6DC7BWGY,Verified Buccaneers Ticket,P19,130.0,169.3,GI2DGOSKHIYTC
243,J,12,primary,GJ6DC7BWGY,Verified Buccaneers Ticket,P19,130.0,169.3,GI2DGOSKHIYTE
243,L,4,resale,GN6DCMRVHA2TIMJTGA4HYMJZHFSTONTFHFQTK,,,123.0,143.3,GI2DGOSMHI2A
243,L,5,resale,GN6DCMRVHA2TIMJTGA4HYMJZHFSTONTFHFQTK,,,123.0,143.3,GI2DGOSMHI2Q
243,L,6,resale,GN6DCMRVHA2TIMJTGA4HYMJZHFSTONTFHFQTK,,,123.0,143.3,GI2DGOSMHI3A
243,L,7,resale,GN6DCMRVHA2TIMJTGA4HYMJZHFSTONTFHFQTK,,,123.0,143.3,GI2DGOSMHI3Q
243,L,8,resale,GN6DCMRVHA2TIMJTGA4HYMJZHFSTONTFHFQTK,,,123.0,143.3,GI2DGOSMHI4A
243,L,9,resale,GN6DCMRVHA2TIMJTGA4HYMJZHFSTONTFHFQTK,,,123.0,143.3,GI2DGOSMHI4Q
243,L,10,resale,GN6DCMRVHA2TIMJTGA4HYMJZHFSTONTFHFQTK,,,123.0,143.3,GI2DGOSMHIYTA
243,S,1,resale,GN6DCMRWGA2DINJYGYZHYMJZHFSWGYZQGIZDK,,,125.0,145.63,GI2DGOSTHIYQ
243,S,2,resale,GN6DCMRWGA2DINJYGYZHYMJZHFSWGYZQGIZDK,,,125.0,145.63,GI2DGOSTHIZA
243,S,3,resale,GN6DCMRWGA2DINJYGYZHYMJZHFSWGYZQGIZDK,,,125.0,145.63,GI2DGOSTHIZQ
243,S,4,resale,GN6DCMRWGA2DINJYGYZHYMJZHFSWGYZQGIZDK,,,125.0,145.63,GI2DGOSTHI2A
243,S,5,resale,GN6DCMRWGA2DINJYGYZHYMJZHFSWGYZQGIZDK,,,125.0,145.63,GI2DGOSTHI2Q
243,S,6,resale,GN6DCMRWGA2DINJYGYZHYMJZHFSWGYZQGIZDK,,,125.0,145.63,GI2DGOSTHI3A
243,S,7,resale,GN6DCMRWGA2DINJYGYZHYMJZHFSWGYZQGIZDK,,,125.0,145.63,GI2DGOSTHI3Q
243,S,8,resale,GN6DCMRWGA2DINJYGYZHYMJZHFSWGYZQGIZDK,,,125.0,145.63,GI2DGOSTHI4A
243,V,1,resale,GN6DCMRWGA2DINJYGU4HYMJZHFSWGYZSG4YTK,,,124.0,144.46,GI2DGOSWHIYQ
243,V,2,resale,GN6DCMRWGA2DINJYGU4HYMJZHFSWGYZSG4YTK,,,124.0,144.46,GI2DGOSWHIZA
243,V,3,resale,GN6DCMRWGA2DINJYGU4HYMJZHFSWGYZSG4YTK,,,124.0,144.46,GI2DGOSWHIZQ
243,V,4,resale,GN6DCMRWGA2DINJYGU4HYMJZHFSWGYZSG4YTK,,,124.0,144.46,GI2DGOSWHI2A
243,V,5,resale,GN6DCMRWGA2DINJYGU4HYMJZHFSWGYZSG4YTK,,,124.0,144.46,GI2DGOSWHI2Q
243,V,6,resale,GN6DCMRWGA2DINJYGU4HYMJZHFSWGYZSG4YTK,,,124.0,144.46,GI2DGOSWHI3A
243,V,7,resale,GN6DCMRWGA2DINJYGU4HYMJZHFSWGYZSG4YTK,,,124.0,144.46,GI2DGOSWHI3Q
243,V,8,resale,GN6DCMRWGA2DINJYGU4HYMJZHFSWGYZSG4YTK,,,124.0,144.46,GI2DGOSWHI4A
243,V,9,resale,GN6DCMRWGA2DINJYGU4HYMJZHFSWGYZSG4YTK,,,124.0,144.46,GI2DGOSWHI4Q
243,V,10,resale,GN6DCMRWGA2DINJYGU4HYMJZHFSWGYZSG4YTK,,,124.0,144.46,GI2DGOSWHIYTA
243,V,11,resale,GN6DCMRWGA2DINJYGU4HYMJZHFSWGYZSG4YTK,,,124.0,144.46,GI2DGOSWHIYTC
243,V,12,resale,GN6DCMRWGA2DINJYGU4HYMJZHFSWGYZSG4YTK,,,124.0,144.46,GI2DGOSWHIYTE
244,A,6,resale,GN6DCMJZG43DMMBYGE4XYMJZHFSTONZRMNSDK,,,155.0,180.58,GI2DIOSBHI3A
244,A,7,resale,GN6DCMJZG43DMMBYGE4XYMJZHFSTONZRMNSDK,,,155.0,180.58,GI2DIOSBHI3Q
244,A,21,resale,GN6DCMRTG44TCNBSGI2XYMJZHFSTOZBXMVSDK,,,206.0,239.99,GI2DIOSBHIZDC
244,A,22,resale,GN6DCMRTG44TCNBSGI2XYMJZHFSTOZBXMVSDK,,,206.0,239.99,GI2DIOSBHIZDE
244,C,15,resale,GN6DCMRUGIZDIOBZHA4HYMJZHFSTONZQMNSTK,,,136.0,158.44,GI2DIOSDHIYTK
244,C,16,resale,GN6DCMRUGIZDIOBZHA4HYMJZHFSTONZQMNSTK,,,136.0,158.44,GI2DIOSDHIYTM
244,C,17,resale,GN6DCMRUGIZDIOBZHA4HYMJZHFSTONZQMNSTK,,,136.0,158.44,GI2DIOSDHIYTO
244,C,18,resale,GN6DCMRUGIZDIOBZHA4HYMJZHFSTONZQMNSTK,,,136.0,158.44,GI2DIOSDHIYTQ
244,C,19,resale,GN6DCMRUGIZDIOBZHA4HYMJZHFSTONZQMNSTK,,,136.0,158.44,GI2DIOSDHIYTS
244,C,20,resale,GN6DCMRUGIZDIOBZHA4HYMJZHFSTONZQMNSTK,,,136.0,158.44,GI2DIOSDHIZDA
244,E,13,resale,GN6DCMRTGUZDSOJSGUZXYMJZHEZTCNJSG4ZTK,,,169.0,196.89,GI2DIOSFHIYTG
244,E,14,resale,GN6DCMRTGUZDSOJSGUZXYMJZHEZTCNJSG4ZTK,,,169.0,196.89,GI2DIOSFHIYTI
244,E,15,resale,GN6DCMRTGUZDSOJSGUZXYMJZHEZTCNJSG4ZTK,,,169.0,196.89,GI2DIOSFHIYTK
244,E,16,resale,GN6DCMRTGUZDSOJSGUZXYMJZHEZTCNJSG4ZTK,,,169.0,196.89,GI2DIOSFHIYTM
244,F,22,primary,GJ6DC7BWGY,Verified Buccaneers Ticket,P19,130.0,169.3,GI2DIOSGHIZDE
244,F,23,primary,GJ6DC7BWGY,Verified Buccaneers Ticket,P19,130.0,169.3,GI2DIOSGHIZDG
244,F,24,primary,GJ6DC7BWGY,Verified Buccaneers Ticket,P19,130.0,169.3,GI2DIOSGHIZDI
244,H,1,resale,GN6DCMRWGA2DINJYGUZHYMJZHFSWGYRSHA4DK,,,127.0,147.96,GI2DIOSIHIYQ
244,H,2,resale,GN6DCMRWGA2DINJYGUZHYMJZHFSWGYRSHA4DK,,,127.0,147.96,GI2DIOSIHIZA
244,H,3,resale,GN6DCMRWGA2DINJYGUZHYMJZHFSWGYRSHA4DK,,,127.0,147.96,GI2DIOSIHIZQ
244,H,4,resale,GN6DCMRWGA2DINJYGUZHYMJZHFSWGYRSHA4DK,,,127.0,147.96,GI2DIOSIHI2A
244,H,5,resale,GN6DCMRWGA2DINJYGUZHYMJZHFSWGYRSHA4DK,,,127.0,147.96,GI2DIOSIHI2Q
244,H,6,resale,GN6DCMRWGA2DINJYGUZHYMJZHFSWGYRSHA4DK,,,127.0,147.96,GI2DIOSIHI3A
244,H,7,resale,GN6DCMRWGA2DINJYGUZHYMJZHFSWGYRSHA4DK,,,127.0,147.96,GI2DIOSIHI3Q
244,H,8,resale,GN6DCMRWGA2DINJYGUZHYMJZHFSWGYRSHA4DK,,,127.0,147.96,GI2DIOSIHI4A
244,H,9,resale,GN6DCMRWGA2DINJYGUZHYMJZHFSWGYRSHA4DK,,,127.0,147.96,GI2DIOSIHI4Q
244,H,10,resale,GN6DCMRWGA2DINJYGUZHYMJZHFSWGYRSHA4DK,,,127.0,147.96,GI2DIOSIHIYTA
244,H,11,resale,GN6DCMRWGA2DINJYGUZHYMJZHFSWGYRSHA4DK,,,127.0,147.96,GI2DIOSIHIYTC
244,H,12,resale,GN6DCMRWGA2DINJYGUZHYMJZHFSWGYRSHA4DK,,,127.0,147.96,GI2DIOSIHIYTE
244,M,1,resale,GN6DCMRWGA2DINJYGQYHYMJZHFSWGYRZMQ4TK,,,125.0,145.63,GI2DIOSNHIYQ
244,M,2,resale,GN6DCMRWGA2DINJYGQYHYMJZHFSWGYRZMQ4TK,,,125.0,145.63,GI2DIOSNHIZA
244,M,3,resale,GN6DCMRWGA2DINJYGQYHYMJZHFSWGYRZMQ4TK,,,125.0,145.63,GI2DIOSNHIZQ
244,M,4,resale,GN6DCMRWGA2DINJYGQYHYMJZHFSWGYRZMQ4TK,,,125.0,145.63,GI2DIOSNHI2A
244,M,5,resale,GN6DCMRWGA2DINJYGQYHYMJZHFSWGYRZMQ4TK,,,125.0,145.63,GI2DIOSNHI2Q
244,M,6,resale,GN6DCMRWGA2DINJYGQYHYMJZHFSWGYRZMQ4TK,,,125.0,145.63,GI2DIOSNHI3A
244,M,7,resale,GN6DCMRWGA2DINJYGQYHYMJZHFSWGYRZMQ4TK,,,125.0,145.63,GI2DIOSNHI3Q
244,M,8,resale,GN6DCMRWGA2DINJYGQYHYMJZHFSWGYRZMQ4TK,,,125.0,145.63,GI2DIOSNHI4A
244,M,9,resale,GN6DCMRWGA2DINJYGQYHYMJZHFSWGYRZMQ4TK,,,125.0,145.63,GI2DIOSNHI4Q
244,M,10,resale,GN6DCMRWGA2DINJYGQYHYMJZHFSWGYRZMQ4TK,,,125.0,145.63,GI2DIOSNHIYTA
244,M,11,resale,GN6DCMRWGA2DINJYGQYHYMJZHFSWGYRZMQ4TK,,,125.0,145.63,GI2DIOSNHIYTC
244,M,12,resale,GN6DCMRWGA2DINJYGQYHYMJZHFSWGYRZMQ4TK,,,125.0,145.63,GI2DIOSNHIYTE
244,U,1,resale,GN6DCMRVGE2DAMBTGY4XYMJZHFSTONZQGM3DK,,,122.0,142.13,GI2DIOSVHIYQ
244,U,2,resale,GN6DCMRVGE2DAMBTGY4XYMJZHFSTONZQGM3DK,,,122.0,142.13,GI2DIOSVHIZA
244,U,3,resale,GN6DCMRVGE2DAMBTGY4XYMJZHFSTONZQGM3DK,,,122.0,142.13,GI2DIOSVHIZQ
244,U,4,resale,GN6DCMRVGE2DAMBTGY4XYMJZHFSTONZQGM3DK,,,122.0,142.13,GI2DIOSVHI2A
244,U,5,resale,GN6DCMRVGE2DAMBTGY4XYMJZHFSTONZQGM3DK,,,122.0,142.13,GI2DIOSVHI2Q
244,U,6,resale,GN6DCMRVGE2DAMBTGY4XYMJZHFSTONZQGM3DK,,,122.0,142.13,GI2DIOSVHI3A
244,U,7,resale,GN6DCMRVGE2DAMBTGY4XYMJZHFSTONZQGM3DK,,,122.0,142.13,GI2DIOSVHI3Q
244,U,8,resale,GN6DCMRVGE2DAMBTGY4XYMJZHFSTONZQGM3DK,,,122.0,142.13,GI2DIOSVHI4A
244,U,9,resale,GN6DCMRVGE2DAMBTGY4XYMJZHFSTONZQGM3DK,,,122.0,142.13,GI2DIOSVHI4Q
244,U,10,resale,GN6DCMRVGE2DAMBTGY4XYMJZHFSTONZQGM3DK,,,122.0,142.13,GI2DIOSVHIYTA
244,U,11,resale,GN6DCMRVGE2DAMBTGY4XYMJZHFSTONZQGM3DK,,,122.0,142.13,GI2DIOSVHIYTC
244,U,12,resale,GN6DCMRVGE2DAMBTGY4XYMJZHFSTONZQGM3DK,,,122.0,142.13,GI2DIOSVHIYTE
245,C,2,resale,GN6DCMJZG43DMMBZGQYHYMJZHFSTONTCGI3DK,,,132.0,153.78,GI2DKOSDHIZA
245,C,3,resale,GN6DCMJZG43DMMBZGQYHYMJZHFSTONTCGI3DK,,,132.0,153.78,GI2DKOSDHIZQ
245,E,1,resale,GN6DCMRVGE2DAMBTGMYHYMJZHFSTONTBGM3TK,,,121.0,140.97,GI2DKOSFHIYQ
245,E,2,resale,GN6DCMRVGE2DAMBTGMYHYMJZHFSTONTBGM3TK,,,121.0,140.97,GI2DKOSFHIZA
245,E,3,resale,GN6DCMRVGE2DAMBTGMYHYMJZHFSTONTBGM3TK,,,121.0,140.97,GI2DKOSFHIZQ
245,F,1,resale,GN6DCMRVGE2DAMBTGI4HYMJZHFSTONRZGI4DK,,,121.0,140.97,GI2DKOSGHIYQ
245,F,2,resale,GN6DCMRVGE2DAMBTGI4HYMJZHFSTONRZGI4DK,,,121.0,140.97,GI2DKOSGHIZA
245,F,3,resale,GN6DCMRVGE2DAMBTGI4HYMJZHFSTONRZGI4DK,,,121.0,140.97,GI2DKOSGHIZQ
245,F,4,resale,GN6DCMRVGE2DAMBTGI4HYMJZHFSTONRZGI4DK,,,121.0,140.97,GI2DKOSGHI2A
245,F,5,resale,GN6DCMRVGE2DAMBTGI4HYMJZHFSTONRZGI4DK,,,121.0,140.97,GI2DKOSGHI2Q
245,F,6,resale,GN6DCMRVGE2DAMBTGI4HYMJZHFSTONRZGI4DK,,,121.0,140.97,GI2DKOSGHI3A
245,J,1,primary,GJ6DC7BWGY,Verified Buccaneers Ticket,P19,130.0,169.3,GI2DKOSKHIYQ
245,J,2,primary,GJ6DC7BWGY,Verified Buccaneers Ticket,P19,130.0,169.3,GI2DKOSKHIZA
245,L,1,resale,GN6DCMRWGA2DINJYGU2HYMJZHFSWGYRTGBQTK,,,119.0,138.64,GI2DKOSMHIYQ
245,L,2,resale,GN6DCMRWGA2DINJYGU2HYMJZHFSWGYRTGBQTK,,,119.0,138.64,GI2DKOSMHIZA
245,L,3,resale,GN6DCMRWGA2DINJYGU2HYMJZHFSWGYRTGBQTK,,,119.0,138.64,GI2DKOSMHIZQ
245,L,4,resale,GN6DCMRWGA2DINJYGU2HYMJZHFSWGYRTGBQTK,,,119.0,138.64,GI2DKOSMHI2A
245,L,5,resale,GN6DCMRWGA2DINJYGU2HYMJZHFSWGYRTGBQTK,,,119.0,138.64,GI2DKOSMHI2Q
245,L,6,resale,GN6DCMRWGA2DINJYGU2HYMJZHFSWGYRTGBQTK,,,119.0,138.64,GI2DKOSMHI3A
245,P,1,primary,GJ6DC7BWGY,Verified Buccaneers Ticket,P19,130.0,169.3,GI2DKOSQHIYQ
245,P,2,primary,GJ6DC7BWGY,Verified Buccaneers Ticket,P19,130.0,169.3,GI2DKOSQHIZA
302,B,3,resale,GN6DCMJZG43DMMJWGE4HYMJZHE4GIODGGYYDK,,,73.0,85.05,GMYDEOSCHIZQ
302,B,4,resale,GN6DCMJZG43DMMJWGE4HYMJZHE4GIODGGYYDK,,,73.0,85.05,GMYDEOSCHI2A
302,BB,1,resale,GN6DCMRWGA2DINJZGA4XYMJZHFSWGYRYMM2TK,,,59.0,68.74,GMYDEOSCII5DC
302,BB,2,resale,GN6DCMRWGA2DINJZGA4XYMJZHFSWGYRYMM2TK,,,59.0,68.74,GMYDEOSCII5DE
302,BB,3,resale,GN6DCMRWGA2DINJZGA4XYMJZHFSWGYRYMM2TK,,,59.0,68.74,GMYDEOSCII5DG
302,BB,4,resale,GN6DCMRWGA2DINJZGA4XYMJZHFSWGYRYMM2TK,,,59.0,68.74,GMYDEOSCII5DI
302,BB,5,resale,GN6DCMRWGA2DINJZGA4XYMJZHFSWGYRYMM2TK,,,59.0,68.74,GMYDEOSCII5DK
302,BB,6,resale,GN6DCMRWGA2DINJZGA4XYMJZHFSWGYRYMM2TK,,,59.0,68.74,GMYDEOSCII5DM
302,BB,7,resale,GN6DCMRWGA2DINJZGA4XYMJZHFSWGYRYMM2TK,,,59.0,68.74,GMYDEOSCII5DO
302,BB,8,resale,GN6DCMRWGA2DINJZGA4XYMJZHFSWGYRYMM2TK,,,59.0,68.74,GMYDEOSCII5DQ
302,BB,9,resale,GN6DCMRWGA2DINJZGA4XYMJZHFSWGYRYMM2TK,,,59.0,68.74,GMYDEOSCII5DS
302,BB,10,resale,GN6DCMRWGA2DINJZGA4XYMJZHFSWGYRYMM2TK,,,59.0,68.74,GMYDEOSCII5DCMA
302,BB,12,primary,GJ6DCOBYGAYDAMBUPQ3TA,Aisle Seats,P23,75.0,98.93,GMYDEOSCII5DCMQ
302,BB,13,primary,GJ6DCOBYGAYDAMBUPQ3TA,Aisle Seats,P23,75.0,98.93,GMYDEOSCII5DCMY
302,CC,1,primary,GJ6DC7BXGA,Verified Buccaneers Ticket,P23,70.0,92.6,GMYDEOSDIM5DC
302,CC,2,primary,GJ6DC7BXGA,Verified Buccaneers Ticket,P23,70.0,92.6,GMYDEOSDIM5DE
302,CC,3,primary,GJ6DC7BXGA,Verified Buccaneers Ticket,P23,70.0,92.6,GMYDEOSDIM5DG
302,CC,4,primary,GJ6DC7BXGA,Verified Buccaneers Ticket,P23,70.0,92.6,GMYDEOSDIM5DI
302,CC,5,primary,GJ6DC7BXGA,Verified Buccaneers Ticket,P23,70.0,92.6,GMYDEOSDIM5DK
302,E,1,resale,GN6DCMJZG43DMMRQGUZXYMJZHE4GIODGMM4TK,,,65.0,75.73,GMYDEOSFHIYQ
302,E,2,resale,GN6DCMJZG43DMMRQGUZXYMJZHE4GIODGMM4TK,,,65.0,75.73,GMYDEOSFHIZA
302,E,3,resale,GN6DCMJZG43DMMRQGUZXYMJZHE4GIODGMM4TK,,,65.0,75.73,GMYDEOSFHIZQ
302,E,4,resale,GN6DCMJZG43DMMRQGUZXYMJZHE4GIODGMM4TK,,,65.0,75.73,GMYDEOSFHI2A
302,H,1,resale,GN6DCMJZG43DMMRQGQ4HYMJZHE4GIOJRMI4DK,,,66.0,76.89,GMYDEOSIHIYQ
302,H,2,resale,GN6DCMJZG43DMMRQGQ4HYMJZHE4GIOJRMI4DK,,,66.0,76.89,GMYDEOSIHIZA
302,H,3,resale,GN6DCMJZG43DMMRQGQ4HYMJZHE4GIOJRMI4DK,,,66.0,76.89,GMYDEOSIHIZQ
302,H,4,resale,GN6DCMJZG43DMMRQGQ4HYMJZHE4GIOJRMI4DK,,,66.0,76.89,GMYDEOSIHI2A
302,H,5,resale,GN6DCMJZG43DMMRQGQ4HYMJZHE4GIOJRMI4DK,,,66.0,76.89,GMYDEOSIHI2Q
302,H,6,resale,GN6DCMJZG43DMMRQGQ4HYMJZHE4GIOJRMI4DK,,,66.0,76.89,GMYDEOSIHI3A
302,H,7,resale,GN6DCMJZG43DMMRQGQ4HYMJZHE4GIOJRMI4DK,,,66.0,76.89,GMYDEOSIHI3Q
302,H,8,resale,GN6DCMJZG43DMMRQGQ4HYMJZHE4GIOJRMI4DK,,,66.0,76.89,GMYDEOSIHI4A
302,H,9,resale,GN6DCMJZG43DMMRQGQ4HYMJZHE4GIOJRMI4DK,,,66.0,76.89,GMYDEOSIHI4Q
302,H,10,resale,GN6DCMJZG43DMMRQGQ4HYMJZHE4GIOJRMI4DK,,,66.0,76.89,GMYDEOSIHIYTA
302,L,1,primary,GJ6DC7BXGA,Verified Buccaneers Ticket,P23,70.0,92.6,GMYDEOSMHIYQ
302,L,2,primary,GJ6DC7BXGA,Verified Buccaneers Ticket,P23,70.0,92.6,GMYDEOSMHIZA
302,P,11,primary,GJ6DC7BXGA,Verified Buccaneers Ticket,P23,70.0,92.6,GMYDEOSQHIYTC
302,P,12,primary,GJ6DCOBYGAYDAMBUPQ3TA,Aisle Seats,P23,75.0,98.93,GMYDEOSQHIYTE
302,P,13,primary,GJ6DCOBYGAYDAMBUPQ3TA,Aisle Seats,P23,75.0,98.93,GMYDEOSQHIYTG
302,R,1,primary,GJ6DC7BXGA,Verified Buccaneers Ticket,P23,70.0,92.6,GMYDEOSSHIYQ
302,R,2,primary,GJ6DC7BXGA,Verified Buccaneers Ticket,P23,70.0,92.6,GMYDEOSSHIZA
302,S,1,resale,GN6DCMJZG43DMMJXGYYHYMJZHE4GIODEGNSDK,,,63.0,73.4,GMYDEOSTHIYQ
302,S,2,resale,GN6DCMJZG43DMMJXGYYHYMJZHE4GIODEGNSDK,,,63.0,73.4,GMYDEOSTHIZA
302,S,3,resale,GN6DCMJZG43DMMJXGYYHYMJZHE4GIODEGNSDK,,,63.0,73.4,GMYDEOSTHIZQ
302,S,4,resale,GN6DCMJZG43DMMJXGYYHYMJZHE4GIODEGNSDK,,,63.0,73.4,GMYDEOSTHI2A
302,S,5,resale,GN6DCMJZG43DMMJXGYYHYMJZHE4GIODEGNSDK,,,63.0,73.4,GMYDEOSTHI2Q
302,S,6,resale,GN6DCMJZG43DMMJXGYYHYMJZHE4GIODEGNSDK,,,63.0,73.4,GMYDEOSTHI3A
302,S,7,resale,GN6DCMJZG43DMMJXGYYHYMJZHE4GIODEGNSDK,,,63.0,73.4,GMYDEOSTHI3Q
302,S,8,resale,GN6DCMJZG43DMMJXGYYHYMJZHE4GIODEGNSDK,,,63.0,73.4,GMYDEOSTHI4A
302,S,9,resale,GN6DCMJZG43DMMJXGYYHYMJZHE4GIODEGNSDK,,,63.0,73.4,GMYDEOSTHI4Q
302,S,10,resale,GN6DCMJZG43DMMJXGYYHYMJZHE4GIODEGNSDK,,,63.0,73.4,GMYDEOSTHIYTA
302,S,11,resale,GN6DCMJZG43DMMJXGYYHYMJZHE4GIODEGNSDK,,,63.0,73.4,GMYDEOSTHIYTC
302,T,12,primary,GJ6DCOBYGAYDAMBUPQ3TA,Aisle Seats,P23,75.0,98.93,GMYDEOSUHIYTE
302,T,13,primary,GJ6DCOBYGAYDAMBUPQ3TA,Aisle Seats,P23,75.0,98.93,GMYDEOSUHIYTG
302,U,1,resale,GN6DCMRWGA2DINJZGEYHYMJZHFSWGYZRGEYDK,,,62.0,72.23,GMYDEOSVHIYQ
302,U,2,resale,GN6DCMRWGA2DINJZGEYHYMJZHFSWGYZRGEYDK,,,62.0,72.23,GMYDEOSVHIZA
302,U,3,resale,GN6DCMRWGA2DINJZGEYHYMJZHFSWGYZRGEYDK,,,62.0,72.23,GMYDEOSVHIZQ
302,U,4,resale,GN6DCMRWGA2DINJZGEYHYMJZHFSWGYZRGEYDK,,,62.0,72.23,GMYDEOSVHI2A
302,U,5,resale,GN6DCMRWGA2DINJZGEYHYMJZHFSWGYZRGEYDK,,,62.0,72.23,GMYDEOSVHI2Q
302,U,6,resale,GN6DCMRWGA2DINJZGEYHYMJZHFSWGYZRGEYDK,,,62.0,72.23,GMYDEOSVHI3A
302,U,7,resale,GN6DCMRWGA2DINJZGEYHYMJZHFSWGYZRGEYDK,,,62.0,72.23,GMYDEOSVHI3Q
302,U,8,resale,GN6DCMRWGA2DINJZGEYHYMJZHFSWGYZRGEYDK,,,62.0,72.23,GMYDEOSVHI4A
302,U,9,resale,GN6DCMRWGA2DINJZGEYHYMJZHFSWGYZRGEYDK,,,62.0,72.23,GMYDEOSVHI4Q
302,U,10,resale,GN6DCMRWGA2DINJZGEYHYMJZHFSWGYZRGEYDK,,,62.0,72.23,GMYDEOSVHIYTA
302,U,11,resale,GN6DCMRWGA2DINJZGEYHYMJZHFSWGYZRGEYDK,,,62.0,72.23,GMYDEOSVHIYTC
302,U,12,primary,GJ6DCOBYGAYDAMBUPQ3TA,Aisle Seats,P23,75.0,98.93,GMYDEOSVHIYTE
302,U,13,primary,GJ6DCOBYGAYDAMBUPQ3TA,Aisle Seats,P23,75.0,98.93,GMYDEOSVHIYTG
302,V,1,resale,GN6DCMRWGA2DINJZGEYXYMJZHFSWGZDCHEZTK,,,59.0,68.74,GMYDEOSWHIYQ
302,V,2,resale,GN6DCMRWGA2DINJZGEYXYMJZHFSWGZDCHEZTK,,,59.0,68.74,GMYDEOSWHIZA
302,V,3,resale,GN6DCMRWGA2DINJZGEYXYMJZHFSWGZDCHEZTK,,,59.0,68.74,GMYDEOSWHIZQ
302,V,4,resale,GN6DCMRWGA2DINJZGEYXYMJZHFSWGZDCHEZTK,,,59.0,68.74,GMYDEOSWHI2A
302,V,5,resale,GN6DCMRWGA2DINJZGEYXYMJZHFSWGZDCHEZTK,,,59.0,68.74,GMYDEOSWHI2Q
302,V,6,resale,GN6DCMRWGA2DINJZGEYXYMJZHFSWGZDCHEZTK,,,59.0,68.74,GMYDEOSWHI3A
302,W,10,primary,GJ6DC7BXGA,Verified Buccaneers Ticket,P23,70.0,92.6,GMYDEOSXHIYTA
302,W,11,primary,GJ6DC7BXGA,Verified Buccaneers Ticket,P23,70.0,92.6,GMYDEOSXHIYTC
302,W,12,primary,GJ6DCOBYGAYDAMBUPQ3TA,Aisle Seats,P23,75.0,98.93,GMYDEOSXHIYTE
302,W,13,primary,GJ6DCOBYGAYDAMBUPQ3TA,Aisle Seats,P23,75.0,98.93,GMYDEOSXHIYTG
302,Y,4,primary,GJ6DC7BXGA,Verified Buccaneers Ticket,P23,70.0,92.6,GMYDEOSZHI2A
302,Y,5,primary,GJ6DC7BXGA,Verified Buccaneers Ticket,P23,70.0,92.6,GMYDEOSZHI2Q
303,C,13,resale,GN6DCMJZG43DMMRQGQ4XYMJZHE4GIOJRGAYDK,,,62.0,72.23,GMYDGOSDHIYTG
303,CC,12,primary,GJ6DC7BXGA,Verified Buccaneers Ticket,P23,70.0,92.6,GMYDGOSDIM5DCMQ
303,CC,13,primary,GJ6DC7BXGA,Verified Buccaneers Ticket,P23,70.0,92.6,GMYDGOSDIM5DCMY
303,CC,14,primary,GJ6DC7BXGA,Verified Buccaneers Ticket,P23,70.0,92.6,GMYDGOSDIM5DCNA
303,CC,15,primary,GJ6DC7BXGA,Verified Buccaneers Ticket,P23,70.0,92.6,GMYDGOSDIM5DCNI
303,CC,16,resale,GN6DCMRWGA2DINJZGEZHYMJZHFSWGYZQGEZTK,,,53.0,61.75,GMYDGOSDIM5DCNQ
303,CC,17,resale,GN6DCMRWGA2DINJZGEZHYMJZHFSWGYZQGEZTK,,,53.0,61.75,GMYDGOSDIM5DCNY
303,CC,18,resale,GN6DCMRWGA2DINJZGEZHYMJZHFSWGYZQGEZTK,,,53.0,61.75,GMYDGOSDIM5DCOA
303,CC,19,resale,GN6DCMRWGA2DINJZGEZHYMJZHFSWGYZQGEZTK,,,53.0,61.75,GMYDGOSDIM5DCOI
303,CC,20,resale,GN6DCMRWGA2DINJZGEZHYMJZHFSWGYZQGEZTK,,,53.0,61.75,GMYDGOSDIM5DEMA
303,CC,21,resale,GN6DCMRWGA2DINJZGEZHYMJZHFSWGYZQGEZTK,,,53.0,61.75,GMYDGOSDIM5DEMI
303,CC,22,resale,GN6DCMRWGA2DINJZGEZHYMJZHFSWGYZQGEZTK,,,53.0,61.75,GMYDGOSDIM5DEMQ
303,CC,23,primary,GJ6DCOBYGAYDAMBUPQ3TA,Aisle Seats,P23,75.0,98.93,GMYDGOSDIM5DEMY
303,CC,24,primary,GJ6DCOBYGAYDAMBUPQ3TA,Aisle Seats,P23,75.0,98.93,GMYDGOSDIM5DENA
303,E,9,resale,GN6DCMJZG43DMMRQGUZHYMJZHE4GIODFMY2TK,,,66.0,76.89,GMYDGOSFHI4Q
303,E,10,resale,GN6DCMJZG43DMMRQGUZHYMJZHE4GIODFMY2TK,,,66.0,76.89,GMYDGOSFHIYTA
303,E,11,resale,GN6DCMJZG43DMMRQGUZHYMJZHE4GIODFMY2TK,,,66.0,76.89,GMYDGOSFHIYTC
303,E,12,resale,GN6DCMJZG43DMMRQGUZHYMJZHE4GIODFMY2TK,,,66.0,76.89,GMYDGOSFHIYTE
303,E,13,resale,GN6DCMJZG43DMMRQGUZHYMJZHE4GIODFMY2TK,,,66.0,76.89,GMYDGOSFHIYTG
303,E,14,resale,GN6DCMJZG43DMMRQGUZHYMJZHE4GIODFMY2TK,,,66.0,76.89,GMYDGOSFHIYTI
303,E,15,resale,GN6DCMJZG43DMMRQGUZHYMJZHE4GIODFMY2TK,,,66.0,76.89,GMYDGOSFHIYTK
303,E,16,resale,GN6DCMJZG43DMMRQGUZHYMJZHE4GIODFMY2TK,,,66.0,76.89,GMYDGOSFHIYTM
303,L,21,primary,GJ6DC7BXGA,Verified Buccaneers Ticket,P23,70.0,92.6,GMYDGOSMHIZDC
303,L,22,primary,GJ6DC7BXGA,Verified Buccaneers Ticket,P23,70.0,92.6,GMYDGOSMHIZDE
303,M,7,primary,GJ6DC7BXGA,Verified Buccaneers Ticket,P23,70.0,92.6,GMYDGOSNHI3Q
303,M,8,primary,GJ6DC7BXGA,Verified Buccaneers Ticket,P23,70.0,92.6,GMYDGOSNHI4A
303,M,17,resale,GN6DCMRVHA4TCMJSHE3XYMJZHFRGMMBXGBRDK,,,64.0,74.56,GMYDGOSNHIYTO
303,M,18,resale,GN6DCMRVHA4TCMJSHE3XYMJZHFRGMMBXGBRDK,,,64.0,74.56,GMYDGOSNHIYTQ
303,M,19,resale,GN6DCMRVHA4TCMJSHE3XYMJZHFRGMMBXGBRDK,,,64.0,74.56,GMYDGOSNHIYTS
303,M,20,resale,GN6DCMRVHA4TCMJSHE3XYMJZHFRGMMBXGBRDK,,,64.0,74.56,GMYDGOSNHIZDA
303,M,21,resale,GN6DCMRVHA4TCMJSHE3XYMJZHFRGMMBXGBRDK,,,64.0,74.56,GMYDGOSNHIZDC
303,M,22,resale,GN6DCMRVHA4TCMJSHE3XYMJZHFRGMMBXGBRDK,,,64.0,74.56,GMYDGOSNHIZDE
303,M,23,resale,GN6DCMRVHA4TCMJSHE3XYMJZHFRGMMBXGBRDK,,,64.0,74.56,GMYDGOSNHIZDG
303,M,24,resale,GN6DCMRVHA4TCMJSHE3XYMJZHFRGMMBXGBRDK,,,64.0,74.56,GMYDGOSNHIZDI
303,P,4,primary,GJ6DC7BXGA,Verified Buccaneers Ticket,P23,70.0,92.6,GMYDGOSQHI2A
303,P,5,primary,GJ6DC7BXGA,Verified Buccaneers Ticket,P23,70.0,92.6,GMYDGOSQHI2Q
303,S,23,primary,GJ6DCOBYGAYDAMBUPQ3TA,Aisle Seats,P23,75.0,98.93,GMYDGOSTHIZDG
303,S,24,primary,GJ6DCOBYGAYDAMBUPQ3TA,Aisle Seats,P23,75.0,98.93,GMYDGOSTHIZDI
303,T,5,primary,GJ6DC7BXGA,Verified Buccaneers Ticket,P23,70.0,92.6,GMYDGOSUHI2Q
303,T,6,primary,GJ6DC7BXGA,Verified Buccaneers Ticket,P23,70.0,92.6,GMYDGOSUHI3A
303,T,7,resale,GN6DCMRVG4YTQOBYGE4XYMJZHE4GIOJQGI4TK,,,63.0,73.4,GMYDGOSUHI3Q
303,T,8,resale,GN6DCMRVG4YTQOBYGE4XYMJZHE4GIOJQGI4TK,,,63.0,73.4,GMYDGOSUHI4A
303,T,9,resale,GN6DCMRVG4YTQOBYGE4XYMJZHE4GIOJQGI4TK,,,63.0,73.4,GMYDGOSUHI4Q
303,T,10,resale,GN6DCMRVG4YTQOBYGE4XYMJZHE4GIOJQGI4TK,,,63.0,73.4,GMYDGOSUHIYTA
303,T,11,resale,GN6DCMRVG4YTQOBYGE4XYMJZHE4GIOJQGI4TK,,,63.0,73.4,GMYDGOSUHIYTC
303,T,12,resale,GN6DCMRVG4YTQOBYGE4XYMJZHE4GIOJQGI4TK,,,63.0,73.4,GMYDGOSUHIYTE
303,T,13,resale,GN6DCMRVG4YTQOBYGE4XYMJZHE4GIOJQGI4TK,,,63.0,73.4,GMYDGOSUHIYTG
303,T,14,resale,GN6DCMRVG4YTQOBYGE4XYMJZHE4GIOJQGI4TK,,,63.0,73.4,GMYDGOSUHIYTI
303,T,15,resale,GN6DCMRVG4YTQOBYGE4XYMJZHE4GIOJQGI4TK,,,63.0,73.4,GMYDGOSUHIYTK
303,T,16,resale,GN6DCMRVG4YTQOBYGE4XYMJZHE4GIOJQGI4TK,,,63.0,73.4,GMYDGOSUHIYTM
303,T,17,resale,GN6DCMRVG4YTQOBYGE4XYMJZHE4GIOJQGI4TK,,,63.0,73.4,GMYDGOSUHIYTO
303,T,18,resale,GN6DCMRVG4YTQOBYGE4XYMJZHE4GIOJQGI4TK,,,63.0,73.4,GMYDGOSUHIYTQ
303,T,19,resale,GN6DCMRVG4YTQOBYGE4XYMJZHE4GIOJQGI4TK,,,63.0,73.4,GMYDGOSUHIYTS
303,T,20,primary,GJ6DC7BXGA,Verified Buccaneers Ticket,P23,70.0,92.6,GMYDGOSUHIZDA
303,T,21,primary,GJ6DC7BXGA,Verified Buccaneers Ticket,P23,70.0,92.6,GMYDGOSUHIZDC
303,T,22,primary,GJ6DC7BXGA,Verified Buccaneers Ticket,P23,70.0,92.6,GMYDGOSUHIZDE
303,T,23,primary,GJ6DC7BXGA,Verified Buccaneers Ticket,P23,70.0,92.6,GMYDGOSUHIZDG
303,V,8,primary,GJ6DC7BXGA,Verified Buccaneers Ticket,P23,70.0,92.6,GMYDGOSWHI4A
303,V,9,primary,GJ6DC7BXGA,Verified Buccaneers Ticket,P23,70.0,92.6,GMYDGOSWHI4Q
303,V,10,primary,GJ6DC7BXGA,Verified Buccaneers Ticket,P23,70.0,92.6,GMYDGOSWHIYTA
303,V,11,primary,GJ6DC7BXGA,Verified Buccaneers Ticket,P23,70.0,92.6,GMYDGOSWHIYTC
303,V,12,primary,GJ6DC7BXGA,Verified Buccaneers Ticket,P23,70.0,92.6,GMYDGOSWHIYTE
303,V,13,primary,GJ6DC7BXGA,Verified Buccaneers Ticket,P23,70.0,92.6,GMYDGOSWHIYTG
303,V,20,primary,GJ6DC7BXGA,Verified Buccaneers Ticket,P23,70.0,92.6,GMYDGOSWHIZDA
303,V,21,primary,GJ6DC7BXGA,Verified Buccaneers Ticket,P23,70.0,92.6,GMYDGOSWHIZDC
303,V,22,primary,GJ6DC7BXGA,Verified Buccaneers Ticket,P23,70.0,92.6,GMYDGOSWHIZDE
303,Z,1,resale,GN6DCMRWGA2DINJZGA3XYMJZHFSWGYTBGBSDK,,,60.0,69.9,GMYDGOS2HIYQ
303,Z,2,resale,GN6DCMRWGA2DINJZGA3XYMJZHFSWGYTBGBSDK,,,60.0,69.9,GMYDGOS2HIZA
303,Z,3,resale,GN6DCMRWGA2DINJZGA3XYMJZHFSWGYTBGBSDK,,,60.0,69.9,GMYDGOS2HIZQ
303,Z,4,resale,GN6DCMRWGA2DINJZGA3XYMJZHFSWGYTBGBSDK,,,60.0,69.9,GMYDGOS2HI2A
303,Z,5,resale,GN6DCMRWGA2DINJZGA3XYMJZHFSWGYTBGBSDK,,,60.0,69.9,GMYDGOS2HI2Q
303,Z,6,resale,GN6DCMRWGA2DINJZGA3XYMJZHFSWGYTBGBSDK,,,60.0,69.9,GMYDGOS2HI3A
303,Z,7,resale,GN6DCMRWGA2DINJZGA3XYMJZHFSWGYTBGBSDK,,,60.0,69.9,GMYDGOS2HI3Q
303,Z,8,resale,GN6DCMRWGA2DINJZGA3XYMJZHFSWGYTBGBSDK,,,60.0,69.9,GMYDGOS2HI4A
303,Z,9,resale,GN6DCMRWGA2DINJZGA3XYMJZHFSWGYTBGBSDK,,,60.0,69.9,GMYDGOS2HI4Q
303,Z,10,resale,GN6DCMRWGA2DINJZGA3XYMJZHFSWGYTBGBSDK,,,60.0,69.9,GMYDGOS2HIYTA
303,Z,11,resale,GN6DCMRWGA2DINJZGA3XYMJZHFSWGYTBGBSDK,,,60.0,69.9,GMYDGOS2HIYTC
303,Z,12,resale,GN6DCMRWGA2DINJZGA3XYMJZHFSWGYTBGBSDK,,,60.0,69.9,GMYDGOS2HIYTE
304,A,15,resale,GN6DCMRTG4ZTOOBWHA2XYMJZHE4GIODGHA2DK,,,86.0,100.19,GMYDIOSBHIYTK
304,A,16,resale,GN6DCMRTG4ZTOOBWHA2XYMJZHE4GIODGHA2DK,,,86.0,100.19,GMYDIOSBHIYTM
304,A,17,resale,GN6DCMRTG4ZTOOBWHA2XYMJZHE4GIODGHA2DK,,,86.0,100.19,GMYDIOSBHIYTO
304,AA,9,primary,GJ6DC7BXGA,Verified Buccaneers Ticket,P23,70.0,92.6,GMYDIOSBIE5DS
304,AA,10,primary,GJ6DC7BXGA,Verified Buccaneers Ticket,P23,70.0,92.6,GMYDIOSBIE5DCMA
304,AA,11,primary,GJ6DC7BXGA,Verified Buccaneers Ticket,P23,70.0,92.6,GMYDIOSBIE5DCMI
304,AA,15,primary,GJ6DC7BXGA,Verified Buccaneers Ticket,P23,70.0,92.6,GMYDIOSBIE5DCNI
304,AA,16,primary,GJ6DC7BXGA,Verified Buccaneers Ticket,P23,70.0,92.6,GMYDIOSBIE5DCNQ
304,AA,17,primary,GJ6DC7BXGA,Verified Buccaneers Ticket,P23,70.0,92.6,GMYDIOSBIE5DCNY
304,AA,18,primary,GJ6DC7BXGA,Verified Buccaneers Ticket,P23,70.0,92.6,GMYDIOSBIE5DCOA
304,B,14,resale,GN6DCMJZG43DMMJTGY4XYMJZHE4GIODBGQ2DK,,,77.0,89.71,GMYDIOSCHIYTI
304,B,15,resale,GN6DCMJZG43DMMJTGY4XYMJZHE4GIODBGQ2DK,,,77.0,89.71,GMYDIOSCHIYTK
304,BB,12,primary,GJ6DC7BXGA,Verified Buccaneers Ticket,P23,70.0,92.6,GMYDIOSCII5DCMQ
304,BB,13,primary,GJ6DC7BXGA,Verified Buccaneers Ticket,P23,70.0,92.6,GMYDIOSCII5DCMY
304,BB,14,primary,GJ6DC7BXGA,Verified Buccaneers Ticket,P23,70.0,92.6,GMYDIOSCII5DCNA
304,BB,15,primary,GJ6DC7BXGA,Verified Buccaneers Ticket,P23,70.0,92.6,GMYDIOSCII5DCNI
304,BB,19,primary,GJ6DC7BXGA,Verified Buccaneers Ticket,P23,70.0,92.6,GMYDIOSCII5DCOI
304,BB,20,primary,GJ6DC7BXGA,Verified Buccaneers Ticket,P23,70.0,92.6,GMYDIOSCII5DEMA
304,BB,21,primary,GJ6DC7BXGA,Verified Buccaneers Ticket,P23,70.0,92.6,GMYDIOSCII5DEMI
304,BB,22,primary,GJ6DC7BXGA,Verified Buccaneers Ticket,P23,70.0,92.6,GMYDIOSCII5DEMQ
304,DD,12,resale,GN6DCMRVG43DSNRTGQZXYMJZHE4TEOLGGI3DK,,,59.0,68.74,GMYDIOSEIQ5DCMQ
304,DD,13,resale,GN6DCMRVG43DSNRTGQZXYMJZHE4TEOLGGI3DK,,,59.0,68.74,GMYDIOSEIQ5DCMY
304,DD,14,resale,GN6DCMRVG43DSNRTGQZXYMJZHE4TEOLGGI3DK,,,59.0,68.74,GMYDIOSEIQ5DCNA
304,DD,15,resale,GN6DCMRVG43DSNRTGQZXYMJZHE4TEOLGGI3DK,,,59.0,68.74,GMYDIOSEIQ5DCNI
304,DD,16,resale,GN6DCMRVG43DSNRTGQZXYMJZHE4TEOLGGI3DK,,,59.0,68.74,GMYDIOSEIQ5DCNQ
304,DD,17,resale,GN6DCMRVG43DSNRTGQZXYMJZHE4TEOLGGI3DK,,,59.0,68.74,GMYDIOSEIQ5DCNY
304,DD,18,resale,GN6DCMRVG43DSNRTGQZXYMJZHE4TEOLGGI3DK,,,59.0,68.74,GMYDIOSEIQ5DCOA
304,DD,19,resale,GN6DCMRVG43DSNRTGQZXYMJZHE4TEOLGGI3DK,,,59.0,68.74,GMYDIOSEIQ5DCOI
304,DD,20,resale,GN6DCMRVG43DSNRTGQZXYMJZHE4TEOLGGI3DK,,,59.0,68.74,GMYDIOSEIQ5DEMA
304,DD,21,resale,GN6DCMRVG43DSNRTGQZXYMJZHE4TEOLGGI3DK,,,59.0,68.74,GMYDIOSEIQ5DEMI
304,DD,22,resale,GN6DCMRVG43DSNRTGQZXYMJZHE4TEOLGGI3DK,,,59.0,68.74,GMYDIOSEIQ5DEMQ
304,DD,23,resale,GN6DCMRVG43DSNRTGQZXYMJZHE4TEOLGGI3DK,,,59.0,68.74,GMYDIOSEIQ5DEMY
304,E,19,resale,GN6DCMRVHE4TEOBRGU4HYMJZHFSDCZRYMUYTK,,,145.0,168.93,GMYDIOSFHIYTS
304,E,20,resale,GN6DCMRVHE4TEOBRGU4HYMJZHFSDCZRYMUYTK,,,145.0,168.93,GMYDIOSFHIZDA
304,F,12,resale,GN6DCMJZG43DMMRQGQ2XYMJZHE4GIODBMVTDK,,,69.0,80.39,GMYDIOSGHIYTE
304,F,13,resale,GN6DCMJZG43DMMRQGQ2XYMJZHE4GIODBMVTDK,,,69.0,80.39,GMYDIOSGHIYTG
304,F,14,resale,GN6DCMJZG43DMMRQGQ2XYMJZHE4GIODBMVTDK,,,69.0,80.39,GMYDIOSGHIYTI
304,F,15,resale,GN6DCMJZG43DMMRQGQ2XYMJZHE4GIODBMVTDK,,,69.0,80.39,GMYDIOSGHIYTK
304,F,16,resale,GN6DCMJZG43DMMRQGQ2XYMJZHE4GIODBMVTDK,,,69.0,80.39,GMYDIOSGHIYTM
304,F,17,resale,GN6DCMJZG43DMMRQGQ2XYMJZHE4GIODBMVTDK,,,69.0,80.39,GMYDIOSGHIYTO
304,F,18,resale,GN6DCMJZG43DMMRQGQ2XYMJZHE4GIODBMVTDK,,,69.0,80.39,GMYDIOSGHIYTQ
304,F,19,resale,GN6DCMJZG43DMMRQGQ2XYMJZHE4GIODBMVTDK,,,69.0,80.39,GMYDIOSGHIYTS
304,J,18,resale,GN6DCMRVGE4DCNJZGI3XYMJZHA3TSNTFHAZDK,,,115.0,133.98,GMYDIOSKHIYTQ
304,J,19,resale,GN6DCMRVGE4DCNJZGI3XYMJZHA3TSNTFHAZDK,,,115.0,133.98,GMYDIOSKHIYTS
304,M,17,primary,GJ6DC7BXGA,Verified Buccaneers Ticket,P23,70.0,92.6,GMYDIOSNHIYTO
304,M,20,primary,GJ6DC7BXGA,Verified Buccaneers Ticket,P23,70.0,92.6,GMYDIOSNHIZDA
304,M,21,primary,GJ6DC7BXGA,Verified Buccaneers Ticket,P23,70.0,92.6,GMYDIOSNHIZDC
304,N,14,primary,GJ6DC7BXGA,Verified Buccaneers Ticket,P23,70.0,92.6,GMYDIOSOHIYTI
304,N,15,primary,GJ6DC7BXGA,Verified Buccaneers Ticket,P23,70.0,92.6,GMYDIOSOHIYTK
304,N,16,primary,GJ6DC7BXGA,Verified Buccaneers Ticket,P23,70.0,92.6,GMYDIOSOHIYTM
304,N,17,primary,GJ6DC7BXGA,Verified Buccaneers Ticket,P23,70.0,92.6,GMYDIOSOHIYTO
304,N,18,primary,GJ6DC7BXGA,Verified Buccaneers Ticket,P23,70.0,92.6,GMYDIOSOHIYTQ
304,P,6,primary,GJ6DC7BXGA,Verified Buccaneers Ticket,P23,70.0,92.6,GMYDIOSQHI3A
304,P,7,primary,GJ6DC7BXGA,Verified Buccaneers Ticket,P23,70.0,92.6,GMYDIOSQHI3Q
304,P,8,primary,GJ6DC7BXGA,Verified Buccaneers Ticket,P23,70.0,92.6,GMYDIOSQHI4A
304,S,5,primary,GJ6DC7BXGA,Verified Buccaneers Ticket,P23,70.0,92.6,GMYDIOSTHI2Q
304,S,6,primary,GJ6DC7BXGA,Verified Buccaneers Ticket,P23,70.0,92.6,GMYDIOSTHI3A
304,S,7,primary,GJ6DC7BXGA,Verified Buccaneers Ticket,P23,70.0,92.6,GMYDIOSTHI3Q
304,S,8,primary,GJ6DC7BXGA,Verified Buccaneers Ticket,P23,70.0,92.6,GMYDIOSTHI4A
304,S,9,primary,GJ6DC7BXGA,Verified Buccaneers Ticket,P23,70.0,92.6,GMYDIOSTHI4Q
304,S,10,primary,GJ6DC7BXGA,Verified Buccaneers Ticket,P23,70.0,92.6,GMYDIOSTHIYTA
304,S,11,resale,GN6DCMRWGA2DINJZGA3HYMJZHFSWGYRWHA2DK,,,62.0,72.23,GMYDIOSTHIYTC
304,S,12,resale,GN6DCMRWGA2DINJZGA3HYMJZHFSWGYRWHA2DK,,,62.0,72.23,GMYDIOSTHIYTE
304,S,13,resale,GN6DCMRWGA2DINJZGA3HYMJZHFSWGYRWHA2DK,,,62.0,72.23,GMYDIOSTHIYTG
304,S,14,resale,GN6DCMRWGA2DINJZGA3HYMJZHFSWGYRWHA2DK,,,62.0,72.23,GMYDIOSTHIYTI
304,S,15,resale,GN6DCMRWGA2DINJZGA3HYMJZHFSWGYRWHA2DK,,,62.0,72.23,GMYDIOSTHIYTK
304,S,16,resale,GN6DCMRWGA2DINJZGA3HYMJZHFSWGYRWHA2DK,,,62.0,72.23,GMYDIOSTHIYTM
304,S,17,resale,GN6DCMRWGA2DINJZGA3HYMJZHFSWGYRWHA2DK,,,62.0,72.23,GMYDIOSTHIYTO
304,S,18,resale,GN6DCMRWGA2DINJZGA3HYMJZHFSWGYRWHA2DK,,,62.0,72.23,GMYDIOSTHIYTQ
304,S,19,primary,GJ6DC7BXGA,Verified Buccaneers Ticket,P23,70.0,92.6,GMYDIOSTHIYTS
304,S,20,primary,GJ6DC7BXGA,Verified Buccaneers Ticket,P23,70.0,92.6,GMYDIOSTHIZDA
304,S,21,primary,GJ6DC7BXGA,Verified Buccaneers Ticket,P23,70.0,92.6,GMYDIOSTHIZDC
304,S,22,primary,GJ6DC7BXGA,Verified Buccaneers Ticket,P23,70.0,92.6,GMYDIOSTHIZDE
304,T,26,primary,GJ6DC7BXGA,Verified Buccaneers Ticket,P23,70.0,92.6,GMYDIOSUHIZDM
304,T,27,primary,GJ6DC7BXGA,Verified Buccaneers Ticket,P23,70.0,92.6,GMYDIOSUHIZDO
304,U,26,resale,GN6DCMRVGQ3TMNZTGUYHYMJZHE4GIODFGAYTK,,,59.0,68.74,GMYDIOSVHIZDM
304,U,27,resale,GN6DCMRVGQ3TMNZTGUYHYMJZHE4GIODFGAYTK,,,59.0,68.74,GMYDIOSVHIZDO
304,U,28,resale,GN6DCMRVGQ3TMNZTGUYHYMJZHE4GIODFGAYTK,,,59.0,68.74,GMYDIOSVHIZDQ
304,U,29,resale,GN6DCMRVGQ3TMNZTGUYHYMJZHE4GIODFGAYTK,,,59.0,68.74,GMYDIOSVHIZDS
304,V,23,resale,GN6DCMRVGQ3TMNZTGUYXYMJZHE4GIOJQGM3DK,,,62.0,72.23,GMYDIOSWHIZDG
304,V,24,resale,GN6DCMRVGQ3TMNZTGUYXYMJZHE4GIOJQGM3DK,,,62.0,72.23,GMYDIOSWHIZDI
304,V,25,resale,GN6DCMRVGQ3TMNZTGUYXYMJZHE4GIOJQGM3DK,,,62.0,72.23,GMYDIOSWHIZDK
304,V,26,resale,GN6DCMRVGQ3TMNZTGUYXYMJZHE4GIOJQGM3DK,,,62.0,72.23,GMYDIOSWHIZDM
304,V,27,resale,GN6DCMRVGQ3TMNZTGUYXYMJZHE4GIOJQGM3DK,,,62.0,72.23,GMYDIOSWHIZDO
304,V,28,resale,GN6DCMRVGQ3TMNZTGUYXYMJZHE4GIOJQGM3DK,,,62.0,72.23,GMYDIOSWHIZDQ
304,V,29,resale,GN6DCMRVGQ3TMNZTGUYXYMJZHE4GIOJQGM3DK,,,62.0,72.23,GMYDIOSWHIZDS
304,V,30,resale,GN6DCMRVGQ3TMNZTGUYXYMJZHE4GIOJQGM3DK,,,62.0,72.23,GMYDIOSWHIZTA
304,W,30,primary,GJ6DCOBYGAYDAMBUPQ3TA,Aisle Seats,P23,75.0,98.93,GMYDIOSXHIZTA
304,W,31,primary,GJ6DCOBYGAYDAMBUPQ3TA,Aisle Seats,P23,75.0,98.93,GMYDIOSXHIZTC
304,X,7,primary,GJ6DC7BXGA,Verified Buccaneers Ticket,P23,70.0,92.6,GMYDIOSYHI3Q
304,X,8,primary,GJ6DC7BXGA,Verified Buccaneers Ticket,P23,70.0,92.6,GMYDIOSYHI4A
304,X,9,primary,GJ6DC7BXGA,Verified Buccaneers Ticket,P23,70.0,92.6,GMYDIOSYHI4Q
304,X,10,primary,GJ6DC7BXGA,Verified Buccaneers Ticket,P23,70.0,92.6,GMYDIOSYHIYTA
304,X,11,primary,GJ6DC7BXGA,Verified Buccaneers Ticket,P23,70.0,92.6,GMYDIOSYHIYTC
304,X,12,primary,GJ6DC7BXGA,Verified Buccaneers Ticket,P23,70.0,92.6,GMYDIOSYHIYTE
304,X,13,primary,GJ6DC7BXGA,Verified Buccaneers Ticket,P23,70.0,92.6,GMYDIOSYHIYTG
304,X,14,primary,GJ6DC7BXGA,Verified Buccaneers Ticket,P23,70.0,92.6,GMYDIOSYHIYTI
304,X,15,primary,GJ6DC7BXGA,Verified Buccaneers Ticket,P23,70.0,92.6,GMYDIOSYHIYTK
304,X,28,resale,GN6DCMRWGA2DINJZGAZHYMJZHFSWGYTCME3TK,,,59.0,68.74,GMYDIOSYHIZDQ
304,X,29,resale,GN6DCMRWGA2DINJZGAZHYMJZHFSWGYTCME3TK,,,59.0,68.74,GMYDIOSYHIZDS
304,X,30,resale,GN6DCMRWGA2DINJZGAZHYMJZHFSWGYTCME3TK,,,59.0,68.74,GMYDIOSYHIZTA
304,X,31,resale,GN6DCMRWGA2DINJZGAZHYMJZHFSWGYTCME3TK,,,59.0,68.74,GMYDIOSYHIZTC
304,X,32,resale,GN6DCMRWGA2DINJZGAZHYMJZHFSWGYTCME3TK,,,59.0,68.74,GMYDIOSYHIZTE
305,BB,5,primary,GJ6DC7BXGA,Verified Buccaneers Ticket,P23,70.0,92.6,GMYDKOSCII5DK
305,BB,6,primary,GJ6DC7BXGA,Verified Buccaneers Ticket,P23,70.0,92.6,GMYDKOSCII5DM
305,BB,7,primary,GJ6DC7BXGA,Verified Buccaneers Ticket,P23,70.0,92.6,GMYDKOSCII5DO
305,BB,8,primary,GJ6DC7BXGA,Verified Buccaneers Ticket,P23,70.0,92.6,GMYDKOSCII5DQ
305,BB,9,primary,GJ6DC7BXGA,Verified Buccaneers Ticket,P23,70.0,92.6,GMYDKOSCII5DS
305,BB,10,primary,GJ6DC7BXGA,Verified Buccaneers Ticket,P23,70.0,92.6,GMYDKOSCII5DCMA
305,BB,31,primary,GJ6DCOBYGAYDAMBUPQ3TA,Aisle Seats,P23,75.0,98.93,GMYDKOSCII5DGMI
305,BB,32,primary,GJ6DCOBYGAYDAMBUPQ3TA,Aisle Seats,P23,75.0,98.93,GMYDKOSCII5DGMQ
305,DD,16,primary,GJ6DC7BXGA,Verified Buccaneers Ticket,P23,70.0,92.6,GMYDKOSEIQ5DCNQ
305,DD,17,primary,GJ6DC7BXGA,Verified Buccaneers Ticket,P23,70.0,92.6,GMYDKOSEIQ5DCNY
305,DD,18,primary,GJ6DC7BXGA,Verified Buccaneers Ticket,P23,70.0,92.6,GMYDKOSEIQ5DCOA
305,DD,19,primary,GJ6DC7BXGA,Verified Buccaneers Ticket,P23,70.0,92.6,GMYDKOSEIQ5DCOI
305,DD,20,resale,GN6DCMRUGYYTQMJTGUYHYMJZHE4GIODBMVSTK,,,58.0,67.57,GMYDKOSEIQ5DEMA
305,DD,21,resale,GN6DCMRUGYYTQMJTGUYHYMJZHE4GIODBMVSTK,,,58.0,67.57,GMYDKOSEIQ5DEMI
305,DD,22,resale,GN6DCMRUGYYTQMJTGUYHYMJZHE4GIODBMVSTK,,,58.0,67.57,GMYDKOSEIQ5DEMQ
305,DD,23,resale,GN6DCMRUGYYTQMJTGUYHYMJZHE4GIODBMVSTK,,,58.0,67.57,GMYDKOSEIQ5DEMY
305,DD,24,resale,GN6DCMRUGYYTQMJTGUYHYMJZHE4GIODBMVSTK,,,58.0,67.57,GMYDKOSEIQ5DENA
305,DD,25,resale,GN6DCMRUGYYTQMJTGUYHYMJZHE4GIODBMVSTK,,,58.0,67.57,GMYDKOSEIQ5DENI
305,DD,26,resale,GN6DCMRUGYYTQMJTGUYHYMJZHE4GIODBMVSTK,,,58.0,67.57,GMYDKOSEIQ5DENQ
305,DD,27,resale,GN6DCMRUGYYTQMJTGUYHYMJZHE4GIODBMVSTK,,,58.0,67.57,GMYDKOSEIQ5DENY
305,DD,29,primary,GJ6DC7BXGA,Verified Buccaneers Ticket,P23,70.0,92.6,GMYDKOSEIQ5DEOI
305,DD,30,primary,GJ6DC7BXGA,Verified Buccaneers Ticket,P23,70.0,92.6,GMYDKOSEIQ5DGMA
305,DD,33,primary,GJ6DCOBYGAYDAMBUPQ3TA,Aisle Seats,P23,75.0,98.93,GMYDKOSEIQ5DGMY
305,DD,34,primary,GJ6DCOBYGAYDAMBUPQ3TA,Aisle Seats,P23,75.0,98.93,GMYDKOSEIQ5DGNA
305,F,21,resale,GN6DCMJZGE2TOMBZGMZXYMJZHFRTGNLEHBRTK,,,119.0,138.64,GMYDKOSGHIZDC
305,F,22,resale,GN6DCMJZGE2TOMBZGMZXYMJZHFRTGNLEHBRTK,,,119.0,138.64,GMYDKOSGHIZDE
305,J,31,resale,GN6DCMRUGQ4TQNJVGQZXYMJZHEZTCNLEMM2TK,,,74.0,86.21,GMYDKOSKHIZTC
305,J,32,resale,GN6DCMRUGQ4TQNJVGQZXYMJZHEZTCNLEMM2TK,,,74.0,86.21,GMYDKOSKHIZTE
305,K,24,resale,GN6DCMRVGQ3TMNZTGA4XYMJZHE4GIODEGUZTK,,,63.0,73.4,GMYDKOSLHIZDI
305,K,25,resale,GN6DCMRVGQ3TMNZTGA4XYMJZHE4GIODEGUZTK,,,63.0,73.4,GMYDKOSLHIZDK
305,M,14,primary,GJ6DC7BXGA,Verified Buccaneers Ticket,P23,70.0,92.6,GMYDKOSNHIYTI
305,M,15,primary,GJ6DC7BXGA,Verified Buccaneers Ticket,P23,70.0,92.6,GMYDKOSNHIYTK
305,M,16,primary,GJ6DC7BXGA,Verified Buccaneers Ticket,P23,70.0,92.6,GMYDKOSNHIYTM
305,M,17,primary,GJ6DC7BXGA,Verified Buccaneers Ticket,P23,70.0,92.6,GMYDKOSNHIYTO
305,N,14,primary,GJ6DC7BXGA,Verified Buccaneers Ticket,P23,70.0,92.6,GMYDKOSOHIYTI
305,N,15,primary,GJ6DC7BXGA,Verified Buccaneers Ticket,P23,70.0,92.6,GMYDKOSOHIYTK
305,P,18,resale,GN6DCMRVHA4TCMJSHE2HYMJZHFRGMMBQMY2DK,,,60.0,69.9,GMYDKOSQHIYTQ
305,P,19,resale,GN6DCMRVHA4TCMJSHE2HYMJZHFRGMMBQMY2DK,,,60.0,69.9,GMYDKOSQHIYTS
305,P,20,resale,GN6DCMRVHA4TCMJSHE2HYMJZHFRGMMBQMY2DK,,,60.0,69.9,GMYDKOSQHIZDA
305,R,10,primary,GJ6DCOBYGAYDAMBUPQ3TA,Aisle Seats,P23,75.0,98.93,GMYDKOSSHIYTA
305,R,11,primary,GJ6DCOBYGAYDAMBUPQ3TA,Aisle Seats,P23,75.0,98.93,GMYDKOSSHIYTC
305,R,27,primary,GJ6DC7BXGA,Verified Buccaneers Ticket,P23,70.0,92.6,GMYDKOSSHIZDO
305,R,28,primary,GJ6DC7BXGA,Verified Buccaneers Ticket,P23,70.0,92.6,GMYDKOSSHIZDQ
305,R,29,primary,GJ6DC7BXGA,Verified Buccaneers Ticket,P23,70.0,92.6,GMYDKOSSHIZDS
305,R,30,primary,GJ6DC7BXGA,Verified Buccaneers Ticket,P23,70.0,92.6,GMYDKOSSHIZTA
305,R,31,primary,GJ6DCOBYGAYDAMBUPQ3TA,Aisle Seats,P23,75.0,98.93,GMYDKOSSHIZTC
305,R,32,primary,GJ6DCOBYGAYDAMBUPQ3TA,Aisle Seats,P23,75.0,98.93,GMYDKOSSHIZTE
305,S,9,primary,GJ6DCOBYGAYDAMBUPQ3TA,Aisle Seats,P23,75.0,98.93,GMYDKOSTHI4Q
305,S,10,primary,GJ6DCOBYGAYDAMBUPQ3TA,Aisle Seats,P23,75.0,98.93,GMYDKOSTHIYTA
305,S,11,primary,GJ6DC7BXGA,Verified Buccaneers Ticket,P23,70.0,92.6,GMYDKOSTHIYTC
305,S,12,primary,GJ6DC7BXGA,Verified Buccaneers Ticket,P23,70.0,92.6,GMYDKOSTHIYTE
305,S,13,primary,GJ6DC7BXGA,Verified Buccaneers Ticket,P23,70.0,92.6,GMYDKOSTHIYTG
305,S,14,primary,GJ6DC7BXGA,Verified Buccaneers Ticket,P23,70.0,92.6,GMYDKOSTHIYTI
305,S,21,resale,GN6DCMRVGM4TCNJZGU4HYMJZHBSDOYJXME4TK,,,111.0,129.32,GMYDKOSTHIZDC
305,S,22,resale,GN6DCMRVGM4TCNJZGU4HYMJZHBSDOYJXME4TK,,,111.0,129.32,GMYDKOSTHIZDE
305,S,23,resale,GN6DCMRVGM4TCNJZGU4HYMJZHBSDOYJXME4TK,,,111.0,129.32,GMYDKOSTHIZDG
305,S,24,resale,GN6DCMRVGM4TCNJZGU4HYMJZHBSDOYJXME4TK,,,111.0,129.32,GMYDKOSTHIZDI
305,T,8,resale,GN6DCMRVGQ4TIMBSHE2XYMJZHE4GIOBZG4YDK,,,57.0,66.41,GMYDKOSUHI4A
305,T,9,resale,GN6DCMRVGQ4TIMBSHE2XYMJZHE4GIOBZG4YDK,,,57.0,66.41,GMYDKOSUHI4Q
305,W,19,primary,GJ6DC7BXGA,Verified Buccaneers Ticket,P23,70.0,92.6,GMYDKOSXHIYTS
305,W,20,primary,GJ6DC7BXGA,Verified Buccaneers Ticket,P23,70.0,92.6,GMYDKOSXHIZDA
305,W,21,primary,GJ6DC7BXGA,Verified Buccaneers Ticket,P23,70.0,92.6,GMYDKOSXHIZDC
305,W,31,primary,GJ6DCOBYGAYDAMBUPQ3TA,Aisle Seats,P23,75.0,98.93,GMYDKOSXHIZTC
305,W,32,primary,GJ6DCOBYGAYDAMBUPQ3TA,Aisle Seats,P23,75.0,98.93,GMYDKOSXHIZTE
305,X,7,resale,GN6DCMRUGY3DKMZUG44HYMJZHEZTCNLEGJTDK,,,64.0,74.56,GMYDKOSYHI3Q
305,X,8,resale,GN6DCMRUGY3DKMZUG44HYMJZHEZTCNLEGJTDK,,,64.0,74.56,GMYDKOSYHI4A
305,X,9,resale,GN6DCMRVGY4DMNJUGU3HYMJZHE4GIODCGI2TK,,,59.0,68.74,GMYDKOSYHI4Q
305,X,10,resale,GN6DCMRVGY4DMNJUGU3HYMJZHE4GIODCGI2TK,,,59.0,68.74,GMYDKOSYHIYTA
305,X,11,resale,GN6DCMRVGY4DMNJUGU3HYMJZHE4GIODCGI2TK,,,59.0,68.74,GMYDKOSYHIYTC
305,X,12,resale,GN6DCMRVGY4DMNJUGU3HYMJZHE4GIODCGI2TK,,,59.0,68.74,GMYDKOSYHIYTE
305,X,13,resale,GN6DCMRVGY4DMNJUGU3HYMJZHE4GIODCGI2TK,,,59.0,68.74,GMYDKOSYHIYTG
305,X,14,resale,GN6DCMRVGY4DMNJUGU3HYMJZHE4GIODCGI2TK,,,59.0,68.74,GMYDKOSYHIYTI
305,X,15,resale,GN6DCMRVGY4DMNJUGU3HYMJZHE4GIODCGI2TK,,,59.0,68.74,GMYDKOSYHIYTK
305,X,16,resale,GN6DCMRVGY4DMNJUGU3HYMJZHE4GIODCGI2TK,,,59.0,68.74,GMYDKOSYHIYTM
305,X,17,resale,GN6DCMRVGY4DMNJUGU3HYMJZHE4GIODCGI2TK,,,59.0,68.74,GMYDKOSYHIYTO
305,X,18,resale,GN6DCMRVGY4DMNJUGU3HYMJZHE4GIODCGI2TK,,,59.0,68.74,GMYDKOSYHIYTQ
305,X,19,resale,GN6DCMRVGY4DMNJUGU3HYMJZHE4GIODCGI2TK,,,59.0,68.74,GMYDKOSYHIYTS
305,X,20,resale,GN6DCMRVGY4DMNJUGU3HYMJZHE4GIODCGI2TK,,,59.0,68.74,GMYDKOSYHIZDA
305,X,21,resale,GN6DCMRVGY4DMNJUGU3HYMJZHE4GIODCGI2TK,,,59.0,68.74,GMYDKOSYHIZDC
305,X,22,primary,GJ6DC7BXGA,Verified Buccaneers Ticket,P23,70.0,92.6,GMYDKOSYHIZDE
305,X,23,primary,GJ6DC7BXGA,Verified Buccaneers Ticket,P23,70.0,92.6,GMYDKOSYHIZDG
305,X,24,primary,GJ6DC7BXGA,Verified Buccaneers Ticket,P23,70.0,92.6,GMYDKOSYHIZDI
305,X,25,primary,GJ6DC7BXGA,Verified Buccaneers Ticket,P23,70.0,92.6,GMYDKOSYHIZDK
305,Y,13,primary,GJ6DC7BXGA,Verified Buccaneers Ticket,P23,70.0,92.6,GMYDKOSZHIYTG
305,Y,14,primary,GJ6DC7BXGA,Verified Buccaneers Ticket,P23,70.0,92.6,GMYDKOSZHIYTI
305,Y,15,primary,GJ6DC7BXGA,Verified Buccaneers Ticket,P23,70.0,92.6,GMYDKOSZHIYTK
305,Y,16,primary,GJ6DC7BXGA,Verified Buccaneers Ticket,P23,70.0,92.6,GMYDKOSZHIYTM
305,Y,17,primary,GJ6DC7BXGA,Verified Buccaneers Ticket,P23,70.0,92.6,GMYDKOSZHIYTO
305,Y,18,primary,GJ6DC7BXGA,Verified Buccaneers Ticket,P23,70.0,92.6,GMYDKOSZHIYTQ
306,AA,9,primary,GJ6DC7BXGA,Verified Buccaneers Ticket,P23,70.0,92.6,GMYDMOSBIE5DS
306,AA,10,primary,GJ6DC7BXGA,Verified Buccaneers Ticket,P23,70.0,92.6,GMYDMOSBIE5DCMA
306,AA,16,primary,GJ6DC7BXGA,Verified Buccaneers Ticket,P23,70.0,92.6,GMYDMOSBIE5DCNQ
306,AA,17,primary,GJ6DC7BXGA,Verified Buccaneers Ticket,P23,70.0,92.6,GMYDMOSBIE5DCNY
306,AA,18,primary,GJ6DC7BXGA,Verified Buccaneers Ticket,P23,70.0,92.6,GMYDMOSBIE5DCOA
306,BB,1,primary,GJ6DCOBYGAYDAMBUPQ3TA,Aisle Seats,P23,75.0,98.93,GMYDMOSCII5DC
306,BB,2,primary,GJ6DCOBYGAYDAMBUPQ3TA,Aisle Seats,P23,75.0,98.93,GMYDMOSCII5DE
306,BB,3,primary,GJ6DC7BXGA,Verified Buccaneers Ticket,P23,70.0,92.6,GMYDMOSCII5DG
306,BB,4,primary,GJ6DC7BXGA,Verified Buccaneers Ticket,P23,70.0,92.6,GMYDMOSCII5DI
306,BB,5,primary,GJ6DC7BXGA,Verified Buccaneers Ticket,P23,70.0,92.6,GMYDMOSCII5DK
306,BB,6,primary,GJ6DC7BXGA,Verified Buccaneers Ticket,P23,70.0,92.6,GMYDMOSCII5DM
306,BB,7,primary,GJ6DC7BXGA,Verified Buccaneers Ticket,P23,70.0,92.6,GMYDMOSCII5DO
306,BB,17,resale,GN6DCMRWGA2DINJZGAYHYMJZHFSWGYRVMQ2TK,,,56.0,65.24,GMYDMOSCII5DCNY
306,BB,18,resale,GN6DCMRWGA2DINJZGAYHYMJZHFSWGYRVMQ2TK,,,56.0,65.24,GMYDMOSCII5DCOA
306,CC,1,primary,GJ6DCOBYGAYDAMBUPQ3TA,Aisle Seats,P23,75.0,98.93,GMYDMOSDIM5DC
306,CC,2,primary,GJ6DCOBYGAYDAMBUPQ3TA,Aisle Seats,P23,75.0,98.93,GMYDMOSDIM5DE
306,DD,10,primary,GJ6DC7BXGA,Verified Buccaneers Ticket,P23,70.0,92.6,GMYDMOSEIQ5DCMA
306,DD,11,primary,GJ6DC7BXGA,Verified Buccaneers Ticket,P23,70.0,92.6,GMYDMOSEIQ5DCMI
306,H,7,resale,GN6DCMJZG43DMMJXGU3HYMJZHE4GIODCGUYTK,,,71.0,82.72,GMYDMOSIHI3Q
306,H,8,resale,GN6DCMJZG43DMMJXGU3HYMJZHE4GIODCGUYTK,,,71.0,82.72,GMYDMOSIHI4A
306,H,9,resale,GN6DCMJZG43DMMJXGU3HYMJZHE4GIODCGUYTK,,,71.0,82.72,GMYDMOSIHI4Q
306,H,10,resale,GN6DCMJZG43DMMJXGU3HYMJZHE4GIODCGUYTK,,,71.0,82.72,GMYDMOSIHIYTA
306,H,11,resale,GN6DCMJZG43DMMJXGU3HYMJZHE4GIODCGUYTK,,,71.0,82.72,GMYDMOSIHIYTC
306,H,12,resale,GN6DCMJZG43DMMJXGU3HYMJZHE4GIODCGUYTK,,,71.0,82.72,GMYDMOSIHIYTE
306,H,13,resale,GN6DCMJZG43DMMJXGU3HYMJZHE4GIODCGUYTK,,,71.0,82.72,GMYDMOSIHIYTG
306,H,14,resale,GN6DCMJZG43DMMJXGU3HYMJZHE4GIODCGUYTK,,,71.0,82.72,GMYDMOSIHIYTI
306,K,20,resale,GN6DCMRVG42DCNRXGM3HYMJZHE4DIMJTGM3DK,,,111.0,129.32,GMYDMOSLHIZDA
306,K,21,resale,GN6DCMRVG42DCNRXGM3HYMJZHE4DIMJTGM3DK,,,111.0,129.32,GMYDMOSLHIZDC
306,M,12,resale,GN6DCMJZGE2TOMBYGQYXYMJZHEZTCNLFMFRTK,,,81.0,94.37,GMYDMOSNHIYTE
306,M,13,resale,GN6DCMJZGE2TOMBYGQYXYMJZHEZTCNLFMFRTK,,,81.0,94.37,GMYDMOSNHIYTG
306,P,18,resale,GN6DCMRUGIZDIOJRGIZHYMJZHE4GIODEGNRDK,,,64.0,74.56,GMYDMOSQHIYTQ
306,P,19,resale,GN6DCMRUGIZDIOJRGIZHYMJZHE4GIODEGNRDK,,,64.0,74.56,GMYDMOSQHIYTS
306,P,20,resale,GN6DCMRUGIZDIOJRGIZHYMJZHE4GIODEGNRDK,,,64.0,74.56,GMYDMOSQHIZDA
306,P,21,resale,GN6DCMRUGIZDIOJRGIZHYMJZHE4GIODEGNRDK,,,64.0,74.56,GMYDMOSQHIZDC
306,P,22,resale,GN6DCMRUGIZDIOJRGIZHYMJZHE4GIODEGNRDK,,,64.0,74.56,GMYDMOSQHIZDE
306,P,23,resale,GN6DCMRUGIZDIOJRGIZHYMJZHE4GIODEGNRDK,,,64.0,74.56,GMYDMOSQHIZDG
306,R,12,primary,GJ6DC7BXGA,Verified Buccaneers Ticket,P23,70.0,92.6,GMYDMOSSHIYTE
306,R,13,primary,GJ6DC7BXGA,Verified Buccaneers Ticket,P23,70.0,92.6,GMYDMOSSHIYTG
306,T,7,primary,GJ6DC7BXGA,Verified Buccaneers Ticket,P23,70.0,92.6,GMYDMOSUHI3Q
306,T,8,primary,GJ6DC7BXGA,Verified Buccaneers Ticket,P23,70.0,92.6,GMYDMOSUHI4A
306,V,10,primary,GJ6DC7BXGA,Verified Buccaneers Ticket,P23,70.0,92.6,GMYDMOSWHIYTA
307,A,5,resale,GN6DCMRVGUZDINBYGE3XYMJZHEYWENLEME3DK,,,400.0,466.0,GMYDOOSBHI2Q
307,A,6,resale,GN6DCMRVGUZDINBYGE3XYMJZHEYWENLEME3DK,,,400.0,466.0,GMYDOOSBHI3A
307,A,7,resale,GN6DCMRVGUZDINBYGE3XYMJZHEYWENLEME3DK,,,400.0,466.0,GMYDOOSBHI3Q
307,AA,9,primary,GJ6DC7BWHE,Verified Buccaneers Ticket,P22,80.0,105.35,GMYDOOSBIE5DS
307,AA,10,primary,GJ6DC7BWHE,Verified Buccaneers Ticket,P22,80.0,105.35,GMYDOOSBIE5DCMA
307,AA,11,primary,GJ6DC7BWHE,Verified Buccaneers Ticket,P22,80.0,105.35,GMYDOOSBIE5DCMI
307,AA,12,primary,GJ6DC7BWHE,Verified Buccaneers Ticket,P22,80.0,105.35,GMYDOOSBIE5DCMQ
307,AA,13,primary,GJ6DC7BWHE,Verified Buccaneers Ticket,P22,80.0,105.35,GMYDOOSBIE5DCMY
307,AA,14,primary,GJ6DC7BWHE,Verified Buccaneers Ticket,P22,80.0,105.35,GMYDOOSBIE5DCNA
307,AA,15,primary,GJ6DC7BWHE,Verified Buccaneers Ticket,P22,80.0,105.35,GMYDOOSBIE5DCNI
307,AA,16,primary,GJ6DC7BWHE,Verified Buccaneers Ticket,P22,80.0,105.35,GMYDOOSBIE5DCNQ
307,BB,7,primary,GJ6DC7BWHE,Verified Buccaneers Ticket,P22,80.0,105.35,GMYDOOSCII5DO
307,BB,8,primary,GJ6DC7BWHE,Verified Buccaneers Ticket,P22,80.0,105.35,GMYDOOSCII5DQ
307,CC,14,primary,GJ6DC7BWHE,Verified Buccaneers Ticket,P22,80.0,105.35,GMYDOOSDIM5DCNA
307,CC,15,primary,GJ6DC7BWHE,Verified Buccaneers Ticket,P22,80.0,105.35,GMYDOOSDIM5DCNI
307,CC,16,primary,GJ6DC7BWHE,Verified Buccaneers Ticket,P22,80.0,105.35,GMYDOOSDIM5DCNQ
307,CC,17,primary,GJ6DC7BWHE,Verified Buccaneers Ticket,P22,80.0,105.35,GMYDOOSDIM5DCNY
307,CC,18,primary,GJ6DC7BWHE,Verified Buccaneers Ticket,P22,80.0,105.35,GMYDOOSDIM5DCOA
307,CC,19,primary,GJ6DC7BWHE,Verified Buccaneers Ticket,P22,80.0,105.35,GMYDOOSDIM5DCOI
307,CC,20,primary,GJ6DC7BWHE,Verified Buccaneers Ticket,P22,80.0,105.35,GMYDOOSDIM5DEMA
307,CC,21,primary,GJ6DC7BWHE,Verified Buccaneers Ticket,P22,80.0,105.35,GMYDOOSDIM5DEMI
307,CC,22,primary,GJ6DC7BWHE,Verified Buccaneers Ticket,P22,80.0,105.35,GMYDOOSDIM5DEMQ
307,CC,23,primary,GJ6DCOBYGAYDAMBUPQ3DS,Aisle Seats,P22,85.0,111.73,GMYDOOSDIM5DEMY
307,DD,14,resale,GN6DCMRWGA2DINJYHAZXYMJZHFSWGYRWG44TK,,,65.0,75.73,GMYDOOSEIQ5DCNA
307,DD,15,resale,GN6DCMRWGA2DINJYHAZXYMJZHFSWGYRWG44TK,,,65.0,75.73,GMYDOOSEIQ5DCNI
307,DD,16,resale,GN6DCMRWGA2DINJYHAZXYMJZHFSWGYRWG44TK,,,65.0,75.73,GMYDOOSEIQ5DCNQ
307,DD,17,resale,GN6DCMRWGA2DINJYHAZXYMJZHFSWGYRWG44TK,,,65.0,75.73,GMYDOOSEIQ5DCNY
307,DD,18,resale,GN6DCMRWGA2DINJYHAZXYMJZHFSWGYRWG44TK,,,65.0,75.73,GMYDOOSEIQ5DCOA
307,DD,19,resale,GN6DCMRWGA2DINJYHAZXYMJZHFSWGYRWG44TK,,,65.0,75.73,GMYDOOSEIQ5DCOI
307,DD,20,resale,GN6DCMRWGA2DINJYHAZXYMJZHFSWGYRWG44TK,,,65.0,75.73,GMYDOOSEIQ5DEMA
307,DD,21,resale,GN6DCMRWGA2DINJYHAZXYMJZHFSWGYRWG44TK,,,65.0,75.73,GMYDOOSEIQ5DEMI
307,F,8,resale,GN6DCMRTG42DIOJYHE2HYMJZHE4GIODGHBRDK,,,84.0,97.86,GMYDOOSGHI4A
307,F,9,resale,GN6DCMRTG42DIOJYHE2HYMJZHE4GIODGHBRDK,,,84.0,97.86,GMYDOOSGHI4Q
307,F,10,resale,GN6DCMRTG42DIOJYHE2HYMJZHE4GIODGHBRDK,,,84.0,97.86,GMYDOOSGHIYTA
307,G,10,resale,GN6DCMRRGUZTONJYGM4HYMJZHEZTCNJXGM4TK,,,99.0,115.34,GMYDOOSHHIYTA
307,G,11,resale,GN6DCMRRGUZTONJYGM4HYMJZHEZTCNJXGM4TK,,,99.0,115.34,GMYDOOSHHIYTC
307,G,12,resale,GN6DCMRRGUZTONJYGM4HYMJZHEZTCNJXGM4TK,,,99.0,115.34,GMYDOOSHHIYTE
307,G,13,resale,GN6DCMRRGUZTONJYGM4HYMJZHEZTCNJXGM4TK,,,99.0,115.34,GMYDOOSHHIYTG
307,G,14,resale,GN6DCMRRGUZTONJYGM4HYMJZHEZTCNJXGM4TK,,,99.0,115.34,GMYDOOSHHIYTI
307,G,15,resale,GN6DCMRRGUZTONJYGM4HYMJZHEZTCNJXGM4TK,,,99.0,115.34,GMYDOOSHHIYTK
307,H,9,resale,GN6DCMRUGIZDIOJQHA3HYMJZHE4GKMZTMMYTK,,,83.0,96.7,GMYDOOSIHI4Q
307,H,10,resale,GN6DCMRUGIZDIOJQHA3HYMJZHE4GKMZTMMYTK,,,83.0,96.7,GMYDOOSIHIYTA
307,J,13,primary,GJ6DC7BWHE,Verified Buccaneers Ticket,P22,80.0,105.35,GMYDOOSKHIYTG
307,J,14,primary,GJ6DC7BWHE,Verified Buccaneers Ticket,P22,80.0,105.35,GMYDOOSKHIYTI
307,J,15,primary,GJ6DC7BWHE,Verified Buccaneers Ticket,P22,80.0,105.35,GMYDOOSKHIYTK
307,K,9,resale,GN6DCMJZGE2TOMBYGQ4HYMJZHEZTCNJTG5RTK,,,84.0,97.86,GMYDOOSLHI4Q
307,K,10,resale,GN6DCMJZGE2TOMBYGQ4HYMJZHEZTCNJTG5RTK,,,84.0,97.86,GMYDOOSLHIYTA
307,K,11,resale,GN6DCMJZGE2TOMBYGQ4HYMJZHEZTCNJTG5RTK,,,84.0,97.86,GMYDOOSLHIYTC
307,K,12,resale,GN6DCMJZGE2TOMBYGQ4HYMJZHEZTCNJTG5RTK,,,84.0,97.86,GMYDOOSLHIYTE
307,K,13,resale,GN6DCMJZGE2TOMBYGQ4HYMJZHEZTCNJTG5RTK,,,84.0,97.86,GMYDOOSLHIYTG
307,K,14,resale,GN6DCMJZGE2TOMBYGQ4HYMJZHEZTCNJTG5RTK,,,84.0,97.86,GMYDOOSLHIYTI
307,K,15,resale,GN6DCMRUGIZDIOJQHA2HYMJZHE4GIODBHAZDK,,,79.0,92.04,GMYDOOSLHIYTK
307,K,16,resale,GN6DCMRUGIZDIOJQHA2HYMJZHE4GIODBHAZDK,,,79.0,92.04,GMYDOOSLHIYTM
307,K,17,resale,GN6DCMRUGIZDIOJQHA2HYMJZHE4GIODBHAZDK,,,79.0,92.04,GMYDOOSLHIYTO
307,K,18,resale,GN6DCMRUGIZDIOJQHA2HYMJZHE4GIODBHAZDK,,,79.0,92.04,GMYDOOSLHIYTQ
307,K,23,resale,GN6DCMRVGI4DONRXGA3HYMJZHBQTSMZSMIYTK,,,78.0,90.87,GMYDOOSLHIZDG
307,K,24,resale,GN6DCMRVGI4DONRXGA3HYMJZHBQTSMZSMIYTK,,,78.0,90.87,GMYDOOSLHIZDI
307,L,4,resale,GN6DCMRUGIZDIOJQHEZXYMJZHE4GIOBXGYZDK,,,78.0,90.87,GMYDOOSMHI2A
307,L,5,resale,GN6DCMRUGIZDIOJQHEZXYMJZHE4GIOBXGYZDK,,,78.0,90.87,GMYDOOSMHI2Q
307,L,6,resale,GN6DCMRUGIZDIOJQHEZXYMJZHE4GIOBXGYZDK,,,78.0,90.87,GMYDOOSMHI3A
307,L,7,resale,GN6DCMRUGIZDIOJQHEZXYMJZHE4GIOBXGYZDK,,,78.0,90.87,GMYDOOSMHI3Q
307,L,8,resale,GN6DCMRUGIZDIOJQHEZXYMJZHE4GIOBXGYZDK,,,78.0,90.87,GMYDOOSMHI4A
307,L,9,resale,GN6DCMRUGIZDIOJQHEZXYMJZHE4GIOBXGYZDK,,,78.0,90.87,GMYDOOSMHI4Q
307,L,10,resale,GN6DCMRUGIZDIOJQHEZXYMJZHE4GIOBXGYZDK,,,78.0,90.87,GMYDOOSMHIYTA
307,M,3,resale,GN6DCMRUHAZTMOBZGI3HYMJZHE4GIOBXMZTDK,,,80.0,93.2,GMYDOOSNHIZQ
307,M,4,resale,GN6DCMRUHAZTMOBZGI3HYMJZHE4GIOBXMZTDK,,,80.0,93.2,GMYDOOSNHI2A
307,M,5,resale,GN6DCMRUHAZTMOBZGI3HYMJZHE4GIOBXMZTDK,,,80.0,93.2,GMYDOOSNHI2Q
307,M,6,resale,GN6DCMRUHAZTMOBZGI3HYMJZHE4GIOBXMZTDK,,,80.0,93.2,GMYDOOSNHI3A
307,M,7,resale,GN6DCMRUHAZTMOBZGI3HYMJZHE4GIOBXMZTDK,,,80.0,93.2,GMYDOOSNHI3Q
307,M,8,resale,GN6DCMRUHAZTMOBZGI3HYMJZHE4GIOBXMZTDK,,,80.0,93.2,GMYDOOSNHI4A
307,M,9,resale,GN6DCMRUHAZTMOBZGI3HYMJZHE4GIOBXMZTDK,,,80.0,93.2,GMYDOOSNHI4Q
307,M,10,resale,GN6DCMRUHAZTMOBZGI3HYMJZHE4GIOBXMZTDK,,,80.0,93.2,GMYDOOSNHIYTA
307,M,11,resale,GN6DCMRUHAZTMOBZGI3HYMJZHE4GIOBXMZTDK,,,80.0,93.2,GMYDOOSNHIYTC
307,M,12,resale,GN6DCMRUHAZTMOBZGI3HYMJZHE4GIOBXMZTDK,,,80.0,93.2,GMYDOOSNHIYTE
307,M,13,resale,GN6DCMRUHAZTMOBZGI3HYMJZHE4GIOBXMZTDK,,,80.0,93.2,GMYDOOSNHIYTG
307,M,14,resale,GN6DCMRUHAZTMOBZGI3HYMJZHE4GIOBXMZTDK,,,80.0,93.2,GMYDOOSNHIYTI
307,R,10,primary,GJ6DC7BWHE,Verified Buccaneers Ticket,P22,80.0,105.35,GMYDOOSSHIYTA
307,R,11,primary,GJ6DC7BWHE,Verified Buccaneers Ticket,P22,80.0,105.35,GMYDOOSSHIYTC
307,R,21,primary,GJ6DC7BWHE,Verified Buccaneers Ticket,P22,80.0,105.35,GMYDOOSSHIZDC
307,R,22,primary,GJ6DC7BWHE,Verified Buccaneers Ticket,P22,80.0,105.35,GMYDOOSSHIZDE
307,S,13,resale,GN6DCMRUGIZDIOJRGA2HYMJZHE4GIOBSMI4TK,,,70.0,81.55,GMYDOOSTHIYTG
307,S,14,resale,GN6DCMRUGIZDIOJRGA2HYMJZHE4GIOBSMI4TK,,,70.0,81.55,GMYDOOSTHIYTI
307,S,15,resale,GN6DCMRUGIZDIOJRGA2HYMJZHE4GIOBSMI4TK,,,70.0,81.55,GMYDOOSTHIYTK
307,S,16,resale,GN6DCMRUGIZDIOJRGA2HYMJZHE4GIOBSMI4TK,,,70.0,81.55,GMYDOOSTHIYTM
307,S,17,resale,GN6DCMRUGIZDIOJRGA2HYMJZHE4GIOBSMI4TK,,,70.0,81.55,GMYDOOSTHIYTO
307,S,18,resale,GN6DCMRUGIZDIOJRGA2HYMJZHE4GIOBSMI4TK,,,70.0,81.55,GMYDOOSTHIYTQ
307,S,19,resale,GN6DCMRUGIZDIOJRGA2HYMJZHE4GIOBSMI4TK,,,70.0,81.55,GMYDOOSTHIYTS
307,S,20,resale,GN6DCMRUGIZDIOJRGA2HYMJZHE4GIOBSMI4TK,,,70.0,81.55,GMYDOOSTHIZDA
307,S,21,resale,GN6DCMRUGIZDIOJRGA2HYMJZHE4GIOBSMI4TK,,,70.0,81.55,GMYDOOSTHIZDC
307,X,9,primary,GJ6DC7BWHE,Verified Buccaneers Ticket,P22,80.0,105.35,GMYDOOSYHI4Q
307,X,10,primary,GJ6DC7BWHE,Verified Buccaneers Ticket,P22,80.0,105.35,GMYDOOSYHIYTA
307,X,11,resale,GN6DCMRWGA2DINJYG44XYMJZHFSWGYZUMI4TK,,,67.0,78.06,GMYDOOSYHIYTC
307,X,12,resale,GN6DCMRWGA2DINJYG44XYMJZHFSWGYZUMI4TK,,,67.0,78.06,GMYDOOSYHIYTE
307,X,13,resale,GN6DCMRWGA2DINJYG44XYMJZHFSWGYZUMI4TK,,,67.0,78.06,GMYDOOSYHIYTG
307,X,14,resale,GN6DCMRWGA2DINJYG44XYMJZHFSWGYZUMI4TK,,,67.0,78.06,GMYDOOSYHIYTI
307,X,15,resale,GN6DCMRWGA2DINJYG44XYMJZHFSWGYZUMI4TK,,,67.0,78.06,GMYDOOSYHIYTK
307,X,16,resale,GN6DCMRWGA2DINJYG44XYMJZHFSWGYZUMI4TK,,,67.0,78.06,GMYDOOSYHIYTM
307,X,17,resale,GN6DCMRWGA2DINJYG44XYMJZHFSWGYZUMI4TK,,,67.0,78.06,GMYDOOSYHIYTO
307,X,18,resale,GN6DCMRWGA2DINJYG44XYMJZHFSWGYZUMI4TK,,,67.0,78.06,GMYDOOSYHIYTQ
308,AA,7,resale,GN6DCMRVGU3DKNJWHA2HYMJZHFSDSYTEMI3DK,,,100.0,116.5,GMYDQOSBIE5DO
308,AA,8,resale,GN6DCMRVGU3DKNJWHA2HYMJZHFSDSYTEMI3DK,,,100.0,116.5,GMYDQOSBIE5DQ
308,B,5,resale,GN6DCMJZG43DMMJRGIZHYMJZHFSTONRXGA2TK,,,145.0,168.93,GMYDQOSCHI2Q
308,B,6,resale,GN6DCMJZG43DMMJRGIZHYMJZHFSTONRXGA2TK,,,145.0,168.93,GMYDQOSCHI3A
308,B,7,resale,GN6DCMJZG43DMMJRGIZHYMJZHFSTONRXGA2TK,,,145.0,168.93,GMYDQOSCHI3Q
308,E,14,resale,GN6DCMRQGA4TENRYHE3XYMJZHE4GIZTEGI3TK,,,137.0,159.61,GMYDQOSFHIYTI
308,E,15,resale,GN6DCMRQGA4TENRYHE3XYMJZHE4GIZTEGI3TK,,,137.0,159.61,GMYDQOSFHIYTK
308,F,3,resale,GN6DCMRVHAZTSOJRGIYHYMJZHFQTKM3GHBTDK,,,157.0,182.91,GMYDQOSGHIZQ
308,F,4,resale,GN6DCMRVHAZTSOJRGIYHYMJZHFQTKM3GHBTDK,,,157.0,182.91,GMYDQOSGHI2A
308,F,5,resale,GN6DCMRVHAZTSOJRGIYHYMJZHFQTKM3GHBTDK,,,157.0,182.91,GMYDQOSGHI2Q
308,F,6,resale,GN6DCMRVHAZTSOJRGIYHYMJZHFQTKM3GHBTDK,,,157.0,182.91,GMYDQOSGHI3A
308,H,9,resale,GN6DCMJZG43DMMJTGUYHYMJZHFSDSYTCG4ZTK,,,129.0,150.29,GMYDQOSIHI4Q
308,H,10,resale,GN6DCMJZG43DMMJTGUYHYMJZHFSDSYTCG4ZTK,,,129.0,150.29,GMYDQOSIHIYTA
308,H,11,resale,GN6DCMJZG43DMMJTGUYHYMJZHFSDSYTCG4ZTK,,,129.0,150.29,GMYDQOSIHIYTC
308,H,12,resale,GN6DCMJZG43DMMJTGUYHYMJZHFSDSYTCG4ZTK,,,129.0,150.29,GMYDQOSIHIYTE
308,K,13,resale,GN6DCMRUHAZTMOBYGI2HYMJZHE4GIOBTHA3TK,,,124.0,144.46,GMYDQOSLHIYTG
308,K,14,resale,GN6DCMRUHAZTMOBYGI2HYMJZHE4GIOBTHA3TK,,,124.0,144.46,GMYDQOSLHIYTI
308,K,15,resale,GN6DCMRUHAZTMOBYGI2HYMJZHE4GIOBTHA3TK,,,124.0,144.46,GMYDQOSLHIYTK
308,K,16,resale,GN6DCMRUHAZTMOBYGI2HYMJZHE4GIOBTHA3TK,,,124.0,144.46,GMYDQOSLHIYTM
308,K,17,resale,GN6DCMRUHAZTMOBYGI2HYMJZHE4GIOBTHA3TK,,,124.0,144.46,GMYDQOSLHIYTO
308,K,18,resale,GN6DCMRUHAZTMOBYGI2HYMJZHE4GIOBTHA3TK,,,124.0,144.46,GMYDQOSLHIYTQ
308,M,5,resale,GN6DCMRUHAZTMOBYGE4XYMJZHE4GIOBXGY3TK,,,128.0,149.12,GMYDQOSNHI2Q
308,M,6,resale,GN6DCMRUHAZTMOBYGE4XYMJZHE4GIOBXGY3TK,,,128.0,149.12,GMYDQOSNHI3A
308,M,7,resale,GN6DCMRUHAZTMOBYGE4XYMJZHE4GIOBXGY3TK,,,128.0,149.12,GMYDQOSNHI3Q
308,M,8,resale,GN6DCMRUHAZTMOBYGE4XYMJZHE4GIOBXGY3TK,,,128.0,149.12,GMYDQOSNHI4A
308,M,9,resale,GN6DCMRUHAZTMOBYGE4XYMJZHE4GIOBXGY3TK,,,128.0,149.12,GMYDQOSNHI4Q
308,M,10,resale,GN6DCMRUHAZTMOBYGE4XYMJZHE4GIOBXGY3TK,,,128.0,149.12,GMYDQOSNHIYTA
308,M,11,resale,GN6DCMRUHAZTMOBYGE4XYMJZHE4GIOBXGY3TK,,,128.0,149.12,GMYDQOSNHIYTC
308,M,12,resale,GN6DCMRUHAZTMOBYGE4XYMJZHE4GIOBXGY3TK,,,128.0,149.12,GMYDQOSNHIYTE
308,M,13,resale,GN6DCMRUHAZTMOBYGE4XYMJZHE4GIOBXGY3TK,,,128.0,149.12,GMYDQOSNHIYTG
308,M,14,resale,GN6DCMRUHAZTMOBYGE4XYMJZHE4GIOBXGY3TK,,,128.0,149.12,GMYDQOSNHIYTI
308,P,17,primary,GJ6DC7BWHA,Verified Buccaneers Ticket,P21,97.0,127.08,GMYDQOSQHIYTO
308,P,18,primary,GJ6DC7BWHA,Verified Buccaneers Ticket,P21,97.0,127.08,GMYDQOSQHIYTQ
308,P,19,primary,GJ6DC7BWHA,Verified Buccaneers Ticket,P21,97.0,127.08,GMYDQOSQHIYTS
308,P,20,primary,GJ6DC7BWHA,Verified Buccaneers Ticket,P21,97.0,127.08,GMYDQOSQHIZDA
308,P,21,primary,GJ6DC7BWHA,Verified Buccaneers Ticket,P21,97.0,127.08,GMYDQOSQHIZDC
308,R,19,primary,GJ6DC7BWHA,Verified Buccaneers Ticket,P21,97.0,127.08,GMYDQOSSHIYTS
308,R,20,primary,GJ6DC7BWHA,Verified Buccaneers Ticket,P21,97.0,127.08,GMYDQOSSHIZDA
308,T,1,resale,GN6DCMJZG43DMMJTGEZXYMJZHFSDSYTBMIZDK,,,106.0,123.49,GMYDQOSUHIYQ
308,T,2,resale,GN6DCMJZG43DMMJTGEZXYMJZHFSDSYTBMIZDK,,,106.0,123.49,GMYDQOSUHIZA
308,T,3,resale,GN6DCMJZG43DMMJTGEZXYMJZHFSDSYTBMIZDK,,,106.0,123.49,GMYDQOSUHIZQ
308,T,4,resale,GN6DCMJZG43DMMJTGEZXYMJZHFSDSYTBMIZDK,,,106.0,123.49,GMYDQOSUHI2A
308,T,5,resale,GN6DCMJZG43DMMJTGEZXYMJZHFSDSYTBMIZDK,,,106.0,123.49,GMYDQOSUHI2Q
308,T,6,resale,GN6DCMJZG43DMMJTGEZXYMJZHFSDSYTBMIZDK,,,106.0,123.49,GMYDQOSUHI3A
308,T,7,resale,GN6DCMJZG43DMMJTGEZXYMJZHFSDSYTBMIZDK,,,106.0,123.49,GMYDQOSUHI3Q
308,T,8,resale,GN6DCMJZG43DMMJTGEZXYMJZHFSDSYTBMIZDK,,,106.0,123.49,GMYDQOSUHI4A
308,T,14,primary,GJ6DC7BWHA,Verified Buccaneers Ticket,P21,97.0,127.08,GMYDQOSUHIYTI
308,T,15,primary,GJ6DC7BWHA,Verified Buccaneers Ticket,P21,97.0,127.08,GMYDQOSUHIYTK
308,T,16,primary,GJ6DC7BWHA,Verified Buccaneers Ticket,P21,97.0,127.08,GMYDQOSUHIYTM
308,T,17,primary,GJ6DC7BWHA,Verified Buccaneers Ticket,P21,97.0,127.08,GMYDQOSUHIYTO
308,T,18,primary,GJ6DC7BWHA,Verified Buccaneers Ticket,P21,97.0,127.08,GMYDQOSUHIYTQ
308,T,19,primary,GJ6DC7BWHA,Verified Buccaneers Ticket,P21,97.0,127.08,GMYDQOSUHIYTS
308,T,20,primary,GJ6DC7BWHA,Verified Buccaneers Ticket,P21,97.0,127.08,GMYDQOSUHIZDA
308,U,14,resale,GN6DCMRWGA2DINJYG4YXYMJZHFSWGYRZHBRTK,,,101.0,117.67,GMYDQOSVHIYTI
308,U,15,resale,GN6DCMRWGA2DINJYG4YXYMJZHFSWGYRZHBRTK,,,101.0,117.67,GMYDQOSVHIYTK
308,U,16,resale,GN6DCMRWGA2DINJYG4YXYMJZHFSWGYRZHBRTK,,,101.0,117.67,GMYDQOSVHIYTM
308,U,17,resale,GN6DCMRWGA2DINJYG4YXYMJZHFSWGYRZHBRTK,,,101.0,117.67,GMYDQOSVHIYTO
308,U,18,resale,GN6DCMRWGA2DINJYG4YXYMJZHFSWGYRZHBRTK,,,101.0,117.67,GMYDQOSVHIYTQ
308,U,19,primary,GJ6DC7BWHA,Verified Buccaneers Ticket,P21,97.0,127.08,GMYDQOSVHIYTS
308,U,20,primary,GJ6DC7BWHA,Verified Buccaneers Ticket,P21,97.0,127.08,GMYDQOSVHIZDA
308,V,10,primary,GJ6DC7BWHA,Verified Buccaneers Ticket,P21,97.0,127.08,GMYDQOSWHIYTA
308,V,11,primary,GJ6DC7BWHA,Verified Buccaneers Ticket,P21,97.0,127.08,GMYDQOSWHIYTC
308,V,12,primary,GJ6DC7BWHA,Verified Buccaneers Ticket,P21,97.0,127.08,GMYDQOSWHIYTE
308,V,13,primary,GJ6DC7BWHA,Verified Buccaneers Ticket,P21,97.0,127.08,GMYDQOSWHIYTG
308,V,14,primary,GJ6DC7BWHA,Verified Buccaneers Ticket,P21,97.0,127.08,GMYDQOSWHIYTI
308,V,15,primary,GJ6DC7BWHA,Verified Buccaneers Ticket,P21,97.0,127.08,GMYDQOSWHIYTK
308,W,1,primary,GJ6DCOBYGAYDAMBUPQ3DQ,Aisle Seats,P21,102.0,133.5,GMYDQOSXHIYQ
308,W,2,primary,GJ6DCOBYGAYDAMBUPQ3DQ,Aisle Seats,P21,102.0,133.5,GMYDQOSXHIZA
308,W,9,primary,GJ6DC7BWHA,Verified Buccaneers Ticket,P21,97.0,127.08,GMYDQOSXHI4Q
308,W,10,primary,GJ6DC7BWHA,Verified Buccaneers Ticket,P21,97.0,127.08,GMYDQOSXHIYTA
308,W,11,primary,GJ6DC7BWHA,Verified Buccaneers Ticket,P21,97.0,127.08,GMYDQOSXHIYTC
308,W,12,primary,GJ6DC7BWHA,Verified Buccaneers Ticket,P21,97.0,127.08,GMYDQOSXHIYTE
308,W,16,resale,GN6DCMJZG43DMMJTGIYXYMJZHFSDSYRXMNSDK,,,106.0,123.49,GMYDQOSXHIYTM
308,W,17,resale,GN6DCMJZG43DMMJTGIYXYMJZHFSDSYRXMNSDK,,,106.0,123.49,GMYDQOSXHIYTO
308,W,18,resale,GN6DCMJZG43DMMJTGIYXYMJZHFSDSYRXMNSDK,,,106.0,123.49,GMYDQOSXHIYTQ
308,W,19,resale,GN6DCMJZG43DMMJTGIYXYMJZHFSDSYRXMNSDK,,,106.0,123.49,GMYDQOSXHIYTS
308,W,20,resale,GN6DCMJZG43DMMJTGIYXYMJZHFSDSYRXMNSDK,,,106.0,123.49,GMYDQOSXHIZDA
308,W,21,resale,GN6DCMJZG43DMMJTGIYXYMJZHFSDSYRXMNSDK,,,106.0,123.49,GMYDQOSXHIZDC
308,W,22,resale,GN6DCMJZG43DMMJTGIYXYMJZHFSDSYRXMNSDK,,,106.0,123.49,GMYDQOSXHIZDE
308,W,23,resale,GN6DCMJZG43DMMJTGIYXYMJZHFSDSYRXMNSDK,,,106.0,123.49,GMYDQOSXHIZDG
308,W,24,resale,GN6DCMJZG43DMMJTGIYXYMJZHFSDSYRXMNSDK,,,106.0,123.49,GMYDQOSXHIZDI
309,B,13,resale,GN6DCMRRG43TMNRUHA3HYMJZHFSTONTCHE4DK,,,153.0,178.25,GMYDSOSCHIYTG
309,B,14,resale,GN6DCMRRG43TMNRUHA3HYMJZHFSTONTCHE4DK,,,153.0,178.25,GMYDSOSCHIYTI
309,DD,18,resale,GN6DCMJZG43DMMJWGEYXYMJZHE4GIODBMU2DK,,,101.0,117.67,GMYDSOSEIQ5DCOA
309,DD,19,resale,GN6DCMJZG43DMMJWGEYXYMJZHE4GIODBMU2DK,,,101.0,117.67,GMYDSOSEIQ5DCOI
309,E,8,resale,GN6DCMRVGAYDKNRZGA4HYMJZHFSTONTCMMZTK,,,145.0,168.93,GMYDSOSFHI4A
309,E,9,resale,GN6DCMRVGAYDKNRZGA4HYMJZHFSTONTCMMZTK,,,145.0,168.93,GMYDSOSFHI4Q
309,E,10,resale,GN6DCMRVGAYDKNRZGA4HYMJZHFSTONTCMMZTK,,,145.0,168.93,GMYDSOSFHIYTA
309,E,11,resale,GN6DCMRVGAYDKNRZGA4HYMJZHFSTONTCMMZTK,,,145.0,168.93,GMYDSOSFHIYTC
309,E,12,resale,GN6DCMRVGAYDKNRZGA4HYMJZHFSTONTCMMZTK,,,145.0,168.93,GMYDSOSFHIYTE
309,K,3,resale,GN6DCMRTGY2TCNBRHAYXYMJZHEZTCNLCHEYDK,,,249.0,290.09,GMYDSOSLHIZQ
309,K,4,resale,GN6DCMRTGY2TCNBRHAYXYMJZHEZTCNLCHEYDK,,,249.0,290.09,GMYDSOSLHI2A
309,K,5,resale,GN6DCMRTGY2TCNBRHAYXYMJZHEZTCNLCHEYDK,,,249.0,290.09,GMYDSOSLHI2Q
309,K,6,resale,GN6DCMRTGY2TCNBRHAYXYMJZHEZTCNLCHEYDK,,,249.0,290.09,GMYDSOSLHI3A
309,K,7,resale,GN6DCMRTGY2TCNBRHAYXYMJZHEZTCNLCHEYDK,,,249.0,290.09,GMYDSOSLHI3Q
309,K,8,resale,GN6DCMRTGY2TCNBRHAYXYMJZHEZTCNLCHEYDK,,,249.0,290.09,GMYDSOSLHI4A
309,K,9,resale,GN6DCMRTGY2TCNBRHAYXYMJZHEZTCNLCHEYDK,,,249.0,290.09,GMYDSOSLHI4Q
309,K,10,resale,GN6DCMRTGY2TCNBRHAYXYMJZHEZTCNLCHEYDK,,,249.0,290.09,GMYDSOSLHIYTA
309,L,16,resale,GN6DCMRVG43DSNRTGI3XYMJZHE4TEOJYMIZTK,,,133.0,154.95,GMYDSOSMHIYTM
309,L,17,resale,GN6DCMRVG43DSNRTGI3XYMJZHE4TEOJYMIZTK,,,133.0,154.95,GMYDSOSMHIYTO
309,L,18,resale,GN6DCMRVG43DSNRTGI3XYMJZHE4TEOJYMIZTK,,,133.0,154.95,GMYDSOSMHIYTQ
309,R,5,resale,GN6DCMJZG43DMMJTGAZXYMJZHE4GIODEGNRTK,,,134.0,156.11,GMYDSOSSHI2Q
309,R,6,resale,GN6DCMJZG43DMMJTGAZXYMJZHE4GIODEGNRTK,,,134.0,156.11,GMYDSOSSHI3A
309,R,7,resale,GN6DCMJZG43DMMJTGAZXYMJZHE4GIODEGNRTK,,,134.0,156.11,GMYDSOSSHI3Q
309,R,8,resale,GN6DCMJZG43DMMJTGAZXYMJZHE4GIODEGNRTK,,,134.0,156.11,GMYDSOSSHI4A
309,R,9,resale,GN6DCMJZG43DMMJTGAZXYMJZHE4GIODEGNRTK,,,134.0,156.11,GMYDSOSSHI4Q
309,R,10,resale,GN6DCMJZG43DMMJTGAZXYMJZHE4GIODEGNRTK,,,134.0,156.11,GMYDSOSSHIYTA
309,R,11,resale,GN6DCMJZG43DMMJTGAZXYMJZHE4GIODEGNRTK,,,134.0,156.11,GMYDSOSSHIYTC
309,R,12,resale,GN6DCMJZG43DMMJTGAZXYMJZHE4GIODEGNRTK,,,134.0,156.11,GMYDSOSSHIYTE
309,R,13,resale,GN6DCMJZG43DMMJTGAZXYMJZHE4GIODEGNRTK,,,134.0,156.11,GMYDSOSSHIYTG
309,R,14,resale,GN6DCMJZG43DMMJTGAZXYMJZHE4GIODEGNRTK,,,134.0,156.11,GMYDSOSSHIYTI
309,R,15,resale,GN6DCMJZG43DMMJTGAZXYMJZHE4GIODEGNRTK,,,134.0,156.11,GMYDSOSSHIYTK
309,R,16,resale,GN6DCMJZG43DMMJTGAZXYMJZHE4GIODEGNRTK,,,134.0,156.11,GMYDSOSSHIYTM
309,S,3,primary,GJ6DC7BWHA,Verified Buccaneers Ticket,P21,97.0,127.08,GMYDSOSTHIZQ
309,S,4,primary,GJ6DC7BWHA,Verified Buccaneers Ticket,P21,97.0,127.08,GMYDSOSTHI2A
309,S,5,resale,GN6DCMRUGU2DEOJTGA2XYMJZHFSDSYRZGQYTK,,,110.0,128.15,GMYDSOSTHI2Q
309,S,6,resale,GN6DCMRUGU2DEOJTGA2XYMJZHFSDSYRZGQYTK,,,110.0,128.15,GMYDSOSTHI3A
309,S,7,resale,GN6DCMRUGU2DEOJTGA2XYMJZHFSDSYRZGQYTK,,,110.0,128.15,GMYDSOSTHI3Q
309,S,8,resale,GN6DCMRUGU2DEOJTGA2XYMJZHFSDSYRZGQYTK,,,110.0,128.15,GMYDSOSTHI4A
309,T,11,primary,GJ6DC7BWHA,Verified Buccaneers Ticket,P21,97.0,127.08,GMYDSOSUHIYTC
309,T,12,primary,GJ6DC7BWHA,Verified Buccaneers Ticket,P21,97.0,127.08,GMYDSOSUHIYTE
309,T,13,primary,GJ6DC7BWHA,Verified Buccaneers Ticket,P21,97.0,127.08,GMYDSOSUHIYTG
309,U,5,primary,GJ6DC7BWHA,Verified Buccaneers Ticket,P21,97.0,127.08,GMYDSOSVHI2Q
309,U,6,primary,GJ6DC7BWHA,Verified Buccaneers Ticket,P21,97.0,127.08,GMYDSOSVHI3A
309,U,7,primary,GJ6DC7BWHA,Verified Buccaneers Ticket,P21,97.0,127.08,GMYDSOSVHI3Q
309,U,8,primary,GJ6DC7BWHA,Verified Buccaneers Ticket,P21,97.0,127.08,GMYDSOSVHI4A
309,U,9,primary,GJ6DC7BWHA,Verified Buccaneers Ticket,P21,97.0,127.08,GMYDSOSVHI4Q
309,U,10,primary,GJ6DC7BWHA,Verified Buccaneers Ticket,P21,97.0,127.08,GMYDSOSVHIYTA
309,U,11,primary,GJ6DC7BWHA,Verified Buccaneers Ticket,P21,97.0,127.08,GMYDSOSVHIYTC
309,U,12,primary,GJ6DC7BWHA,Verified Buccaneers Ticket,P21,97.0,127.08,GMYDSOSVHIYTE
309,W,7,primary,GJ6DC7BWHA,Verified Buccaneers Ticket,P21,97.0,127.08,GMYDSOSXHI3Q
309,W,8,primary,GJ6DC7BWHA,Verified Buccaneers Ticket,P21,97.0,127.08,GMYDSOSXHI4A
309,W,9,resale,GN6DCMJZG43DMMJWGA2XYMJZHFSDSYRXME4TK,,,103.0,120.0,GMYDSOSXHI4Q
309,W,10,resale,GN6DCMJZG43DMMJWGA2XYMJZHFSDSYRXME4TK,,,103.0,120.0,GMYDSOSXHIYTA
309,W,11,resale,GN6DCMJZG43DMMJWGA2XYMJZHFSDSYRXME4TK,,,103.0,120.0,GMYDSOSXHIYTC
309,W,12,resale,GN6DCMJZG43DMMJWGA2XYMJZHFSDSYRXME4TK,,,103.0,120.0,GMYDSOSXHIYTE
309,W,13,resale,GN6DCMJZG43DMMJWGA2XYMJZHFSDSYRXME4TK,,,103.0,120.0,GMYDSOSXHIYTG
309,W,14,resale,GN6DCMJZG43DMMJWGA2XYMJZHFSDSYRXME4TK,,,103.0,120.0,GMYDSOSXHIYTI
310,A,7,resale,GN6DCMRTGMYDONRUGM4HYMJZHEZTCNLBMIZTK,,,740.0,862.1,GMYTAOSBHI3Q
310,A,8,resale,GN6DCMRTGMYDONRUGM4HYMJZHEZTCNLBMIZTK,,,740.0,862.1,GMYTAOSBHI4A
310,AA,13,resale,GN6DCMJZG43DMMJSHE3XYMJZHE4GIOJQGE2DK,,,128.0,149.12,GMYTAOSBIE5DCMY
310,B,7,resale,GN6DCMRVGIZTOOJSGQZXYMJZHA4TOYJUGUYTK,,,197.0,229.51,GMYTAOSCHI3Q
310,B,8,resale,GN6DCMRVGIZTOOJSGQZXYMJZHA4TOYJUGUYTK,,,197.0,229.51,GMYTAOSCHI4A
310,BB,13,primary,GJ6DC7BWG4,Verified Buccaneers Ticket,P20,115.0,150.08,GMYTAOSCII5DCMY
310,BB,14,primary,GJ6DC7BWG4,Verified Buccaneers Ticket,P20,115.0,150.08,GMYTAOSCII5DCNA
310,CC,1,resale,GN6DCMRUGIZDIOBZG4ZHYMJZHE4GIODBGYYTK,,,141.0,164.27,GMYTAOSDIM5DC
310,CC,2,resale,GN6DCMRUGIZDIOBZG4ZHYMJZHE4GIODBGYYTK,,,141.0,164.27,GMYTAOSDIM5DE
310,CC,3,resale,GN6DCMRUGIZDIOBZG4ZHYMJZHE4GIODBGYYTK,,,141.0,164.27,GMYTAOSDIM5DG
310,CC,4,resale,GN6DCMRUGIZDIOBZG4ZHYMJZHE4GIODBGYYTK,,,141.0,164.27,GMYTAOSDIM5DI
310,CC,5,resale,GN6DCMRUGIZDIOBZG4ZHYMJZHE4GIODBGYYTK,,,141.0,164.27,GMYTAOSDIM5DK
310,CC,6,resale,GN6DCMRUGIZDIOBZG4ZHYMJZHE4GIODBGYYTK,,,141.0,164.27,GMYTAOSDIM5DM
310,CC,7,resale,GN6DCMRUGIZDIOBZG4ZHYMJZHE4GIODBGYYTK,,,141.0,164.27,GMYTAOSDIM5DO
310,CC,8,resale,GN6DCMRUGIZDIOBZG4ZHYMJZHE4GIODBGYYTK,,,141.0,164.27,GMYTAOSDIM5DQ
310,CC,9,resale,GN6DCMRUGIZDIOBZG4ZHYMJZHE4GIODBGYYTK,,,141.0,164.27,GMYTAOSDIM5DS
310,CC,10,resale,GN6DCMRUGIZDIOBZG4ZHYMJZHE4GIODBGYYTK,,,141.0,164.27,GMYTAOSDIM5DCMA
310,CC,11,resale,GN6DCMRUGIZDIOBZG4ZHYMJZHE4GIODBGYYTK,,,141.0,164.27,GMYTAOSDIM5DCMI
310,CC,12,primary,GJ6DC7BWG4,Verified Buccaneers Ticket,P20,115.0,150.08,GMYTAOSDIM5DCMQ
310,DD,11,primary,GJ6DC7BWG4,Verified Buccaneers Ticket,P20,115.0,150.08,GMYTAOSEIQ5DCMI
310,E,6,resale,GN6DCMJZG43DMMJRGIYHYMJZHFSTONZQGA4TK,,,165.0,192.23,GMYTAOSFHI3A
310,H,6,resale,GN6DCMRWGAZDONZQGE3XYMJZHFSTIM3DHAYDK,,,129.0,150.29,GMYTAOSIHI3A
310,L,13,resale,GN6DCMRRHE4TAMZVHEZHYMJZHFSTONTCHFQTK,,,155.0,180.58,GMYTAOSMHIYTG
310,L,14,resale,GN6DCMRRHE4TAMZVHEZHYMJZHFSTONTCHFQTK,,,155.0,180.58,GMYTAOSMHIYTI
310,L,15,resale,GN6DCMRRHE4TAMZVHEZHYMJZHFSTONTCHFQTK,,,155.0,180.58,GMYTAOSMHIYTK
310,L,16,resale,GN6DCMRRHE4TAMZVHEZHYMJZHFSTONTCHFQTK,,,155.0,180.58,GMYTAOSMHIYTM
310,N,13,resale,GN6DCMJZG43DMMJSGA2HYMJZHE4GIZTGMY4TK,,,152.0,177.08,GMYTAOSOHIYTG
310,N,14,resale,GN6DCMJZG43DMMJSGA2HYMJZHE4GIZTGMY4TK,,,152.0,177.08,GMYTAOSOHIYTI
310,N,15,resale,GN6DCMJZG43DMMJSGA2HYMJZHE4GIZTGMY4TK,,,152.0,177.08,GMYTAOSOHIYTK
310,S,11,resale,GN6DCMRUGI2DCMRVHA2HYMJZHE4TGZRXGBTDK,,,120.0,139.8,GMYTAOSTHIYTC
310,S,12,resale,GN6DCMRUGI2DCMRVHA2HYMJZHE4TGZRXGBTDK,,,120.0,139.8,GMYTAOSTHIYTE
310,S,13,resale,GN6DCMRUGI2DCMRVHA2HYMJZHE4TGZRXGBTDK,,,120.0,139.8,GMYTAOSTHIYTG
310,T,21,resale,GN6DCMRVG43DSNRTGI2HYMJZHE4TEOJUGY2TK,,,144.0,167.76,GMYTAOSUHIZDC
310,T,22,resale,GN6DCMRVG43DSNRTGI2HYMJZHE4TEOJUGY2TK,,,144.0,167.76,GMYTAOSUHIZDE
310,U,5,resale,GN6DCMJZGE2TMOJWGEZXYMJZHE4GIYRXHA2TK,,,143.0,166.6,GMYTAOSVHI2Q
310,U,6,resale,GN6DCMJZGE2TMOJWGEZXYMJZHE4GIYRXHA2TK,,,143.0,166.6,GMYTAOSVHI3A
310,U,7,resale,GN6DCMJZGE2TMOJWGEZXYMJZHE4GIYRXHA2TK,,,143.0,166.6,GMYTAOSVHI3Q
310,U,8,resale,GN6DCMJZGE2TMOJWGEZXYMJZHE4GIYRXHA2TK,,,143.0,166.6,GMYTAOSVHI4A
310,U,9,resale,GN6DCMJZGE2TMOJWGEZXYMJZHE4GIYRXHA2TK,,,143.0,166.6,GMYTAOSVHI4Q
310,U,10,resale,GN6DCMJZGE2TMOJWGEZXYMJZHE4GIYRXHA2TK,,,143.0,166.6,GMYTAOSVHIYTA
310,U,11,resale,GN6DCMJZGE2TMOJWGEZXYMJZHE4GIYRXHA2TK,,,143.0,166.6,GMYTAOSVHIYTC
310,U,12,resale,GN6DCMJZGE2TMOJWGEZXYMJZHE4GIYRXHA2TK,,,143.0,166.6,GMYTAOSVHIYTE
310,U,13,resale,GN6DCMJZGE2TMOJWGEZXYMJZHE4GIYRXHA2TK,,,143.0,166.6,GMYTAOSVHIYTG
310,U,14,resale,GN6DCMJZGE2TMOJWGEZXYMJZHE4GIYRXHA2TK,,,143.0,166.6,GMYTAOSVHIYTI
310,U,15,resale,GN6DCMJZGE2TMOJWGEZXYMJZHE4GIYRXHA2TK,,,143.0,166.6,GMYTAOSVHIYTK
310,U,18,primary,GJ6DC7BWG4,Verified Buccaneers Ticket,P20,115.0,150.08,GMYTAOSVHIYTQ
310,V,3,resale,GN6DCMJZG43DMMJSGAYHYMJZHE4GIOJRGRSTK,,,148.0,172.42,GMYTAOSWHIZQ
310,V,4,resale,GN6DCMJZG43DMMJSGAYHYMJZHE4GIOJRGRSTK,,,148.0,172.42,GMYTAOSWHI2A
310,V,5,resale,GN6DCMJZG43DMMJSGAYHYMJZHE4GIOJRGRSTK,,,148.0,172.42,GMYTAOSWHI2Q
310,V,6,resale,GN6DCMJZG43DMMJSGAYHYMJZHE4GIOJRGRSTK,,,148.0,172.42,GMYTAOSWHI3A
310,V,7,resale,GN6DCMJZG43DMMJSGAYHYMJZHE4GIOJRGRSTK,,,148.0,172.42,GMYTAOSWHI3Q
310,V,8,resale,GN6DCMJZG43DMMJSGAYHYMJZHE4GIOJRGRSTK,,,148.0,172.42,GMYTAOSWHI4A
310,V,9,resale,GN6DCMJZG43DMMJSGAYHYMJZHE4GIOJRGRSTK,,,148.0,172.42,GMYTAOSWHI4Q
310,V,10,resale,GN6DCMJZG43DMMJSGAYHYMJZHE4GIOJRGRSTK,,,148.0,172.42,GMYTAOSWHIYTA
310,V,11,resale,GN6DCMJZG43DMMJSGAYHYMJZHE4GIOJRGRSTK,,,148.0,172.42,GMYTAOSWHIYTC
310,V,12,resale,GN6DCMJZG43DMMJSGAYHYMJZHE4GIOJRGRSTK,,,148.0,172.42,GMYTAOSWHIYTE
310,V,13,resale,GN6DCMJZG43DMMJSGAYHYMJZHE4GIOJRGRSTK,,,148.0,172.42,GMYTAOSWHIYTG
310,V,14,resale,GN6DCMJZG43DMMJSGAYHYMJZHE4GIOJRGRSTK,,,148.0,172.42,GMYTAOSWHIYTI
310,X,11,primary,GJ6DC7BWG4,Verified Buccaneers Ticket,P20,115.0,150.08,GMYTAOSYHIYTC
310,X,12,primary,GJ6DC7BWG4,Verified Buccaneers Ticket,P20,115.0,150.08,GMYTAOSYHIYTE
310,X,15,primary,GJ6DC7BWG4,Verified Buccaneers Ticket,P20,115.0,150.08,GMYTAOSYHIYTK
310,Y,15,primary,GJ6DC7BWG4,Verified Buccaneers Ticket,P20,115.0,150.08,GMYTAOSZHIYTK
310,Z,15,primary,GJ6DC7BWG4,Verified Buccaneers Ticket,P20,115.0,150.08,GMYTAOS2HIYTK
311,A,1,resale,GN6DCMRVG43DKMJXHEZXYMJZHFSWCYTFGBQTK,,,180.0,209.7,GMYTCOSBHIYQ
311,A,2,resale,GN6DCMRVG43DKMJXHEZXYMJZHFSWCYTFGBQTK,,,180.0,209.7,GMYTCOSBHIZA
311,AA,10,primary,GJ6DC7BWG4,Verified Buccaneers Ticket,P20,115.0,150.08,GMYTCOSBIE5DCMA
311,AA,11,primary,GJ6DC7BWG4,Verified Buccaneers Ticket,P20,115.0,150.08,GMYTCOSBIE5DCMI
311,AA,12,resale,GN6DCMJZG43DMMJRHE4HYMJZHE4GIOBXMY3DK,,,141.0,164.27,GMYTCOSBIE5DCMQ
311,AA,13,resale,GN6DCMJZG43DMMJRHE4HYMJZHE4GIOBXMY3DK,,,141.0,164.27,GMYTCOSBIE5DCMY
311,AA,14,resale,GN6DCMJZG43DMMJRHE4HYMJZHE4GIOBXMY3DK,,,141.0,164.27,GMYTCOSBIE5DCNA
311,AA,15,resale,GN6DCMJZG43DMMJRHE4HYMJZHE4GIOBXMY3DK,,,141.0,164.27,GMYTCOSBIE5DCNI
311,AA,16,resale,GN6DCMJZG43DMMJRHE4HYMJZHE4GIOBXMY3DK,,,141.0,164.27,GMYTCOSBIE5DCNQ
311,AA,17,resale,GN6DCMJZG43DMMJRHE4HYMJZHE4GIOBXMY3DK,,,141.0,164.27,GMYTCOSBIE5DCNY
311,AA,18,resale,GN6DCMJZG43DMMJRHE4HYMJZHE4GIOBXMY3DK,,,141.0,164.27,GMYTCOSBIE5DCOA
311,AA,19,resale,GN6DCMJZG43DMMJRHE4HYMJZHE4GIOBXMY3DK,,,141.0,164.27,GMYTCOSBIE5DCOI
311,AA,20,resale,GN6DCMJZG43DMMJRHE4HYMJZHE4GIOBXMY3DK,,,141.0,164.27,GMYTCOSBIE5DEMA
311,B,5,resale,GN6DCMRUGE3TSMRZG4ZHYMJZHFSTONZSG5QTK,,,183.0,213.2,GMYTCOSCHI2Q
311,B,6,resale,GN6DCMRUGE3TSMRZG4ZHYMJZHFSTONZSG5QTK,,,183.0,213.2,GMYTCOSCHI3A
311,BB,11,primary,GJ6DC7BWG4,Verified Buccaneers Ticket,P20,115.0,150.08,GMYTCOSCII5DCMI
311,BB,12,primary,GJ6DC7BWG4,Verified Buccaneers Ticket,P20,115.0,150.08,GMYTCOSCII5DCMQ
311,BB,13,resale,GN6DCMRVG43DSNRTGI2XYMJZHE4TEOLFGIZTK,,,127.0,147.96,GMYTCOSCII5DCMY
311,CC,14,resale,GN6DCMRUHA4DOOBRG42XYMJZHE4GIOJRMU4TK,,,133.0,154.95,GMYTCOSDIM5DCNA
311,CC,15,resale,GN6DCMRUHA4DOOBRG42XYMJZHE4GIOJRMU4TK,,,133.0,154.95,GMYTCOSDIM5DCNI
311,D,7,resale,GN6DCMRUGQZTENJXHAYHYMJZHEZTCNJYMU3DK,,,185.0,215.53,GMYTCOSEHI3Q
311,D,8,resale,GN6DCMRUGQZTENJXHAYHYMJZHEZTCNJYMU3DK,,,185.0,215.53,GMYTCOSEHI4A
311,D,17,resale,GN6DCMRVGM4DQNJSGIYXYMJZHBSDMMBRGU4DK,,,180.0,209.7,GMYTCOSEHIYTO
311,D,18,resale,GN6DCMRVGM4DQNJSGIYXYMJZHBSDMMBRGU4DK,,,180.0,209.7,GMYTCOSEHIYTQ
311,DD,16,resale,GN6DCMRUHA4DOOBRG43HYMJZHE4GIOBRMU4DK,,,126.0,146.79,GMYTCOSEIQ5DCNQ
311,DD,17,primary,GJ6DC7BWG4,Verified Buccaneers Ticket,P20,115.0,150.08,GMYTCOSEIQ5DCNY
311,DD,18,primary,GJ6DC7BWG4,Verified Buccaneers Ticket,P20,115.0,150.08,GMYTCOSEIQ5DCOA
311,F,5,resale,GN6DCMRUGIZDIOJQGQYXYMJZHFSTONZRMEZDK,,,156.0,181.74,GMYTCOSGHI2Q
311,G,3,resale,GN6DCMRTGQZTQNRVGY3HYMJZHEZTCNJWGY2TK,,,200.0,233.0,GMYTCOSHHIZQ
311,G,4,resale,GN6DCMRTGQZTQNRVGY3HYMJZHEZTCNJWGY2TK,,,200.0,233.0,GMYTCOSHHI2A
311,G,5,resale,GN6DCMRTGQZTQNRVGY3HYMJZHEZTCNJWGY2TK,,,200.0,233.0,GMYTCOSHHI2Q
311,G,6,resale,GN6DCMRTGQZTQNRVGY3HYMJZHEZTCNJWGY2TK,,,200.0,233.0,GMYTCOSHHI3A
311,J,3,resale,GN6DCMRTGUYDGMRVGY4HYMJZHEZTCNJTMZSDK,,,199.0,231.84,GMYTCOSKHIZQ
311,J,4,resale,GN6DCMRTGUYDGMRVGY4HYMJZHEZTCNJTMZSDK,,,199.0,231.84,GMYTCOSKHI2A
311,J,14,resale,GN6DCMRVHE4DINZUGM3XYMJZHFSTONRZG4YDK,,,157.0,182.91,GMYTCOSKHIYTI
311,J,15,resale,GN6DCMRVHE4DINZUGM3XYMJZHFSTONRZG4YDK,,,157.0,182.91,GMYTCOSKHIYTK
311,S,7,resale,GN6DCMRUHAZTMOBYHAZXYMJZHE4GIZTDMRRDK,,,143.0,166.6,GMYTCOSTHI3Q
311,S,8,resale,GN6DCMRUHAZTMOBYHAZXYMJZHE4GIZTDMRRDK,,,143.0,166.6,GMYTCOSTHI4A
311,T,7,resale,GN6DCMJZG43DMMJRHE3HYMJZHE4GIZTCHFRDK,,,142.0,165.43,GMYTCOSUHI3Q
311,T,8,resale,GN6DCMJZG43DMMJRHE3HYMJZHE4GIZTCHFRDK,,,142.0,165.43,GMYTCOSUHI4A
311,T,9,resale,GN6DCMJZG43DMMJRHE3HYMJZHE4GIZTCHFRDK,,,142.0,165.43,GMYTCOSUHI4Q
311,U,3,resale,GN6DCMJZG43DMMJRHE3XYMJZHE4GKMBQMNTDK,,,147.0,171.26,GMYTCOSVHIZQ
311,U,4,resale,GN6DCMJZG43DMMJRHE3XYMJZHE4GKMBQMNTDK,,,147.0,171.26,GMYTCOSVHI2A
311,U,5,resale,GN6DCMJZG43DMMJRHE3XYMJZHE4GKMBQMNTDK,,,147.0,171.26,GMYTCOSVHI2Q
311,U,6,resale,GN6DCMJZG43DMMJRHE3XYMJZHE4GKMBQMNTDK,,,147.0,171.26,GMYTCOSVHI3A
311,U,7,resale,GN6DCMJZG43DMMJRHE3XYMJZHE4GKMBQMNTDK,,,147.0,171.26,GMYTCOSVHI3Q
311,U,8,resale,GN6DCMJZG43DMMJRHE3XYMJZHE4GKMBQMNTDK,,,147.0,171.26,GMYTCOSVHI4A
311,U,9,resale,GN6DCMJZG43DMMJRHE3XYMJZHE4GKMBQMNTDK,,,147.0,171.26,GMYTCOSVHI4Q
311,U,10,resale,GN6DCMJZG43DMMJRHE3XYMJZHE4GKMBQMNTDK,,,147.0,171.26,GMYTCOSVHIYTA
311,U,11,resale,GN6DCMJZG43DMMJRHE3XYMJZHE4GKMBQMNTDK,,,147.0,171.26,GMYTCOSVHIYTC
311,U,12,resale,GN6DCMJZG43DMMJRHE3XYMJZHE4GKMBQMNTDK,,,147.0,171.26,GMYTCOSVHIYTE
311,U,13,resale,GN6DCMJZG43DMMJRHE3XYMJZHE4GKMBQMNTDK,,,147.0,171.26,GMYTCOSVHIYTG
311,U,14,resale,GN6DCMJZG43DMMJRHE3XYMJZHE4GKMBQMNTDK,,,147.0,171.26,GMYTCOSVHIYTI
311,W,17,primary,GJ6DC7BWG4,Verified Buccaneers Ticket,P20,115.0,150.08,GMYTCOSXHIYTO
311,W,18,primary,GJ6DC7BWG4,Verified Buccaneers Ticket,P20,115.0,150.08,GMYTCOSXHIYTQ
311,X,10,primary,GJ6DC7BWG4,Verified Buccaneers Ticket,P20,115.0,150.08,GMYTCOSYHIYTA
311,X,23,resale,GN6DCMRVGI4DIMRWGUZXYMJZHBQTOOJVGNQTK,,,130.0,151.45,GMYTCOSYHIZDG
311,X,24,resale,GN6DCMRVGI4DIMRWGUZXYMJZHBQTOOJVGNQTK,,,130.0,151.45,GMYTCOSYHIZDI
311,Z,10,primary,GJ6DC7BWG4,Verified Buccaneers Ticket,P20,115.0,150.08,GMYTCOS2HIYTA
311,Z,16,primary,GJ6DC7BWG4,Verified Buccaneers Ticket,P20,115.0,150.08,GMYTCOS2HIYTM
311,Z,17,primary,GJ6DC7BWG4,Verified Buccaneers Ticket,P20,115.0,150.08,GMYTCOS2HIYTO
312,BB,3,resale,GN6DCMJZG43DMMJSGQ4XYMJZHFSDSYRVMFRTK,,,105.0,122.33,GMYTEOSCII5DG
312,BB,4,resale,GN6DCMJZG43DMMJSGQ4XYMJZHFSDSYRVMFRTK,,,105.0,122.33,GMYTEOSCII5DI
312,BB,5,resale,GN6DCMJZG43DMMJSGQ4XYMJZHFSDSYRVMFRTK,,,105.0,122.33,GMYTEOSCII5DK
312,BB,6,resale,GN6DCMJZG43DMMJSGQ4XYMJZHFSDSYRVMFRTK,,,105.0,122.33,GMYTEOSCII5DM
312,BB,7,resale,GN6DCMJZG43DMMJSGQ4XYMJZHFSDSYRVMFRTK,,,105.0,122.33,GMYTEOSCII5DO
312,BB,8,resale,GN6DCMJZG43DMMJSGQ4XYMJZHFSDSYRVMFRTK,,,105.0,122.33,GMYTEOSCII5DQ
312,BB,9,resale,GN6DCMJZG43DMMJSGQ4XYMJZHFSDSYRVMFRTK,,,105.0,122.33,GMYTEOSCII5DS
312,BB,10,resale,GN6DCMJZG43DMMJSGQ4XYMJZHFSDSYRVMFRTK,,,105.0,122.33,GMYTEOSCII5DCMA
312,BB,11,resale,GN6DCMJZG43DMMJSGQ4XYMJZHFSDSYRVMFRTK,,,105.0,122.33,GMYTEOSCII5DCMI
312,BB,12,resale,GN6DCMJZG43DMMJSGQ4XYMJZHFSDSYRVMFRTK,,,105.0,122.33,GMYTEOSCII5DCMQ
312,BB,13,resale,GN6DCMJZG43DMMJSGQ4XYMJZHFSDSYRVMFRTK,,,105.0,122.33,GMYTEOSCII5DCMY
312,BB,14,resale,GN6DCMJZG43DMMJSGQ4XYMJZHFSDSYRVMFRTK,,,105.0,122.33,GMYTEOSCII5DCNA
312,DD,10,resale,GN6DCMJZG43DMMJWGAZHYMJZHFSDSYRVHBSDK,,,99.0,115.34,GMYTEOSEIQ5DCMA
312,DD,11,resale,GN6DCMJZG43DMMJWGAZHYMJZHFSDSYRVHBSDK,,,99.0,115.34,GMYTEOSEIQ5DCMI
312,DD,12,resale,GN6DCMJZG43DMMJWGAZHYMJZHFSDSYRVHBSDK,,,99.0,115.34,GMYTEOSEIQ5DCMQ
312,DD,13,resale,GN6DCMJZG43DMMJWGAZHYMJZHFSDSYRVHBSDK,,,99.0,115.34,GMYTEOSEIQ5DCMY
312,DD,14,resale,GN6DCMJZG43DMMJWGAZHYMJZHFSDSYRVHBSDK,,,99.0,115.34,GMYTEOSEIQ5DCNA
312,DD,15,resale,GN6DCMJZG43DMMJWGAZHYMJZHFSDSYRVHBSDK,,,99.0,115.34,GMYTEOSEIQ5DCNI
312,E,7,resale,GN6DCMJZG43DMMJRHEZXYMJZHFSTONTBGI4DK,,,141.0,164.27,GMYTEOSFHI3Q
312,E,8,resale,GN6DCMJZG43DMMJRHEZXYMJZHFSTONTBGI4DK,,,141.0,164.27,GMYTEOSFHI4A
312,E,9,resale,GN6DCMJZG43DMMJRHEZXYMJZHFSTONTBGI4DK,,,141.0,164.27,GMYTEOSFHI4Q
312,F,13,resale,GN6DCMJZG43DMMJRHE2XYMJZHE4GIZTGGNSDK,,,141.0,164.27,GMYTEOSGHIYTG
312,F,14,resale,GN6DCMJZG43DMMJRHE2XYMJZHE4GIZTGGNSDK,,,141.0,164.27,GMYTEOSGHIYTI
312,H,11,resale,GN6DCMRTG4YDGNZZG44XYMJZHAZTKYLCGVRTK,,,139.0,161.94,GMYTEOSIHIYTC
312,H,12,resale,GN6DCMRTG4YDGNZZG44XYMJZHAZTKYLCGVRTK,,,139.0,161.94,GMYTEOSIHIYTE
312,K,23,resale,GN6DCMRUGIZDIOJQGQ3XYMJZHE4GKMZVMUZTK,,,130.0,151.45,GMYTEOSLHIZDG
312,K,24,resale,GN6DCMRUGIZDIOJQGQ3XYMJZHE4GKMZVMUZTK,,,130.0,151.45,GMYTEOSLHIZDI
312,S,7,resale,GN6DCMRVGM4TEMRYGQ2XYMJZHFRTEN3DHFSTK,,,99.0,115.34,GMYTEOSTHI3Q
312,S,8,resale,GN6DCMRVGM4TEMRYGQ2XYMJZHFRTEN3DHFSTK,,,99.0,115.34,GMYTEOSTHI4A
312,S,13,resale,GN6DCMJZG43DMMJWGAZXYMJZHFSDSYRUGMZTK,,,113.0,131.65,GMYTEOSTHIYTG
312,S,14,resale,GN6DCMJZG43DMMJWGAZXYMJZHFSDSYRUGMZTK,,,113.0,131.65,GMYTEOSTHIYTI
312,S,15,resale,GN6DCMJZG43DMMJWGAZXYMJZHFSDSYRUGMZTK,,,113.0,131.65,GMYTEOSTHIYTK
312,S,16,resale,GN6DCMJZG43DMMJWGAZXYMJZHFSDSYRUGMZTK,,,113.0,131.65,GMYTEOSTHIYTM
312,S,17,resale,GN6DCMJZG43DMMJWGAZXYMJZHFSDSYRUGMZTK,,,113.0,131.65,GMYTEOSTHIYTO
312,S,18,resale,GN6DCMJZG43DMMJWGAZXYMJZHFSDSYRUGMZTK,,,113.0,131.65,GMYTEOSTHIYTQ
312,U,1,resale,GN6DCMJZGE2TMOJWGM3HYMJZHFSGCNRXHAZDK,,,134.0,156.11,GMYTEOSVHIYQ
312,U,2,resale,GN6DCMJZGE2TMOJWGM3HYMJZHFSGCNRXHAZDK,,,134.0,156.11,GMYTEOSVHIZA
312,U,3,resale,GN6DCMJZGE2TMOJWGM3HYMJZHFSGCNRXHAZDK,,,134.0,156.11,GMYTEOSVHIZQ
312,U,4,resale,GN6DCMJZGE2TMOJWGM3HYMJZHFSGCNRXHAZDK,,,134.0,156.11,GMYTEOSVHI2A
312,U,5,resale,GN6DCMJZGE2TMOJWGM3HYMJZHFSGCNRXHAZDK,,,134.0,156.11,GMYTEOSVHI2Q
312,U,6,resale,GN6DCMJZGE2TMOJWGM3HYMJZHFSGCNRXHAZDK,,,134.0,156.11,GMYTEOSVHI3A
312,U,7,resale,GN6DCMJZGE2TMOJWGM3HYMJZHFSGCNRXHAZDK,,,134.0,156.11,GMYTEOSVHI3Q
312,U,8,resale,GN6DCMJZGE2TMOJWGM3HYMJZHFSGCNRXHAZDK,,,134.0,156.11,GMYTEOSVHI4A
312,U,9,resale,GN6DCMJZGE2TMOJWGM3HYMJZHFSGCNRXHAZDK,,,134.0,156.11,GMYTEOSVHI4Q
312,U,10,resale,GN6DCMJZGE2TMOJWGM3HYMJZHFSGCNRXHAZDK,,,134.0,156.11,GMYTEOSVHIYTA
312,U,15,primary,GJ6DC7BWHA,Verified Buccaneers Ticket,P21,97.0,127.08,GMYTEOSVHIYTK
312,U,16,primary,GJ6DC7BWHA,Verified Buccaneers Ticket,P21,97.0,127.08,GMYTEOSVHIYTM
312,U,17,primary,GJ6DC7BWHA,Verified Buccaneers Ticket,P21,97.0,127.08,GMYTEOSVHIYTO
312,U,18,primary,GJ6DC7BWHA,Verified Buccaneers Ticket,P21,97.0,127.08,GMYTEOSVHIYTQ
312,U,19,resale,GN6DCMRWGA2DINJYG4ZXYMJZHFSWGYRXGJSTK,,,104.0,121.16,GMYTEOSVHIYTS
312,U,20,resale,GN6DCMRWGA2DINJYG4ZXYMJZHFSWGYRXGJSTK,,,104.0,121.16,GMYTEOSVHIZDA
312,U,21,resale,GN6DCMRWGA2DINJYG4ZXYMJZHFSWGYRXGJSTK,,,104.0,121.16,GMYTEOSVHIZDC
312,U,22,resale,GN6DCMRWGA2DINJYG4ZXYMJZHFSWGYRXGJSTK,,,104.0,121.16,GMYTEOSVHIZDE
312,V,14,primary,GJ6DC7BWHA,Verified Buccaneers Ticket,P21,97.0,127.08,GMYTEOSWHIYTI
312,V,16,primary,GJ6DC7BWHA,Verified Buccaneers Ticket,P21,97.0,127.08,GMYTEOSWHIYTM
312,W,12,primary,GJ6DC7BWHA,Verified Buccaneers Ticket,P21,97.0,127.08,GMYTEOSXHIYTE
312,W,13,primary,GJ6DC7BWHA,Verified Buccaneers Ticket,P21,97.0,127.08,GMYTEOSXHIYTG
313,B,3,resale,GN6DCMJZG43DMMJRGE3HYMJZHFSTONRYMM3TK,,,145.0,168.93,GMYTGOSCHIZQ
313,B,4,resale,GN6DCMJZG43DMMJRGE3HYMJZHFSTONRYMM3TK,,,145.0,168.93,GMYTGOSCHI2A
313,B,5,resale,GN6DCMJZG43DMMJRGE3HYMJZHFSTONRYMM3TK,,,145.0,168.93,GMYTGOSCHI2Q
313,B,9,resale,GN6DCMRUGYZDCMRXHAYXYMJZHEZTCNJWMEZDK,,,180.0,209.7,GMYTGOSCHI4Q
313,B,10,resale,GN6DCMRUGYZDCMRXHAYXYMJZHEZTCNJWMEZDK,,,180.0,209.7,GMYTGOSCHIYTA
313,D,17,resale,GN6DCMRTGMZDSMRRGI3HYMJZHEZTCNLBMI3TK,,,145.0,168.93,GMYTGOSEHIYTO
313,D,18,resale,GN6DCMRTGMZDSMRRGI3HYMJZHEZTCNLBMI3TK,,,145.0,168.93,GMYTGOSEHIYTQ
313,D,19,resale,GN6DCMRTGMZDSMRRGI3HYMJZHEZTCNLBMI3TK,,,145.0,168.93,GMYTGOSEHIYTS
313,D,20,resale,GN6DCMRTGMZDSMRRGI3HYMJZHEZTCNLBMI3TK,,,145.0,168.93,GMYTGOSEHIZDA
313,DD,2,resale,GN6DCMRVGY4DMNJUGA4XYMJZHFSDSYRTGVSDK,,,96.0,111.84,GMYTGOSEIQ5DE
313,DD,3,resale,GN6DCMRVGY4DMNJUGA4XYMJZHFSDSYRTGVSDK,,,96.0,111.84,GMYTGOSEIQ5DG
313,DD,4,resale,GN6DCMRVGY4DMNJUGA4XYMJZHFSDSYRTGVSDK,,,96.0,111.84,GMYTGOSEIQ5DI
313,DD,5,resale,GN6DCMRVGY4DMNJUGA4XYMJZHFSDSYRTGVSDK,,,96.0,111.84,GMYTGOSEIQ5DK
313,DD,6,resale,GN6DCMRVGY4DMNJUGA4XYMJZHFSDSYRTGVSDK,,,96.0,111.84,GMYTGOSEIQ5DM
313,DD,7,resale,GN6DCMRVGY4DMNJUGA4XYMJZHFSDSYRTGVSDK,,,96.0,111.84,GMYTGOSEIQ5DO
313,DD,8,resale,GN6DCMRVGY4DMNJUGA4XYMJZHFSDSYRTGVSDK,,,96.0,111.84,GMYTGOSEIQ5DQ
313,F,17,resale,GN6DCMRUGIZDIOJQGQ4HYMJZHFSDSYTCG4ZDK,,,130.0,151.45,GMYTGOSGHIYTO
313,F,18,resale,GN6DCMRUGIZDIOJQGQ4HYMJZHFSDSYTCG4ZDK,,,130.0,151.45,GMYTGOSGHIYTQ
313,F,19,resale,GN6DCMRUGIZDIOJQGQ4HYMJZHFSDSYTCG4ZDK,,,130.0,151.45,GMYTGOSGHIYTS
313,F,20,resale,GN6DCMRUGIZDIOJQGQ4HYMJZHFSDSYTCG4ZDK,,,130.0,151.45,GMYTGOSGHIZDA
313,G,7,resale,GN6DCMRTGMYTCNJZGQ3HYMJZHBRDOOJRGAZDK,,,130.0,151.45,GMYTGOSHHI3Q
313,G,8,resale,GN6DCMRTGMYTCNJZGQ3HYMJZHBRDOOJRGAZDK,,,130.0,151.45,GMYTGOSHHI4A
313,H,16,resale,GN6DCMJZG43DMMJSGUYHYMJZHE4GIODBGRRTK,,,125.0,145.63,GMYTGOSIHIYTM
313,H,17,resale,GN6DCMJZG43DMMJSGUYHYMJZHE4GIODBGRRTK,,,125.0,145.63,GMYTGOSIHIYTO
313,H,18,resale,GN6DCMJZG43DMMJSGUYHYMJZHE4GIODBGRRTK,,,125.0,145.63,GMYTGOSIHIYTQ
313,H,19,resale,GN6DCMJZG43DMMJSGUYHYMJZHE4GIODBGRRTK,,,125.0,145.63,GMYTGOSIHIYTS
313,H,20,resale,GN6DCMJZG43DMMJSGUYHYMJZHE4GIODBGRRTK,,,125.0,145.63,GMYTGOSIHIZDA
313,M,3,resale,GN6DCMRUGU2DEOBXHE3XYMJZHE4GIODEGM3DK,,,121.0,140.97,GMYTGOSNHIZQ
313,M,4,resale,GN6DCMRUGU2DEOBXHE3XYMJZHE4GIODEGM3DK,,,121.0,140.97,GMYTGOSNHI2A
313,M,5,resale,GN6DCMRUGU2DEOBXHE3XYMJZHE4GIODEGM3DK,,,121.0,140.97,GMYTGOSNHI2Q
313,M,6,resale,GN6DCMRUGU2DEOBXHE3XYMJZHE4GIODEGM3DK,,,121.0,140.97,GMYTGOSNHI3A
313,M,7,resale,GN6DCMRUGU2DEOBXHE3XYMJZHE4GIODEGM3DK,,,121.0,140.97,GMYTGOSNHI3Q
313,M,8,resale,GN6DCMRUGU2DEOBXHE3XYMJZHE4GIODEGM3DK,,,121.0,140.97,GMYTGOSNHI4A
313,R,15,primary,GJ6DC7BWHA,Verified Buccaneers Ticket,P21,97.0,127.08,GMYTGOSSHIYTK
313,R,16,primary,GJ6DC7BWHA,Verified Buccaneers Ticket,P21,97.0,127.08,GMYTGOSSHIYTM
313,S,3,primary,GJ6DC7BWHA,Verified Buccaneers Ticket,P21,97.0,127.08,GMYTGOSTHIZQ
313,S,4,primary,GJ6DC7BWHA,Verified Buccaneers Ticket,P21,97.0,127.08,GMYTGOSTHI2A
313,S,5,primary,GJ6DC7BWHA,Verified Buccaneers Ticket,P21,97.0,127.08,GMYTGOSTHI2Q
313,S,6,primary,GJ6DC7BWHA,Verified Buccaneers Ticket,P21,97.0,127.08,GMYTGOSTHI3A
313,S,10,primary,GJ6DC7BWHA,Verified Buccaneers Ticket,P21,97.0,127.08,GMYTGOSTHIYTA
313,S,11,primary,GJ6DC7BWHA,Verified Buccaneers Ticket,P21,97.0,127.08,GMYTGOSTHIYTC
313,S,12,primary,GJ6DC7BWHA,Verified Buccaneers Ticket,P21,97.0,127.08,GMYTGOSTHIYTE
313,S,13,primary,GJ6DC7BWHA,Verified Buccaneers Ticket,P21,97.0,127.08,GMYTGOSTHIYTG
313,S,14,resale,GN6DCMRUGU2DEOJSGA2HYMJZHFSDSYRVMM4DK,,,108.0,125.82,GMYTGOSTHIYTI
313,S,15,resale,GN6DCMRUGU2DEOJSGA2HYMJZHFSDSYRVMM4DK,,,108.0,125.82,GMYTGOSTHIYTK
313,S,16,resale,GN6DCMRUGU2DEOJSGA2HYMJZHFSDSYRVMM4DK,,,108.0,125.82,GMYTGOSTHIYTM
313,S,17,resale,GN6DCMRUGU2DEOJSGA2HYMJZHFSDSYRVMM4DK,,,108.0,125.82,GMYTGOSTHIYTO
313,S,18,resale,GN6DCMRUGU2DEOJSGA2HYMJZHFSDSYRVMM4DK,,,108.0,125.82,GMYTGOSTHIYTQ
313,S,19,resale,GN6DCMRUGU2DEOJSGA2HYMJZHFSDSYRVMM4DK,,,108.0,125.82,GMYTGOSTHIYTS
313,S,20,resale,GN6DCMRUGU2DEOJSGA2HYMJZHFSDSYRVMM4DK,,,108.0,125.82,GMYTGOSTHIZDA
313,S,21,resale,GN6DCMRUGU2DEOJSGA2HYMJZHFSDSYRVMM4DK,,,108.0,125.82,GMYTGOSTHIZDC
313,S,22,resale,GN6DCMRUGU2DEOJSGA2HYMJZHFSDSYRVMM4DK,,,108.0,125.82,GMYTGOSTHIZDE
313,T,15,primary,GJ6DC7BWHA,Verified Buccaneers Ticket,P21,97.0,127.08,GMYTGOSUHIYTK
313,T,16,primary,GJ6DC7BWHA,Verified Buccaneers Ticket,P21,97.0,127.08,GMYTGOSUHIYTM
313,T,21,primary,GJ6DC7BWHA,Verified Buccaneers Ticket,P21,97.0,127.08,GMYTGOSUHIZDC
313,T,22,primary,GJ6DC7BWHA,Verified Buccaneers Ticket,P21,97.0,127.08,GMYTGOSUHIZDE
313,V,14,primary,GJ6DC7BWHA,Verified Buccaneers Ticket,P21,97.0,127.08,GMYTGOSWHIYTI
313,V,15,primary,GJ6DC7BWHA,Verified Buccaneers Ticket,P21,97.0,127.08,GMYTGOSWHIYTK
313,V,16,primary,GJ6DC7BWHA,Verified Buccaneers Ticket,P21,97.0,127.08,GMYTGOSWHIYTM
313,V,17,primary,GJ6DC7BWHA,Verified Buccaneers Ticket,P21,97.0,127.08,GMYTGOSWHIYTO
313,V,18,primary,GJ6DC7BWHA,Verified Buccaneers Ticket,P21,97.0,127.08,GMYTGOSWHIYTQ
313,V,19,primary,GJ6DC7BWHA,Verified Buccaneers Ticket,P21,97.0,127.08,GMYTGOSWHIYTS
313,V,20,primary,GJ6DC7BWHA,Verified Buccaneers Ticket,P21,97.0,127.08,GMYTGOSWHIZDA
313,V,21,primary,GJ6DC7BWHA,Verified Buccaneers Ticket,P21,97.0,127.08,GMYTGOSWHIZDC
313,V,22,primary,GJ6DC7BWHA,Verified Buccaneers Ticket,P21,97.0,127.08,GMYTGOSWHIZDE
313,W,9,primary,GJ6DC7BWHA,Verified Buccaneers Ticket,P21,97.0,127.08,GMYTGOSXHI4Q
313,W,10,primary,GJ6DC7BWHA,Verified Buccaneers Ticket,P21,97.0,127.08,GMYTGOSXHIYTA
313,W,11,primary,GJ6DC7BWHA,Verified Buccaneers Ticket,P21,97.0,127.08,GMYTGOSXHIYTC
313,W,12,primary,GJ6DC7BWHA,Verified Buccaneers Ticket,P21,97.0,127.08,GMYTGOSXHIYTE
313,W,13,primary,GJ6DC7BWHA,Verified Buccaneers Ticket,P21,97.0,127.08,GMYTGOSXHIYTG
313,W,14,primary,GJ6DC7BWHA,Verified Buccaneers Ticket,P21,97.0,127.08,GMYTGOSXHIYTI
313,W,15,primary,GJ6DC7BWHA,Verified Buccaneers Ticket,P21,97.0,127.08,GMYTGOSXHIYTK
313,W,16,primary,GJ6DC7BWHA,Verified Buccaneers Ticket,P21,97.0,127.08,GMYTGOSXHIYTM
313,Z,1,primary,GJ6DCOBYGAYDAMBUPQ3DQ,Aisle Seats,P21,102.0,133.5,GMYTGOS2HIYQ
313,Z,2,primary,GJ6DCOBYGAYDAMBUPQ3DQ,Aisle Seats,P21,102.0,133.5,GMYTGOS2HIZA
313,Z,5,resale,GN6DCMRWGA2DINJYGY4HYMJZHFSWGYTBGU2TK,,,103.0,120.0,GMYTGOS2HI2Q
313,Z,6,resale,GN6DCMRWGA2DINJYGY4HYMJZHFSWGYTBGU2TK,,,103.0,120.0,GMYTGOS2HI3A
313,Z,7,resale,GN6DCMRWGA2DINJYGY4HYMJZHFSWGYTBGU2TK,,,103.0,120.0,GMYTGOS2HI3Q
313,Z,8,resale,GN6DCMRWGA2DINJYGY4HYMJZHFSWGYTBGU2TK,,,103.0,120.0,GMYTGOS2HI4A
313,Z,9,resale,GN6DCMRWGA2DINJYGY4HYMJZHFSWGYTBGU2TK,,,103.0,120.0,GMYTGOS2HI4Q
313,Z,10,resale,GN6DCMRWGA2DINJYGY4HYMJZHFSWGYTBGU2TK,,,103.0,120.0,GMYTGOS2HIYTA
313,Z,11,resale,GN6DCMRWGA2DINJYGY4HYMJZHFSWGYTBGU2TK,,,103.0,120.0,GMYTGOS2HIYTC
313,Z,12,resale,GN6DCMRWGA2DINJYGY4HYMJZHFSWGYTBGU2TK,,,103.0,120.0,GMYTGOS2HIYTE
313,Z,13,resale,GN6DCMRWGA2DINJYGY4HYMJZHFSWGYTBGU2TK,,,103.0,120.0,GMYTGOS2HIYTG
313,Z,14,resale,GN6DCMRWGA2DINJYGY4HYMJZHFSWGYTBGU2TK,,,103.0,120.0,GMYTGOS2HIYTI
313,Z,15,resale,GN6DCMRWGA2DINJYGY4HYMJZHFSWGYTBGU2TK,,,103.0,120.0,GMYTGOS2HIYTK
313,Z,16,resale,GN6DCMRWGA2DINJYGY4HYMJZHFSWGYTBGU2TK,,,103.0,120.0,GMYTGOS2HIYTM
314,AA,23,primary,GJ6DCOBYGAYDAMBUPQ3DS,Aisle Seats,P22,85.0,111.73,GMYTIOSBIE5DEMY
314,AA,24,primary,GJ6DCOBYGAYDAMBUPQ3DS,Aisle Seats,P22,85.0,111.73,GMYTIOSBIE5DENA
314,DD,2,resale,GN6DCMRVGE2DAMBTG42XYMJZHE4GIOJVHEYDK,,,65.0,75.73,GMYTIOSEIQ5DE
314,DD,3,resale,GN6DCMRVGE2DAMBTG42XYMJZHE4GIOJVHEYDK,,,65.0,75.73,GMYTIOSEIQ5DG
314,DD,4,resale,GN6DCMRVGE2DAMBTG42XYMJZHE4GIOJVHEYDK,,,65.0,75.73,GMYTIOSEIQ5DI
314,DD,5,resale,GN6DCMRVGE2DAMBTG42XYMJZHE4GIOJVHEYDK,,,65.0,75.73,GMYTIOSEIQ5DK
314,DD,6,resale,GN6DCMRVGE2DAMBTG42XYMJZHE4GIOJVHEYDK,,,65.0,75.73,GMYTIOSEIQ5DM
314,DD,7,resale,GN6DCMRVGE2DAMBTG42XYMJZHE4GIOJVHEYDK,,,65.0,75.73,GMYTIOSEIQ5DO
314,DD,8,resale,GN6DCMRVGE2DAMBTG42XYMJZHE4GIOJVHEYDK,,,65.0,75.73,GMYTIOSEIQ5DQ
314,DD,9,resale,GN6DCMRVGE2DAMBTG42XYMJZHE4GIOJVHEYDK,,,65.0,75.73,GMYTIOSEIQ5DS
314,DD,10,resale,GN6DCMRVGE2DAMBTG42XYMJZHE4GIOJVHEYDK,,,65.0,75.73,GMYTIOSEIQ5DCMA
314,DD,11,resale,GN6DCMRVGE2DAMBTG42XYMJZHE4GIOJVHEYDK,,,65.0,75.73,GMYTIOSEIQ5DCMI
314,DD,12,resale,GN6DCMRVGE2DAMBTG42XYMJZHE4GIOJVHEYDK,,,65.0,75.73,GMYTIOSEIQ5DCMQ
314,DD,13,resale,GN6DCMRVGE2DAMBTG42XYMJZHE4GIOJVHEYDK,,,65.0,75.73,GMYTIOSEIQ5DCMY
314,F,22,resale,GN6DCMJZG43DMMJVHE4XYMJZHE4GIOBYMRTDK,,,81.0,94.37,GMYTIOSGHIZDE
314,G,5,resale,GN6DCMJZGE2TOMBZGM3XYMJZHEZTCNJUMU3DK,,,97.0,113.01,GMYTIOSHHI2Q
314,G,6,resale,GN6DCMJZGE2TOMBZGM3XYMJZHEZTCNJUMU3DK,,,97.0,113.01,GMYTIOSHHI3A
314,G,7,resale,GN6DCMJZGE2TOMBZGM3XYMJZHEZTCNJUMU3DK,,,97.0,113.01,GMYTIOSHHI3Q
314,G,8,resale,GN6DCMJZGE2TOMBZGM3XYMJZHEZTCNJUMU3DK,,,97.0,113.01,GMYTIOSHHI4A
314,H,11,resale,GN6DCMJZGE2TOMBZGQ4XYMJZHEZTCNJUMUZDK,,,94.0,109.51,GMYTIOSIHIYTC
314,H,12,resale,GN6DCMJZGE2TOMBZGQ4XYMJZHEZTCNJUMUZDK,,,94.0,109.51,GMYTIOSIHIYTE
314,H,13,resale,GN6DCMJZGE2TOMBZGQ4XYMJZHEZTCNJUMUZDK,,,94.0,109.51,GMYTIOSIHIYTG
314,H,14,resale,GN6DCMJZGE2TOMBZGQ4XYMJZHEZTCNJUMUZDK,,,94.0,109.51,GMYTIOSIHIYTI
314,K,16,resale,GN6DCMRUGYYDINZXGQ2XYMJZHE4GIOBZHEYDK,,,78.0,90.87,GMYTIOSLHIYTM
314,K,17,resale,GN6DCMRUGYYDINZXGQ2XYMJZHE4GIOBZHEYDK,,,78.0,90.87,GMYTIOSLHIYTO
314,K,18,resale,GN6DCMRUGYYDINZXGQ2XYMJZHE4GIOBZHEYDK,,,78.0,90.87,GMYTIOSLHIYTQ
314,M,5,resale,GN6DCMRUGYYDINZXGU2XYMJZHE4GIOJRGEZDK,,,76.0,88.54,GMYTIOSNHI2Q
314,M,6,resale,GN6DCMRUGYYDINZXGU2XYMJZHE4GIOJRGEZDK,,,76.0,88.54,GMYTIOSNHI3A
314,M,7,resale,GN6DCMRUGYYDINZXGU2XYMJZHE4GIOJRGEZDK,,,76.0,88.54,GMYTIOSNHI3Q
314,M,8,resale,GN6DCMRUGYYDINZXGU2XYMJZHE4GIOJRGEZDK,,,76.0,88.54,GMYTIOSNHI4A
314,S,1,resale,GN6DCMRUGIZDIOJRGAZHYMJZHE4GIODGMM4DK,,,70.0,81.55,GMYTIOSTHIYQ
314,S,2,resale,GN6DCMRUGIZDIOJRGAZHYMJZHE4GIODGMM4DK,,,70.0,81.55,GMYTIOSTHIZA
314,S,3,resale,GN6DCMRUGIZDIOJRGAZHYMJZHE4GIODGMM4DK,,,70.0,81.55,GMYTIOSTHIZQ
314,S,4,resale,GN6DCMRUGIZDIOJRGAZHYMJZHE4GIODGMM4DK,,,70.0,81.55,GMYTIOSTHI2A
314,S,5,resale,GN6DCMRUGIZDIOJRGAZHYMJZHE4GIODGMM4DK,,,70.0,81.55,GMYTIOSTHI2Q
314,S,6,resale,GN6DCMRUGIZDIOJRGAZHYMJZHE4GIODGMM4DK,,,70.0,81.55,GMYTIOSTHI3A
314,S,7,resale,GN6DCMRUGIZDIOJRGAZHYMJZHE4GIODGMM4DK,,,70.0,81.55,GMYTIOSTHI3Q
314,S,8,resale,GN6DCMRUGIZDIOJRGAZHYMJZHE4GIODGMM4DK,,,70.0,81.55,GMYTIOSTHI4A
314,S,9,resale,GN6DCMRUGIZDIOJRGAZHYMJZHE4GIODGMM4DK,,,70.0,81.55,GMYTIOSTHI4Q
314,S,10,resale,GN6DCMRUGIZDIOJRGAZHYMJZHE4GIODGMM4DK,,,70.0,81.55,GMYTIOSTHIYTA
314,S,11,resale,GN6DCMRUGIZDIOJRGAZHYMJZHE4GIODGMM4DK,,,70.0,81.55,GMYTIOSTHIYTC
314,S,12,resale,GN6DCMRUGIZDIOJRGAZHYMJZHE4GIODGMM4DK,,,70.0,81.55,GMYTIOSTHIYTE
314,U,11,resale,GN6DCMRWGA2DINJYHAYHYMJZHFSWGYRRMU2DK,,,68.0,79.22,GMYTIOSVHIYTC
314,U,12,resale,GN6DCMRWGA2DINJYHAYHYMJZHFSWGYRRMU2DK,,,68.0,79.22,GMYTIOSVHIYTE
314,U,13,resale,GN6DCMRWGA2DINJYHAYHYMJZHFSWGYRRMU2DK,,,68.0,79.22,GMYTIOSVHIYTG
314,U,14,resale,GN6DCMRWGA2DINJYHAYHYMJZHFSWGYRRMU2DK,,,68.0,79.22,GMYTIOSVHIYTI
314,U,15,resale,GN6DCMRWGA2DINJYHAYHYMJZHFSWGYRRMU2DK,,,68.0,79.22,GMYTIOSVHIYTK
314,U,16,resale,GN6DCMRWGA2DINJYHAYHYMJZHFSWGYRRMU2DK,,,68.0,79.22,GMYTIOSVHIYTM
314,U,17,resale,GN6DCMRWGA2DINJYHAYHYMJZHFSWGYRRMU2DK,,,68.0,79.22,GMYTIOSVHIYTO
314,U,18,resale,GN6DCMRWGA2DINJYHAYHYMJZHFSWGYRRMU2DK,,,68.0,79.22,GMYTIOSVHIYTQ
314,U,19,resale,GN6DCMRWGA2DINJYHAYHYMJZHFSWGYRRMU2DK,,,68.0,79.22,GMYTIOSVHIYTS
314,U,20,resale,GN6DCMRWGA2DINJYHAYHYMJZHFSWGYRRMU2DK,,,68.0,79.22,GMYTIOSVHIZDA
314,U,21,resale,GN6DCMRWGA2DINJYHAYHYMJZHFSWGYRRMU2DK,,,68.0,79.22,GMYTIOSVHIZDC
314,U,22,resale,GN6DCMRWGA2DINJYHAYHYMJZHFSWGYRRMU2DK,,,68.0,79.22,GMYTIOSVHIZDE
314,Z,13,primary,GJ6DC7BWHE,Verified Buccaneers Ticket,P22,80.0,105.35,GMYTIOS2HIYTG
314,Z,14,primary,GJ6DC7BWHE,Verified Buccaneers Ticket,P22,80.0,105.35,GMYTIOS2HIYTI
314,Z,23,primary,GJ6DCOBYGAYDAMBUPQ3DS,Aisle Seats,P22,85.0,111.73,GMYTIOS2HIZDG
314,Z,24,primary,GJ6DCOBYGAYDAMBUPQ3DS,Aisle Seats,P22,85.0,111.73,GMYTIOS2HIZDI
315,BB,12,primary,GJ6DC7BXGA,Verified Buccaneers Ticket,P23,70.0,92.6,GMYTKOSCII5DCMQ
315,BB,13,primary,GJ6DC7BXGA,Verified Buccaneers Ticket,P23,70.0,92.6,GMYTKOSCII5DCMY
315,CC,1,primary,GJ6DCOBYGAYDAMBUPQ3TA,Aisle Seats,P23,75.0,98.93,GMYTKOSDIM5DC
315,CC,2,primary,GJ6DCOBYGAYDAMBUPQ3TA,Aisle Seats,P23,75.0,98.93,GMYTKOSDIM5DE
315,CC,16,primary,GJ6DC7BXGA,Verified Buccaneers Ticket,P23,70.0,92.6,GMYTKOSDIM5DCNQ
315,CC,17,primary,GJ6DC7BXGA,Verified Buccaneers Ticket,P23,70.0,92.6,GMYTKOSDIM5DCNY
315,CC,18,primary,GJ6DC7BXGA,Verified Buccaneers Ticket,P23,70.0,92.6,GMYTKOSDIM5DCOA
315,CC,19,primary,GJ6DC7BXGA,Verified Buccaneers Ticket,P23,70.0,92.6,GMYTKOSDIM5DCOI
315,CC,20,primary,GJ6DC7BXGA,Verified Buccaneers Ticket,P23,70.0,92.6,GMYTKOSDIM5DEMA
315,CC,21,primary,GJ6DC7BXGA,Verified Buccaneers Ticket,P23,70.0,92.6,GMYTKOSDIM5DEMI
315,CC,22,primary,GJ6DC7BXGA,Verified Buccaneers Ticket,P23,70.0,92.6,GMYTKOSDIM5DEMQ
315,CC,23,primary,GJ6DCOBYGAYDAMBUPQ3TA,Aisle Seats,P23,75.0,98.93,GMYTKOSDIM5DEMY
315,CC,24,primary,GJ6DCOBYGAYDAMBUPQ3TA,Aisle Seats,P23,75.0,98.93,GMYTKOSDIM5DENA
315,D,14,resale,GN6DCMJZG43DMMJXGQ2HYMJZHE4GIOJRMJSTK,,,74.0,86.21,GMYTKOSEHIYTI
315,D,15,resale,GN6DCMJZG43DMMJXGQ2HYMJZHE4GIOJRMJSTK,,,74.0,86.21,GMYTKOSEHIYTK
315,D,16,resale,GN6DCMJZG43DMMJXGQ2HYMJZHE4GIOJRMJSTK,,,74.0,86.21,GMYTKOSEHIYTM
315,DD,6,resale,GN6DCMRUHE3TMNBTHAZXYMJZHE4GIODBMZRDK,,,57.0,66.41,GMYTKOSEIQ5DM
315,DD,7,resale,GN6DCMRUHE3TMNBTHAZXYMJZHE4GIODBMZRDK,,,57.0,66.41,GMYTKOSEIQ5DO
315,DD,8,resale,GN6DCMRUHE3TMNBTHAZXYMJZHE4GIODBMZRDK,,,57.0,66.41,GMYTKOSEIQ5DQ
315,DD,9,resale,GN6DCMRUHE3TMNBTHAZXYMJZHE4GIODBMZRDK,,,57.0,66.41,GMYTKOSEIQ5DS
315,DD,10,resale,GN6DCMRUHE3TMNBTHAZXYMJZHE4GIODBMZRDK,,,57.0,66.41,GMYTKOSEIQ5DCMA
315,DD,11,resale,GN6DCMRUHE3TMNBTHAZXYMJZHE4GIODBMZRDK,,,57.0,66.41,GMYTKOSEIQ5DCMI
315,DD,12,resale,GN6DCMRUHE3TMNBTHAZXYMJZHE4GIODBMZRDK,,,57.0,66.41,GMYTKOSEIQ5DCMQ
315,DD,13,resale,GN6DCMRUHE3TMNBTHAZXYMJZHE4GIODBMZRDK,,,57.0,66.41,GMYTKOSEIQ5DCMY
315,E,11,resale,GN6DCMJZGE2TOMBYGIZHYMJZHE4DEMJRG44DK,,,70.0,81.55,GMYTKOSFHIYTC
315,E,12,resale,GN6DCMJZGE2TOMBYGIZHYMJZHE4DEMJRG44DK,,,70.0,81.55,GMYTKOSFHIYTE
315,F,13,resale,GN6DCMJZGE2TOMBYGYYHYMJZHE4DEMJTMFRTK,,,68.0,79.22,GMYTKOSGHIYTG
315,F,14,resale,GN6DCMJZGE2TOMBYGYYHYMJZHE4DEMJTMFRTK,,,68.0,79.22,GMYTKOSGHIYTI
315,G,4,resale,GN6DCMRVGI4DINZSG44HYMJZHE4GIODCMU3DK,,,68.0,79.22,GMYTKOSHHI2A
315,G,5,resale,GN6DCMRVGI4DINZSG44HYMJZHE4GIODCMU3DK,,,68.0,79.22,GMYTKOSHHI2Q
315,G,6,resale,GN6DCMRVGI4DINZSG44HYMJZHE4GIODCMU3DK,,,68.0,79.22,GMYTKOSHHI3A
315,H,17,resale,GN6DCMJZGE2TOMBZGM3HYMJZHE4DEMDDGEYTK,,,65.0,75.73,GMYTKOSIHIYTO
315,H,18,resale,GN6DCMJZGE2TOMBZGM3HYMJZHE4DEMDDGEYTK,,,65.0,75.73,GMYTKOSIHIYTQ
315,K,19,resale,GN6DCMJZGE2TKMJWGE2XYMJZHEZTCNJTMM2TK,,,85.0,99.03,GMYTKOSLHIYTS
315,K,20,resale,GN6DCMJZGE2TKMJWGE2XYMJZHEZTCNJTMM2TK,,,85.0,99.03,GMYTKOSLHIZDA
315,P,3,resale,GN6DCMJZGE2TOMBYGYZHYMJZHEZTCNJWHEZTK,,,63.0,73.4,GMYTKOSQHIZQ
315,P,4,resale,GN6DCMJZGE2TOMBYGYZHYMJZHEZTCNJWHEZTK,,,63.0,73.4,GMYTKOSQHI2A
315,P,5,resale,GN6DCMJZGE2TOMBYGYZHYMJZHEZTCNJWHEZTK,,,63.0,73.4,GMYTKOSQHI2Q
315,P,6,resale,GN6DCMJZGE2TOMBYGYZHYMJZHEZTCNJWHEZTK,,,63.0,73.4,GMYTKOSQHI3A
315,P,13,primary,GJ6DC7BXGA,Verified Buccaneers Ticket,P23,70.0,92.6,GMYTKOSQHIYTG
315,P,14,primary,GJ6DC7BXGA,Verified Buccaneers Ticket,P23,70.0,92.6,GMYTKOSQHIYTI
315,R,9,resale,GN6DCMRVGQ2DENRXGE4HYMJZHE4GIODEGI4DK,,,62.0,72.23,GMYTKOSSHI4Q
315,R,10,resale,GN6DCMRVGQ2DENRXGE4HYMJZHE4GIODEGI4DK,,,62.0,72.23,GMYTKOSSHIYTA
315,R,11,resale,GN6DCMRVGQ2DENRXGE4HYMJZHE4GIODEGI4DK,,,62.0,72.23,GMYTKOSSHIYTC
315,R,12,resale,GN6DCMRVGQ2DENRXGE4HYMJZHE4GIODEGI4DK,,,62.0,72.23,GMYTKOSSHIYTE
315,R,13,resale,GN6DCMRVGQ2DENRXGE4HYMJZHE4GIODEGI4DK,,,62.0,72.23,GMYTKOSSHIYTG
315,R,14,resale,GN6DCMRVGQ2DENRXGE4HYMJZHE4GIODEGI4DK,,,62.0,72.23,GMYTKOSSHIYTI
315,T,19,primary,GJ6DC7BXGA,Verified Buccaneers Ticket,P23,70.0,92.6,GMYTKOSUHIYTS
315,T,20,primary,GJ6DC7BXGA,Verified Buccaneers Ticket,P23,70.0,92.6,GMYTKOSUHIZDA
315,U,16,primary,GJ6DC7BXGA,Verified Buccaneers Ticket,P23,70.0,92.6,GMYTKOSVHIYTM
315,U,17,primary,GJ6DC7BXGA,Verified Buccaneers Ticket,P23,70.0,92.6,GMYTKOSVHIYTO
315,U,18,primary,GJ6DC7BXGA,Verified Buccaneers Ticket,P23,70.0,92.6,GMYTKOSVHIYTQ
315,V,5,resale,GN6DCMRVHE4DOMBWGAYXYMJZHFRWMZBWGY3TK,,,58.0,67.57,GMYTKOSWHI2Q
315,V,6,resale,GN6DCMRVHE4DOMBWGAYXYMJZHFRWMZBWGY3TK,,,58.0,67.57,GMYTKOSWHI3A
315,X,1,resale,GN6DCMRTHEZDKMJTGIYXYMJZHEZTCNJRMQZTK,,,70.0,81.55,GMYTKOSYHIYQ
315,X,2,resale,GN6DCMRTHEZDKMJTGIYXYMJZHEZTCNJRMQZTK,,,70.0,81.55,GMYTKOSYHIZA
315,X,3,resale,GN6DCMRTHEZDKMJTGIYXYMJZHEZTCNJRMQZTK,,,70.0,81.55,GMYTKOSYHIZQ
315,X,4,resale,GN6DCMRTHEZDKMJTGIYXYMJZHEZTCNJRMQZTK,,,70.0,81.55,GMYTKOSYHI2A
315,X,5,resale,GN6DCMRTHEZDKMJTGIYXYMJZHEZTCNJRMQZTK,,,70.0,81.55,GMYTKOSYHI2Q
315,X,6,resale,GN6DCMRTHEZDKMJTGIYXYMJZHEZTCNJRMQZTK,,,70.0,81.55,GMYTKOSYHI3A
315,X,13,resale,GN6DCMRVHE4DOMBWGAZXYMJZHFRWMZJWGQZDK,,,57.0,66.41,GMYTKOSYHIYTG
315,X,14,resale,GN6DCMRVHE4DOMBWGAZXYMJZHFRWMZJWGQZDK,,,57.0,66.41,GMYTKOSYHIYTI
315,X,15,resale,GN6DCMRVHE4DOMBWGAZXYMJZHFRWMZJWGQZDK,,,57.0,66.41,GMYTKOSYHIYTK
315,X,16,resale,GN6DCMRVHE4DOMBWGAZXYMJZHFRWMZJWGQZDK,,,57.0,66.41,GMYTKOSYHIYTM
315,Z,22,resale,GN6DCMRUHE3TMNBTHAZHYMJZHE4GIODEGBTDK,,,56.0,65.24,GMYTKOS2HIZDE
315,Z,23,resale,GN6DCMRUHE3TMNBTHAZHYMJZHE4GIODEGBTDK,,,56.0,65.24,GMYTKOS2HIZDG
315,Z,24,resale,GN6DCMRUHE3TMNBTHAZHYMJZHE4GIODEGBTDK,,,56.0,65.24,GMYTKOS2HIZDI
316,CC,12,resale,GN6DCMRUG43TQMZXHAZXYMJZHEZTCNLCMRRDK,,,75.0,87.38,GMYTMOSDIM5DCMQ
316,DD,4,primary,GJ6DC7BXGA,Verified Buccaneers Ticket,P23,70.0,92.6,GMYTMOSEIQ5DI
316,DD,5,primary,GJ6DC7BXGA,Verified Buccaneers Ticket,P23,70.0,92.6,GMYTMOSEIQ5DK
316,DD,6,primary,GJ6DC7BXGA,Verified Buccaneers Ticket,P23,70.0,92.6,GMYTMOSEIQ5DM
316,DD,7,primary,GJ6DC7BXGA,Verified Buccaneers Ticket,P23,70.0,92.6,GMYTMOSEIQ5DO
316,DD,8,primary,GJ6DC7BXGA,Verified Buccaneers Ticket,P23,70.0,92.6,GMYTMOSEIQ5DQ
316,DD,9,primary,GJ6DC7BXGA,Verified Buccaneers Ticket,P23,70.0,92.6,GMYTMOSEIQ5DS
316,DD,10,primary,GJ6DC7BXGA,Verified Buccaneers Ticket,P23,70.0,92.6,GMYTMOSEIQ5DCMA
316,DD,11,primary,GJ6DC7BXGA,Verified Buccaneers Ticket,P23,70.0,92.6,GMYTMOSEIQ5DCMI
316,DD,23,primary,GJ6DC7BXGA,Verified Buccaneers Ticket,P23,70.0,92.6,GMYTMOSEIQ5DEMY
316,DD,24,primary,GJ6DC7BXGA,Verified Buccaneers Ticket,P23,70.0,92.6,GMYTMOSEIQ5DENA
316,DD,25,resale,GN6DCMRVGQ3TMNZTGQ4HYMJZHE4GIODGMQYDK,,,58.0,67.57,GMYTMOSEIQ5DENI
316,DD,26,resale,GN6DCMRVGQ3TMNZTGQ4HYMJZHE4GIODGMQYDK,,,58.0,67.57,GMYTMOSEIQ5DENQ
316,DD,27,resale,GN6DCMRVGQ3TMNZTGQ4HYMJZHE4GIODGMQYDK,,,58.0,67.57,GMYTMOSEIQ5DENY
316,DD,28,resale,GN6DCMRVGQ3TMNZTGQ4HYMJZHE4GIODGMQYDK,,,58.0,67.57,GMYTMOSEIQ5DEOA
316,DD,29,resale,GN6DCMRVGQ3TMNZTGQ4HYMJZHE4GIODGMQYDK,,,58.0,67.57,GMYTMOSEIQ5DEOI
316,DD,30,resale,GN6DCMRVGQ3TMNZTGQ4HYMJZHE4GIODGMQYDK,,,58.0,67.57,GMYTMOSEIQ5DGMA
316,DD,31,resale,GN6DCMRVGQ3TMNZTGQ4HYMJZHE4GIODGMQYDK,,,58.0,67.57,GMYTMOSEIQ5DGMI
316,DD,32,resale,GN6DCMRVGQ3TMNZTGQ4HYMJZHE4GIODGMQYDK,,,58.0,67.57,GMYTMOSEIQ5DGMQ
316,DD,33,resale,GN6DCMRVGQ3TMNZTGQ4HYMJZHE4GIODGMQYDK,,,58.0,67.57,GMYTMOSEIQ5DGMY
316,G,11,resale,GN6DCMJZG43DMMRQGE4HYMJZHE4GIODDHBSDK,,,66.0,76.89,GMYTMOSHHIYTC
316,G,12,resale,GN6DCMJZG43DMMRQGE4HYMJZHE4GIODDHBSDK,,,66.0,76.89,GMYTMOSHHIYTE
316,G,13,resale,GN6DCMJZG43DMMRQGE4HYMJZHE4GIODDHBSDK,,,66.0,76.89,GMYTMOSHHIYTG
316,G,14,resale,GN6DCMJZG43DMMRQGE4HYMJZHE4GIODDHBSDK,,,66.0,76.89,GMYTMOSHHIYTI
316,K,16,resale,GN6DCMRVGE2DAMBTHE2HYMJZHE4GIODFMEZDK,,,62.0,72.23,GMYTMOSLHIYTM
316,K,17,resale,GN6DCMRVGE2DAMBTHE2HYMJZHE4GIODFMEZDK,,,62.0,72.23,GMYTMOSLHIYTO
316,K,18,resale,GN6DCMRVGE2DAMBTHE2HYMJZHE4GIODFMEZDK,,,62.0,72.23,GMYTMOSLHIYTQ
316,P,10,primary,GJ6DC7BXGA,Verified Buccaneers Ticket,P23,70.0,92.6,GMYTMOSQHIYTA
316,R,15,primary,GJ6DC7BXGA,Verified Buccaneers Ticket,P23,70.0,92.6,GMYTMOSSHIYTK
316,R,16,primary,GJ6DC7BXGA,Verified Buccaneers Ticket,P23,70.0,92.6,GMYTMOSSHIYTM
316,R,17,primary,GJ6DC7BXGA,Verified Buccaneers Ticket,P23,70.0,92.6,GMYTMOSSHIYTO
316,R,18,primary,GJ6DC7BXGA,Verified Buccaneers Ticket,P23,70.0,92.6,GMYTMOSSHIYTQ
316,S,3,primary,GJ6DC7BXGA,Verified Buccaneers Ticket,P23,70.0,92.6,GMYTMOSTHIZQ
316,S,4,primary,GJ6DC7BXGA,Verified Buccaneers Ticket,P23,70.0,92.6,GMYTMOSTHI2A
316,S,10,resale,GN6DCMJZG43DMMRQGIYXYMJZHE4GIODCMRRDK,,,59.0,68.74,GMYTMOSTHIYTA
316,S,11,resale,GN6DCMJZG43DMMRQGIYXYMJZHE4GIODCMRRDK,,,59.0,68.74,GMYTMOSTHIYTC
316,S,12,resale,GN6DCMJZG43DMMRQGIYXYMJZHE4GIODCMRRDK,,,59.0,68.74,GMYTMOSTHIYTE
316,S,13,resale,GN6DCMJZG43DMMRQGIYXYMJZHE4GIODCMRRDK,,,59.0,68.74,GMYTMOSTHIYTG
316,S,14,resale,GN6DCMJZG43DMMRQGIYXYMJZHE4GIODCMRRDK,,,59.0,68.74,GMYTMOSTHIYTI
316,S,15,resale,GN6DCMJZG43DMMRQGIYXYMJZHE4GIODCMRRDK,,,59.0,68.74,GMYTMOSTHIYTK
316,S,16,resale,GN6DCMJZG43DMMRQGIYXYMJZHE4GIODCMRRDK,,,59.0,68.74,GMYTMOSTHIYTM
316,S,17,resale,GN6DCMJZG43DMMRQGIYXYMJZHE4GIODCMRRDK,,,59.0,68.74,GMYTMOSTHIYTO
316,S,18,primary,GJ6DC7BXGA,Verified Buccaneers Ticket,P23,70.0,92.6,GMYTMOSTHIYTQ
316,S,19,primary,GJ6DC7BXGA,Verified Buccaneers Ticket,P23,70.0,92.6,GMYTMOSTHIYTS
316,S,20,primary,GJ6DC7BXGA,Verified Buccaneers Ticket,P23,70.0,92.6,GMYTMOSTHIZDA
316,S,21,primary,GJ6DC7BXGA,Verified Buccaneers Ticket,P23,70.0,92.6,GMYTMOSTHIZDC
316,S,22,primary,GJ6DC7BXGA,Verified Buccaneers Ticket,P23,70.0,92.6,GMYTMOSTHIZDE
316,V,15,resale,GN6DCMRWGA2DINJYHE4HYMJZHFSWGYTCMJSDK,,,59.0,68.74,GMYTMOSWHIYTK
316,V,16,resale,GN6DCMRWGA2DINJYHE4HYMJZHFSWGYTCMJSDK,,,59.0,68.74,GMYTMOSWHIYTM
316,V,17,resale,GN6DCMRWGA2DINJYHE4HYMJZHFSWGYTCMJSDK,,,59.0,68.74,GMYTMOSWHIYTO
316,V,18,resale,GN6DCMRWGA2DINJYHE4HYMJZHFSWGYTCMJSDK,,,59.0,68.74,GMYTMOSWHIYTQ
316,V,19,resale,GN6DCMRWGA2DINJYHE4HYMJZHFSWGYTCMJSDK,,,59.0,68.74,GMYTMOSWHIYTS
316,V,20,resale,GN6DCMRWGA2DINJYHE4HYMJZHFSWGYTCMJSDK,,,59.0,68.74,GMYTMOSWHIZDA
316,V,21,resale,GN6DCMRWGA2DINJYHE4HYMJZHFSWGYTCMJSDK,,,59.0,68.74,GMYTMOSWHIZDC
316,V,22,resale,GN6DCMRWGA2DINJYHE4HYMJZHFSWGYTCMJSDK,,,59.0,68.74,GMYTMOSWHIZDE
316,V,23,resale,GN6DCMRWGA2DINJYHE4HYMJZHFSWGYTCMJSDK,,,59.0,68.74,GMYTMOSWHIZDG
316,V,24,resale,GN6DCMRWGA2DINJYHE4HYMJZHFSWGYTCMJSDK,,,59.0,68.74,GMYTMOSWHIZDI
316,V,25,resale,GN6DCMRWGA2DINJYHE4HYMJZHFSWGYTCMJSDK,,,59.0,68.74,GMYTMOSWHIZDK
316,V,26,resale,GN6DCMRWGA2DINJYHE4HYMJZHFSWGYTCMJSDK,,,59.0,68.74,GMYTMOSWHIZDM
316,W,15,primary,GJ6DC7BXGA,Verified Buccaneers Ticket,P23,70.0,92.6,GMYTMOSXHIYTK
316,W,16,primary,GJ6DC7BXGA,Verified Buccaneers Ticket,P23,70.0,92.6,GMYTMOSXHIYTM
316,W,17,primary,GJ6DC7BXGA,Verified Buccaneers Ticket,P23,70.0,92.6,GMYTMOSXHIYTO
316,W,18,primary,GJ6DC7BXGA,Verified Buccaneers Ticket,P23,70.0,92.6,GMYTMOSXHIYTQ
316,W,19,primary,GJ6DC7BXGA,Verified Buccaneers Ticket,P23,70.0,92.6,GMYTMOSXHIYTS
316,W,20,primary,GJ6DC7BXGA,Verified Buccaneers Ticket,P23,70.0,92.6,GMYTMOSXHIZDA
316,Y,7,primary,GJ6DC7BXGA,Verified Buccaneers Ticket,P23,70.0,92.6,GMYTMOSZHI3Q
316,Y,8,primary,GJ6DC7BXGA,Verified Buccaneers Ticket,P23,70.0,92.6,GMYTMOSZHI4A
316,Y,9,primary,GJ6DC7BXGA,Verified Buccaneers Ticket,P23,70.0,92.6,GMYTMOSZHI4Q
316,Y,10,primary,GJ6DC7BXGA,Verified Buccaneers Ticket,P23,70.0,92.6,GMYTMOSZHIYTA
316,Y,11,primary,GJ6DC7BXGA,Verified Buccaneers Ticket,P23,70.0,92.6,GMYTMOSZHIYTC
316,Y,12,primary,GJ6DC7BXGA,Verified Buccaneers Ticket,P23,70.0,92.6,GMYTMOSZHIYTE
316,Y,13,primary,GJ6DC7BXGA,Verified Buccaneers Ticket,P23,70.0,92.6,GMYTMOSZHIYTG
316,Y,14,primary,GJ6DC7BXGA,Verified Buccaneers Ticket,P23,70.0,92.6,GMYTMOSZHIYTI
316,Y,19,primary,GJ6DC7BXGA,Verified Buccaneers Ticket,P23,70.0,92.6,GMYTMOSZHIYTS
316,Y,20,primary,GJ6DC7BXGA,Verified Buccaneers Ticket,P23,70.0,92.6,GMYTMOSZHIZDA
316,Z,1,primary,GJ6DCOBYGAYDAMBUPQ3TA,Aisle Seats,P23,75.0,98.93,GMYTMOS2HIYQ
316,Z,2,primary,GJ6DCOBYGAYDAMBUPQ3TA,Aisle Seats,P23,75.0,98.93,GMYTMOS2HIZA
316,Z,3,primary,GJ6DC7BXGA,Verified Buccaneers Ticket,P23,70.0,92.6,GMYTMOS2HIZQ
316,Z,15,primary,GJ6DC7BXGA,Verified Buccaneers Ticket,P23,70.0,92.6,GMYTMOS2HIYTK
316,Z,16,primary,GJ6DC7BXGA,Verified Buccaneers Ticket,P23,70.0,92.6,GMYTMOS2HIYTM
316,Z,17,primary,GJ6DC7BXGA,Verified Buccaneers Ticket,P23,70.0,92.6,GMYTMOS2HIYTO
316,Z,18,primary,GJ6DC7BXGA,Verified Buccaneers Ticket,P23,70.0,92.6,GMYTMOS2HIYTQ
316,Z,19,primary,GJ6DC7BXGA,Verified Buccaneers Ticket,P23,70.0,92.6,GMYTMOS2HIYTS
317,AA,18,primary,GJ6DC7BXGA,Verified Buccaneers Ticket,P23,70.0,92.6,GMYTOOSBIE5DCOA
317,AA,19,primary,GJ6DC7BXGA,Verified Buccaneers Ticket,P23,70.0,92.6,GMYTOOSBIE5DCOI
317,AA,20,primary,GJ6DC7BXGA,Verified Buccaneers Ticket,P23,70.0,92.6,GMYTOOSBIE5DEMA
317,AA,21,primary,GJ6DC7BXGA,Verified Buccaneers Ticket,P23,70.0,92.6,GMYTOOSBIE5DEMI
317,AA,22,primary,GJ6DC7BXGA,Verified Buccaneers Ticket,P23,70.0,92.6,GMYTOOSBIE5DEMQ
317,AA,23,primary,GJ6DC7BXGA,Verified Buccaneers Ticket,P23,70.0,92.6,GMYTOOSBIE5DEMY
317,AA,24,primary,GJ6DC7BXGA,Verified Buccaneers Ticket,P23,70.0,92.6,GMYTOOSBIE5DENA
317,AA,25,primary,GJ6DC7BXGA,Verified Buccaneers Ticket,P23,70.0,92.6,GMYTOOSBIE5DENI
317,BB,21,resale,GN6DCMRVG43DSNRTG4ZHYMJZHE4TEYJQG43TK,,,60.0,69.9,GMYTOOSCII5DEMI
317,BB,22,resale,GN6DCMRVG43DSNRTG4ZHYMJZHE4TEYJQG43TK,,,60.0,69.9,GMYTOOSCII5DEMQ
317,BB,23,resale,GN6DCMRVG43DSNRTG4ZHYMJZHE4TEYJQG43TK,,,60.0,69.9,GMYTOOSCII5DEMY
317,BB,24,resale,GN6DCMRVG43DSNRTG4ZHYMJZHE4TEYJQG43TK,,,60.0,69.9,GMYTOOSCII5DENA
317,BB,25,resale,GN6DCMRVG43DSNRTG4ZHYMJZHE4TEYJQG43TK,,,60.0,69.9,GMYTOOSCII5DENI
317,BB,26,resale,GN6DCMRVG43DSNRTG4ZHYMJZHE4TEYJQG43TK,,,60.0,69.9,GMYTOOSCII5DENQ
317,BB,27,resale,GN6DCMRVG43DSNRTG4ZHYMJZHE4TEYJQG43TK,,,60.0,69.9,GMYTOOSCII5DENY
317,BB,28,resale,GN6DCMRVG43DSNRTG4ZHYMJZHE4TEYJQG43TK,,,60.0,69.9,GMYTOOSCII5DEOA
317,BB,29,resale,GN6DCMRVG43DSNRTG4ZHYMJZHE4TEYJQG43TK,,,60.0,69.9,GMYTOOSCII5DEOI
317,BB,30,resale,GN6DCMRVG43DSNRTG4ZHYMJZHE4TEYJQG43TK,,,60.0,69.9,GMYTOOSCII5DGMA
317,BB,31,resale,GN6DCMRVG43DSNRTG4ZHYMJZHE4TEYJQG43TK,,,60.0,69.9,GMYTOOSCII5DGMI
317,BB,32,resale,GN6DCMRVG43DSNRTG4ZHYMJZHE4TEYJQG43TK,,,60.0,69.9,GMYTOOSCII5DGMQ
317,G,15,resale,GN6DCMRTGYYTKMZSHE4XYMJZHE4GIOBXGMZTK,,,65.0,75.73,GMYTOOSHHIYTK
317,G,16,resale,GN6DCMRTGYYTKMZSHE4XYMJZHE4GIOBXGMZTK,,,65.0,75.73,GMYTOOSHHIYTM
317,J,17,resale,GN6DCMJZGE2TOMBYGQZHYMJZHFRDCMTGGAYTK,,,59.0,68.74,GMYTOOSKHIYTO
317,J,18,resale,GN6DCMJZGE2TOMBYGQZHYMJZHFRDCMTGGAYTK,,,59.0,68.74,GMYTOOSKHIYTQ
317,J,19,resale,GN6DCMJZGE2TOMBYGQZHYMJZHFRDCMTGGAYTK,,,59.0,68.74,GMYTOOSKHIYTS
317,J,20,resale,GN6DCMJZGE2TOMBYGQZHYMJZHFRDCMTGGAYTK,,,59.0,68.74,GMYTOOSKHIZDA
317,J,28,resale,GN6DCMJZGE2TOMBYGA2XYMJZHFRDCMZVGJRTK,,,60.0,69.9,GMYTOOSKHIZDQ
317,J,29,resale,GN6DCMJZGE2TOMBYGA2XYMJZHFRDCMZVGJRTK,,,60.0,69.9,GMYTOOSKHIZDS
317,K,30,resale,GN6DCMJZG43DMMJZHA3HYMJZHE4GIODEMYZDK,,,63.0,73.4,GMYTOOSLHIZTA
317,K,31,resale,GN6DCMJZG43DMMJZHA3HYMJZHE4GIODEMYZDK,,,63.0,73.4,GMYTOOSLHIZTC
317,K,32,resale,GN6DCMJZG43DMMJZHA3HYMJZHE4GIODEMYZDK,,,63.0,73.4,GMYTOOSLHIZTE
317,K,33,resale,GN6DCMJZG43DMMJZHA3HYMJZHE4GIODEMYZDK,,,63.0,73.4,GMYTOOSLHIZTG
317,K,34,resale,GN6DCMJZG43DMMJZHA3HYMJZHE4GIODEMYZDK,,,63.0,73.4,GMYTOOSLHIZTI
317,M,16,primary,GJ6DC7BXGA,Verified Buccaneers Ticket,P23,70.0,92.6,GMYTOOSNHIYTM
317,M,17,primary,GJ6DC7BXGA,Verified Buccaneers Ticket,P23,70.0,92.6,GMYTOOSNHIYTO
317,M,18,primary,GJ6DC7BXGA,Verified Buccaneers Ticket,P23,70.0,92.6,GMYTOOSNHIYTQ
317,M,19,primary,GJ6DC7BXGA,Verified Buccaneers Ticket,P23,70.0,92.6,GMYTOOSNHIYTS
317,M,22,primary,GJ6DC7BXGA,Verified Buccaneers Ticket,P23,70.0,92.6,GMYTOOSNHIZDE
317,M,23,primary,GJ6DC7BXGA,Verified Buccaneers Ticket,P23,70.0,92.6,GMYTOOSNHIZDG
317,N,11,primary,GJ6DCOBYGAYDAMBUPQ3TA,Aisle Seats,P23,75.0,98.93,GMYTOOSOHIYTC
317,N,12,primary,GJ6DCOBYGAYDAMBUPQ3TA,Aisle Seats,P23,75.0,98.93,GMYTOOSOHIYTE
317,N,22,primary,GJ6DC7BXGA,Verified Buccaneers Ticket,P23,70.0,92.6,GMYTOOSOHIZDE
317,N,23,primary,GJ6DC7BXGA,Verified Buccaneers Ticket,P23,70.0,92.6,GMYTOOSOHIZDG
317,P,10,primary,GJ6DCOBYGAYDAMBUPQ3TA,Aisle Seats,P23,75.0,98.93,GMYTOOSQHIYTA
317,P,11,primary,GJ6DCOBYGAYDAMBUPQ3TA,Aisle Seats,P23,75.0,98.93,GMYTOOSQHIYTC
317,S,14,resale,GN6DCMRVG43DSNRTG4YXYMJZHE4TEOJZGAZTK,,,62.0,72.23,GMYTOOSTHIYTI
317,S,15,resale,GN6DCMRVG43DSNRTG4YXYMJZHE4TEOJZGAZTK,,,62.0,72.23,GMYTOOSTHIYTK
317,S,16,resale,GN6DCMRVG43DSNRTG4YXYMJZHE4TEOJZGAZTK,,,62.0,72.23,GMYTOOSTHIYTM
317,S,17,resale,GN6DCMRVG43DSNRTG4YXYMJZHE4TEOJZGAZTK,,,62.0,72.23,GMYTOOSTHIYTO
317,S,18,resale,GN6DCMRVG43DSNRTG4YXYMJZHE4TEOJZGAZTK,,,62.0,72.23,GMYTOOSTHIYTQ
317,S,19,resale,GN6DCMRVG43DSNRTG4YXYMJZHE4TEOJZGAZTK,,,62.0,72.23,GMYTOOSTHIYTS
317,S,20,resale,GN6DCMRVG43DSNRTG4YXYMJZHE4TEOJZGAZTK,,,62.0,72.23,GMYTOOSTHIZDA
317,S,21,resale,GN6DCMRVG43DSNRTG4YXYMJZHE4TEOJZGAZTK,,,62.0,72.23,GMYTOOSTHIZDC
317,S,22,resale,GN6DCMRVG43DSNRTG4YXYMJZHE4TEOJZGAZTK,,,62.0,72.23,GMYTOOSTHIZDE
317,S,23,resale,GN6DCMRVG43DSNRTG4YXYMJZHE4TEOJZGAZTK,,,62.0,72.23,GMYTOOSTHIZDG
317,S,24,resale,GN6DCMRVG43DSNRTG4YXYMJZHE4TEOJZGAZTK,,,62.0,72.23,GMYTOOSTHIZDI
317,S,25,resale,GN6DCMRVG43DSNRTG4YXYMJZHE4TEOJZGAZTK,,,62.0,72.23,GMYTOOSTHIZDK
317,U,32,resale,GN6DCMRVGY4DMNJUGUYXYMJZHE4GIOBYMFSDK,,,59.0,68.74,GMYTOOSVHIZTE
317,U,33,resale,GN6DCMRVGY4DMNJUGUYXYMJZHE4GIOBYMFSDK,,,59.0,68.74,GMYTOOSVHIZTG
317,U,34,resale,GN6DCMRVGY4DMNJUGUYXYMJZHE4GIOBYMFSDK,,,59.0,68.74,GMYTOOSVHIZTI
317,U,35,resale,GN6DCMRVGY4DMNJUGUYXYMJZHE4GIOBYMFSDK,,,59.0,68.74,GMYTOOSVHIZTK
317,U,36,resale,GN6DCMRVGY4DMNJUGUYXYMJZHE4GIOBYMFSDK,,,59.0,68.74,GMYTOOSVHIZTM
317,V,19,resale,GN6DCMRVGY4DMNJUGUYHYMJZHE4GIOJSHA4DK,,,59.0,68.74,GMYTOOSWHIYTS
317,V,20,resale,GN6DCMRVGY4DMNJUGUYHYMJZHE4GIOJSHA4DK,,,59.0,68.74,GMYTOOSWHIZDA
317,V,21,resale,GN6DCMRVGY4DMNJUGUYHYMJZHE4GIOJSHA4DK,,,59.0,68.74,GMYTOOSWHIZDC
317,V,22,resale,GN6DCMRVGY4DMNJUGUYHYMJZHE4GIOJSHA4DK,,,59.0,68.74,GMYTOOSWHIZDE
317,V,23,resale,GN6DCMRVGY4DMNJUGUYHYMJZHE4GIOJSHA4DK,,,59.0,68.74,GMYTOOSWHIZDG
317,V,24,resale,GN6DCMRVGY4DMNJUGUYHYMJZHE4GIOJSHA4DK,,,59.0,68.74,GMYTOOSWHIZDI
317,Z,8,primary,GJ6DC7BXGA,Verified Buccaneers Ticket,P23,70.0,92.6,GMYTOOS2HI4A
317,Z,9,primary,GJ6DC7BXGA,Verified Buccaneers Ticket,P23,70.0,92.6,GMYTOOS2HI4Q
317,Z,10,primary,GJ6DC7BXGA,Verified Buccaneers Ticket,P23,70.0,92.6,GMYTOOS2HIYTA
317,Z,11,primary,GJ6DC7BXGA,Verified Buccaneers Ticket,P23,70.0,92.6,GMYTOOS2HIYTC
317,Z,26,primary,GJ6DC7BXGA,Verified Buccaneers Ticket,P23,70.0,92.6,GMYTOOS2HIZDM
317,Z,27,primary,GJ6DC7BXGA,Verified Buccaneers Ticket,P23,70.0,92.6,GMYTOOS2HIZDO
317,Z,28,primary,GJ6DC7BXGA,Verified Buccaneers Ticket,P23,70.0,92.6,GMYTOOS2HIZDQ
317,Z,29,primary,GJ6DC7BXGA,Verified Buccaneers Ticket,P23,70.0,92.6,GMYTOOS2HIZDS
318,AA,15,primary,GJ6DC7BXGA,Verified Buccaneers Ticket,P23,70.0,92.6,GMYTQOSBIE5DCNI
318,AA,16,primary,GJ6DC7BXGA,Verified Buccaneers Ticket,P23,70.0,92.6,GMYTQOSBIE5DCNQ
318,AA,17,primary,GJ6DC7BXGA,Verified Buccaneers Ticket,P23,70.0,92.6,GMYTQOSBIE5DCNY
318,AA,18,primary,GJ6DC7BXGA,Verified Buccaneers Ticket,P23,70.0,92.6,GMYTQOSBIE5DCOA
318,AA,19,resale,GN6DCMRVHA4TCMJSHA4XYMJZHFRGMMDEMM2DK,,,56.0,65.24,GMYTQOSBIE5DCOI
318,AA,20,resale,GN6DCMRVHA4TCMJSHA4XYMJZHFRGMMDEMM2DK,,,56.0,65.24,GMYTQOSBIE5DEMA
318,AA,21,resale,GN6DCMRVHA4TCMJSHA4XYMJZHFRGMMDEMM2DK,,,56.0,65.24,GMYTQOSBIE5DEMI
318,AA,22,resale,GN6DCMRVHA4TCMJSHA4XYMJZHFRGMMDEMM2DK,,,56.0,65.24,GMYTQOSBIE5DEMQ
318,AA,23,resale,GN6DCMRVHA4TCMJSHA4XYMJZHFRGMMDEMM2DK,,,56.0,65.24,GMYTQOSBIE5DEMY
318,AA,24,resale,GN6DCMRVHA4TCMJSHA4XYMJZHFRGMMDEMM2DK,,,56.0,65.24,GMYTQOSBIE5DENA
318,B,11,resale,GN6DCMJZG43DMMJVG44XYMJZHE4GIOJRMQ4TK,,,72.0,83.88,GMYTQOSCHIYTC
318,B,12,resale,GN6DCMJZG43DMMJVG44XYMJZHE4GIOJRMQ4TK,,,72.0,83.88,GMYTQOSCHIYTE
318,BB,21,resale,GN6DCMRVHA4TCMJTGMZHYMJZHFRGMMJRGRSTK,,,54.0,62.91,GMYTQOSCII5DEMI
318,BB,22,resale,GN6DCMRVHA4TCMJTGMZHYMJZHFRGMMJRGRSTK,,,54.0,62.91,GMYTQOSCII5DEMQ
318,BB,23,resale,GN6DCMRVHA4TCMJTGMZHYMJZHFRGMMJRGRSTK,,,54.0,62.91,GMYTQOSCII5DEMY
318,BB,24,resale,GN6DCMRVHA4TCMJTGMZHYMJZHFRGMMJRGRSTK,,,54.0,62.91,GMYTQOSCII5DENA
318,DD,17,primary,GJ6DC7BXGA,Verified Buccaneers Ticket,P23,70.0,92.6,GMYTQOSEIQ5DCNY
318,DD,18,primary,GJ6DC7BXGA,Verified Buccaneers Ticket,P23,70.0,92.6,GMYTQOSEIQ5DCOA
318,DD,19,primary,GJ6DC7BXGA,Verified Buccaneers Ticket,P23,70.0,92.6,GMYTQOSEIQ5DCOI
318,DD,20,primary,GJ6DC7BXGA,Verified Buccaneers Ticket,P23,70.0,92.6,GMYTQOSEIQ5DEMA
318,DD,21,primary,GJ6DC7BXGA,Verified Buccaneers Ticket,P23,70.0,92.6,GMYTQOSEIQ5DEMI
318,DD,22,primary,GJ6DC7BXGA,Verified Buccaneers Ticket,P23,70.0,92.6,GMYTQOSEIQ5DEMQ
318,DD,23,primary,GJ6DC7BXGA,Verified Buccaneers Ticket,P23,70.0,92.6,GMYTQOSEIQ5DEMY
318,DD,24,primary,GJ6DC7BXGA,Verified Buccaneers Ticket,P23,70.0,92.6,GMYTQOSEIQ5DENA
318,F,16,resale,GN6DCMJZG43DMMJZHA2HYMJZHE4GIOJRGI3TK,,,66.0,76.89,GMYTQOSGHIYTM
318,F,17,resale,GN6DCMJZG43DMMJZHA2HYMJZHE4GIOJRGI3TK,,,66.0,76.89,GMYTQOSGHIYTO
318,F,18,resale,GN6DCMJZG43DMMJZHA2HYMJZHE4GIOJRGI3TK,,,66.0,76.89,GMYTQOSGHIYTQ
318,L,10,primary,GJ6DC7BXGA,Verified Buccaneers Ticket,P23,70.0,92.6,GMYTQOSMHIYTA
318,L,11,primary,GJ6DC7BXGA,Verified Buccaneers Ticket,P23,70.0,92.6,GMYTQOSMHIYTC
318,M,3,primary,GJ6DC7BXGA,Verified Buccaneers Ticket,P23,70.0,92.6,GMYTQOSNHIZQ
318,M,4,primary,GJ6DC7BXGA,Verified Buccaneers Ticket,P23,70.0,92.6,GMYTQOSNHI2A
318,M,18,primary,GJ6DC7BXGA,Verified Buccaneers Ticket,P23,70.0,92.6,GMYTQOSNHIYTQ
318,M,19,primary,GJ6DC7BXGA,Verified Buccaneers Ticket,P23,70.0,92.6,GMYTQOSNHIYTS
318,N,5,primary,GJ6DC7BXGA,Verified Buccaneers Ticket,P23,70.0,92.6,GMYTQOSOHI2Q
318,N,6,primary,GJ6DC7BXGA,Verified Buccaneers Ticket,P23,70.0,92.6,GMYTQOSOHI3A
318,N,7,primary,GJ6DC7BXGA,Verified Buccaneers Ticket,P23,70.0,92.6,GMYTQOSOHI3Q
318,N,8,primary,GJ6DC7BXGA,Verified Buccaneers Ticket,P23,70.0,92.6,GMYTQOSOHI4A
318,N,9,primary,GJ6DC7BXGA,Verified Buccaneers Ticket,P23,70.0,92.6,GMYTQOSOHI4Q
318,N,10,resale,GN6DCMRVHA4TCMJSHEYXYMJZHFRGMMBZMJSTK,,,63.0,73.4,GMYTQOSOHIYTA
318,N,11,resale,GN6DCMRVHA4TCMJSHEYXYMJZHFRGMMBZMJSTK,,,63.0,73.4,GMYTQOSOHIYTC
318,N,12,resale,GN6DCMRVHA4TCMJSHEYXYMJZHFRGMMBZMJSTK,,,63.0,73.4,GMYTQOSOHIYTE
318,N,13,resale,GN6DCMRVHA4TCMJSHEYXYMJZHFRGMMBZMJSTK,,,63.0,73.4,GMYTQOSOHIYTG
318,N,14,resale,GN6DCMRVHA4TCMJSHEYXYMJZHFRGMMBZMJSTK,,,63.0,73.4,GMYTQOSOHIYTI
318,N,15,resale,GN6DCMRVHA4TCMJSHEYXYMJZHFRGMMBZMJSTK,,,63.0,73.4,GMYTQOSOHIYTK
318,N,16,resale,GN6DCMRVHA4TCMJSHEYXYMJZHFRGMMBZMJSTK,,,63.0,73.4,GMYTQOSOHIYTM
318,N,17,resale,GN6DCMRVHA4TCMJSHEYXYMJZHFRGMMBZMJSTK,,,63.0,73.4,GMYTQOSOHIYTO
318,N,18,resale,GN6DCMRVHA4TCMJSHEYXYMJZHFRGMMBZMJSTK,,,63.0,73.4,GMYTQOSOHIYTQ
318,N,19,resale,GN6DCMRVHA4TCMJSHEYXYMJZHFRGMMBZMJSTK,,,63.0,73.4,GMYTQOSOHIYTS
318,N,20,resale,GN6DCMRVHA4TCMJSHEYXYMJZHFRGMMBZMJSTK,,,63.0,73.4,GMYTQOSOHIZDA
318,N,21,resale,GN6DCMRVHA4TCMJSHEYXYMJZHFRGMMBZMJSTK,,,63.0,73.4,GMYTQOSOHIZDC
318,P,19,resale,GN6DCMRWGA2DINJYHA4HYMJZHFSWGYZQGQ4TK,,,59.0,68.74,GMYTQOSQHIYTS
318,P,20,resale,GN6DCMRWGA2DINJYHA4HYMJZHFSWGYZQGQ4TK,,,59.0,68.74,GMYTQOSQHIZDA
318,P,21,resale,GN6DCMRWGA2DINJYHA4HYMJZHFSWGYZQGQ4TK,,,59.0,68.74,GMYTQOSQHIZDC
318,P,22,resale,GN6DCMRWGA2DINJYHA4HYMJZHFSWGYZQGQ4TK,,,59.0,68.74,GMYTQOSQHIZDE
318,P,23,resale,GN6DCMRWGA2DINJYHA4HYMJZHFSWGYZQGQ4TK,,,59.0,68.74,GMYTQOSQHIZDG
318,P,24,resale,GN6DCMRWGA2DINJYHA4HYMJZHFSWGYZQGQ4TK,,,59.0,68.74,GMYTQOSQHIZDI
318,T,17,primary,GJ6DC7BXGA,Verified Buccaneers Ticket,P23,70.0,92.6,GMYTQOSUHIYTO
318,T,18,primary,GJ6DC7BXGA,Verified Buccaneers Ticket,P23,70.0,92.6,GMYTQOSUHIYTQ
318,T,19,primary,GJ6DC7BXGA,Verified Buccaneers Ticket,P23,70.0,92.6,GMYTQOSUHIYTS
318,U,17,resale,GN6DCMRWGA2DINJYHA3HYMJZHFSWGYZUGA2DK,,,61.0,71.07,GMYTQOSVHIYTO
318,U,18,resale,GN6DCMRWGA2DINJYHA3HYMJZHFSWGYZUGA2DK,,,61.0,71.07,GMYTQOSVHIYTQ
318,U,19,resale,GN6DCMRWGA2DINJYHA3HYMJZHFSWGYZUGA2DK,,,61.0,71.07,GMYTQOSVHIYTS
318,U,20,resale,GN6DCMRWGA2DINJYHA3HYMJZHFSWGYZUGA2DK,,,61.0,71.07,GMYTQOSVHIZDA
318,U,21,resale,GN6DCMRWGA2DINJYHA3HYMJZHFSWGYZUGA2DK,,,61.0,71.07,GMYTQOSVHIZDC
318,U,22,resale,GN6DCMRWGA2DINJYHA3HYMJZHFSWGYZUGA2DK,,,61.0,71.07,GMYTQOSVHIZDE
318,U,23,resale,GN6DCMRWGA2DINJYHA3HYMJZHFSWGYZUGA2DK,,,61.0,71.07,GMYTQOSVHIZDG
318,U,24,resale,GN6DCMRWGA2DINJYHA3HYMJZHFSWGYZUGA2DK,,,61.0,71.07,GMYTQOSVHIZDI
318,V,19,primary,GJ6DC7BXGA,Verified Buccaneers Ticket,P23,70.0,92.6,GMYTQOSWHIYTS
318,V,20,primary,GJ6DC7BXGA,Verified Buccaneers Ticket,P23,70.0,92.6,GMYTQOSWHIZDA
318,V,21,primary,GJ6DC7BXGA,Verified Buccaneers Ticket,P23,70.0,92.6,GMYTQOSWHIZDC
318,V,22,primary,GJ6DC7BXGA,Verified Buccaneers Ticket,P23,70.0,92.6,GMYTQOSWHIZDE
318,W,17,primary,GJ6DC7BXGA,Verified Buccaneers Ticket,P23,70.0,92.6,GMYTQOSXHIYTO
318,W,18,primary,GJ6DC7BXGA,Verified Buccaneers Ticket,P23,70.0,92.6,GMYTQOSXHIYTQ
318,WC,15,primary,GJ6DC7BXGA,Verified Buccaneers Ticket,P23,70.0,92.6,GMYTQOSXIM5DCNI
319,D,7,resale,GN6DCMRVGQZDENRZHEYHYMJZHBSTMYZQGEYTK,,,70.0,81.55,GMYTSOSEHI3Q
319,D,8,resale,GN6DCMRVGQZDENRZHEYHYMJZHBSTMYZQGEYTK,,,70.0,81.55,GMYTSOSEHI4A
319,DD,6,primary,GJ6DC7BXGA,Verified Buccaneers Ticket,P23,70.0,92.6,GMYTSOSEIQ5DM
319,DD,7,primary,GJ6DC7BXGA,Verified Buccaneers Ticket,P23,70.0,92.6,GMYTSOSEIQ5DO
319,DD,8,primary,GJ6DC7BXGA,Verified Buccaneers Ticket,P23,70.0,92.6,GMYTSOSEIQ5DQ
319,DD,9,primary,GJ6DC7BXGA,Verified Buccaneers Ticket,P23,70.0,92.6,GMYTSOSEIQ5DS
319,DD,10,primary,GJ6DC7BXGA,Verified Buccaneers Ticket,P23,70.0,92.6,GMYTSOSEIQ5DCMA
319,DD,13,primary,GJ6DC7BXGA,Verified Buccaneers Ticket,P23,70.0,92.6,GMYTSOSEIQ5DCMY
319,DD,14,primary,GJ6DC7BXGA,Verified Buccaneers Ticket,P23,70.0,92.6,GMYTSOSEIQ5DCNA
319,E,8,resale,GN6DCMJZG43DMMJZGY3XYMJZHE4GIODCMI2TK,,,65.0,75.73,GMYTSOSFHI4A
319,E,9,resale,GN6DCMJZG43DMMJZGY3XYMJZHE4GIODCMI2TK,,,65.0,75.73,GMYTSOSFHI4Q
319,N,5,resale,GN6DCMRVGQ3TMNZTGEZXYMJZHE4GIOBXMZRDK,,,63.0,73.4,GMYTSOSOHI2Q
319,N,6,resale,GN6DCMRVGQ3TMNZTGEZXYMJZHE4GIOBXMZRDK,,,63.0,73.4,GMYTSOSOHI3A
319,N,7,resale,GN6DCMRVGQ3TMNZTGEZXYMJZHE4GIOBXMZRDK,,,63.0,73.4,GMYTSOSOHI3Q
319,N,8,resale,GN6DCMRVGQ3TMNZTGEZXYMJZHE4GIOBXMZRDK,,,63.0,73.4,GMYTSOSOHI4A
319,N,9,resale,GN6DCMRVGQ3TMNZTGEZXYMJZHE4GIOBXMZRDK,,,63.0,73.4,GMYTSOSOHI4Q
319,N,10,resale,GN6DCMRVGQ3TMNZTGEZXYMJZHE4GIOBXMZRDK,,,63.0,73.4,GMYTSOSOHIYTA
319,N,11,resale,GN6DCMRVGQ3TMNZTGEZXYMJZHE4GIOBXMZRDK,,,63.0,73.4,GMYTSOSOHIYTC
319,N,12,resale,GN6DCMRVGQ3TMNZTGEZXYMJZHE4GIOBXMZRDK,,,63.0,73.4,GMYTSOSOHIYTE
319,N,13,resale,GN6DCMRVGQ3TMNZTGEZXYMJZHE4GIOBXMZRDK,,,63.0,73.4,GMYTSOSOHIYTG
319,P,10,primary,GJ6DC7BXGA,Verified Buccaneers Ticket,P23,70.0,92.6,GMYTSOSQHIYTA
319,P,11,primary,GJ6DC7BXGA,Verified Buccaneers Ticket,P23,70.0,92.6,GMYTSOSQHIYTC
319,P,12,primary,GJ6DC7BXGA,Verified Buccaneers Ticket,P23,70.0,92.6,GMYTSOSQHIYTE
319,P,13,primary,GJ6DC7BXGA,Verified Buccaneers Ticket,P23,70.0,92.6,GMYTSOSQHIYTG
319,T,11,resale,GN6DCMRVG43DSNRTGY4XYMJZHE4TEOLDME3DK,,,58.0,67.57,GMYTSOSUHIYTC
319,T,12,resale,GN6DCMRVG43DSNRTGY4XYMJZHE4TEOLDME3DK,,,58.0,67.57,GMYTSOSUHIYTE
319,T,13,resale,GN6DCMRVG43DSNRTGY4XYMJZHE4TEOLDME3DK,,,58.0,67.57,GMYTSOSUHIYTG
319,V,7,primary,GJ6DC7BXGA,Verified Buccaneers Ticket,P23,70.0,92.6,GMYTSOSWHI3Q
319,V,8,primary,GJ6DC7BXGA,Verified Buccaneers Ticket,P23,70.0,92.6,GMYTSOSWHI4A
319,V,9,primary,GJ6DC7BXGA,Verified Buccaneers Ticket,P23,70.0,92.6,GMYTSOSWHI4Q
319,W,11,primary,GJ6DC7BXGA,Verified Buccaneers Ticket,P23,70.0,92.6,GMYTSOSXHIYTC
319,W,12,primary,GJ6DC7BXGA,Verified Buccaneers Ticket,P23,70.0,92.6,GMYTSOSXHIYTE
319,W,13,primary,GJ6DC7BXGA,Verified Buccaneers Ticket,P23,70.0,92.6,GMYTSOSXHIYTG
319,X,1,resale,GN6DCMRVG43DSNRTGY4HYMJZHE4TEYJRMQ4DK,,,60.0,69.9,GMYTSOSYHIYQ
319,X,2,resale,GN6DCMRVG43DSNRTGY4HYMJZHE4TEYJRMQ4DK,,,60.0,69.9,GMYTSOSYHIZA
319,X,3,resale,GN6DCMRVG43DSNRTGY4HYMJZHE4TEYJRMQ4DK,,,60.0,69.9,GMYTSOSYHIZQ
319,X,4,resale,GN6DCMRVG43DSNRTGY4HYMJZHE4TEYJRMQ4DK,,,60.0,69.9,GMYTSOSYHI2A
319,X,5,resale,GN6DCMRVG43DSNRTGY4HYMJZHE4TEYJRMQ4DK,,,60.0,69.9,GMYTSOSYHI2Q
319,X,6,resale,GN6DCMRVG43DSNRTGY4HYMJZHE4TEYJRMQ4DK,,,60.0,69.9,GMYTSOSYHI3A
319,X,7,resale,GN6DCMRVG43DSNRTGY4HYMJZHE4TEYJRMQ4DK,,,60.0,69.9,GMYTSOSYHI3Q
319,X,8,resale,GN6DCMRVG43DSNRTGY4HYMJZHE4TEYJRMQ4DK,,,60.0,69.9,GMYTSOSYHI4A
319,X,9,resale,GN6DCMRVG43DSNRTGY4HYMJZHE4TEYJRMQ4DK,,,60.0,69.9,GMYTSOSYHI4Q
319,X,10,resale,GN6DCMRVG43DSNRTGY4HYMJZHE4TEYJRMQ4DK,,,60.0,69.9,GMYTSOSYHIYTA
319,X,11,resale,GN6DCMRVG43DSNRTGY4HYMJZHE4TEYJRMQ4DK,,,60.0,69.9,GMYTSOSYHIYTC
319,X,12,resale,GN6DCMRVG43DSNRTGY4HYMJZHE4TEYJRMQ4DK,,,60.0,69.9,GMYTSOSYHIYTE
319,X,13,resale,GN6DCMRVG43DSNRTGY4HYMJZHE4TEYJRMQ4DK,,,60.0,69.9,GMYTSOSYHIYTG
327,C,1,resale,GN6DCMJZGEYDGMZWHE4HYMJZHE4GIODBMY3DK,,,71.0,82.72,GMZDOOSDHIYQ
327,C,2,resale,GN6DCMJZGEYDGMZWHE4HYMJZHE4GIODBMY3DK,,,71.0,82.72,GMZDOOSDHIZA
327,C,3,resale,GN6DCMJZGEYDGMZWHE4HYMJZHE4GIODBMY3DK,,,71.0,82.72,GMZDOOSDHIZQ
327,C,4,resale,GN6DCMJZGEYDGMZWHE4HYMJZHE4GIODBMY3DK,,,71.0,82.72,GMZDOOSDHI2A
327,C,5,resale,GN6DCMJZGEYDGMZWHE4HYMJZHE4GIODBMY3DK,,,71.0,82.72,GMZDOOSDHI2Q
327,E,3,resale,GN6DCMRWGA2DINJYG43XYMJZHFSWGYTBGQ2TK,,,68.0,79.22,GMZDOOSFHIZQ
327,E,4,resale,GN6DCMRWGA2DINJYG43XYMJZHFSWGYTBGQ2TK,,,68.0,79.22,GMZDOOSFHI2A
327,E,5,resale,GN6DCMRWGA2DINJYG43XYMJZHFSWGYTBGQ2TK,,,68.0,79.22,GMZDOOSFHI2Q
327,E,6,resale,GN6DCMRWGA2DINJYG43XYMJZHFSWGYTBGQ2TK,,,68.0,79.22,GMZDOOSFHI3A
327,E,7,resale,GN6DCMRWGA2DINJYG43XYMJZHFSWGYTBGQ2TK,,,68.0,79.22,GMZDOOSFHI3Q
327,J,1,resale,GN6DCMJZGM2TAOJQGI4XYMJZHE4GIOJQGUYTK,,,66.0,76.89,GMZDOOSKHIYQ
327,J,2,resale,GN6DCMJZGM2TAOJQGI4XYMJZHE4GIOJQGUYTK,,,66.0,76.89,GMZDOOSKHIZA
327,J,3,resale,GN6DCMJZGM2TAOJQGI4XYMJZHE4GIOJQGUYTK,,,66.0,76.89,GMZDOOSKHIZQ
327,K,1,primary,GJ6DC7BXGQ,Verified Buccaneers Ticket,P27,70.0,92.6,GMZDOOSLHIYQ
327,K,2,primary,GJ6DC7BXGQ,Verified Buccaneers Ticket,P27,70.0,92.6,GMZDOOSLHIZA
327,K,3,primary,GJ6DC7BXGQ,Verified Buccaneers Ticket,P27,70.0,92.6,GMZDOOSLHIZQ
327,K,4,primary,GJ6DC7BXGQ,Verified Buccaneers Ticket,P27,70.0,92.6,GMZDOOSLHI2A
327,K,5,primary,GJ6DC7BXGQ,Verified Buccaneers Ticket,P27,70.0,92.6,GMZDOOSLHI2Q
327,K,6,primary,GJ6DC7BXGQ,Verified Buccaneers Ticket,P27,70.0,92.6,GMZDOOSLHI3A
327,K,8,resale,GN6DCMJZG42TIOJRGU3HYMJZHE4GIOBYMM4TK,,,66.0,76.89,GMZDOOSLHI4A
327,K,9,resale,GN6DCMJZG42TIOJRGU3HYMJZHE4GIOBYMM4TK,,,66.0,76.89,GMZDOOSLHI4Q
327,K,10,primary,GJ6DC7BXGQ,Verified Buccaneers Ticket,P27,70.0,92.6,GMZDOOSLHIYTA
327,K,11,primary,GJ6DC7BXGQ,Verified Buccaneers Ticket,P27,70.0,92.6,GMZDOOSLHIYTC
327,L,10,primary,GJ6DC7BXGQ,Verified Buccaneers Ticket,P27,70.0,92.6,GMZDOOSMHIYTA
327,L,11,primary,GJ6DC7BXGQ,Verified Buccaneers Ticket,P27,70.0,92.6,GMZDOOSMHIYTC
327,L,12,primary,GJ6DCOBYGAYDAMBUPQ3TI,Aisle Seats,P27,75.0,98.93,GMZDOOSMHIYTE
327,L,13,primary,GJ6DCOBYGAYDAMBUPQ3TI,Aisle Seats,P27,75.0,98.93,GMZDOOSMHIYTG
327,M,1,primary,GJ6DC7BXGQ,Verified Buccaneers Ticket,P27,70.0,92.6,GMZDOOSNHIYQ
327,M,2,primary,GJ6DC7BXGQ,Verified Buccaneers Ticket,P27,70.0,92.6,GMZDOOSNHIZA
327,M,3,primary,GJ6DC7BXGQ,Verified Buccaneers Ticket,P27,70.0,92.6,GMZDOOSNHIZQ
327,M,4,primary,GJ6DC7BXGQ,Verified Buccaneers Ticket,P27,70.0,92.6,GMZDOOSNHI2A
327,M,12,primary,GJ6DCOBYGAYDAMBUPQ3TI,Aisle Seats,P27,75.0,98.93,GMZDOOSNHIYTE
327,M,13,primary,GJ6DCOBYGAYDAMBUPQ3TI,Aisle Seats,P27,75.0,98.93,GMZDOOSNHIYTG
327,N,1,primary,GJ6DC7BXGQ,Verified Buccaneers Ticket,P27,70.0,92.6,GMZDOOSOHIYQ
327,N,2,primary,GJ6DC7BXGQ,Verified Buccaneers Ticket,P27,70.0,92.6,GMZDOOSOHIZA
327,N,3,primary,GJ6DC7BXGQ,Verified Buccaneers Ticket,P27,70.0,92.6,GMZDOOSOHIZQ
327,N,11,primary,GJ6DC7BXGQ,Verified Buccaneers Ticket,P27,70.0,92.6,GMZDOOSOHIYTC
327,N,12,primary,GJ6DCOBYGAYDAMBUPQ3TI,Aisle Seats,P27,75.0,98.93,GMZDOOSOHIYTE
327,N,13,primary,GJ6DCOBYGAYDAMBUPQ3TI,Aisle Seats,P27,75.0,98.93,GMZDOOSOHIYTG
327,P,6,primary,GJ6DC7BXGQ,Verified Buccaneers Ticket,P27,70.0,92.6,GMZDOOSQHI3A
327,P,7,primary,GJ6DC7BXGQ,Verified Buccaneers Ticket,P27,70.0,92.6,GMZDOOSQHI3Q
327,P,8,primary,GJ6DC7BXGQ,Verified Buccaneers Ticket,P27,70.0,92.6,GMZDOOSQHI4A
327,P,9,primary,GJ6DC7BXGQ,Verified Buccaneers Ticket,P27,70.0,92.6,GMZDOOSQHI4Q
327,P,10,primary,GJ6DC7BXGQ,Verified Buccaneers Ticket,P27,70.0,92.6,GMZDOOSQHIYTA
327,P,11,primary,GJ6DC7BXGQ,Verified Buccaneers Ticket,P27,70.0,92.6,GMZDOOSQHIYTC
327,P,12,primary,GJ6DCOBYGAYDAMBUPQ3TI,Aisle Seats,P27,75.0,98.93,GMZDOOSQHIYTE
327,P,13,primary,GJ6DCOBYGAYDAMBUPQ3TI,Aisle Seats,P27,75.0,98.93,GMZDOOSQHIYTG
327,R,6,primary,GJ6DC7BXGQ,Verified Buccaneers Ticket,P27,70.0,92.6,GMZDOOSSHI3A
327,R,7,primary,GJ6DC7BXGQ,Verified Buccaneers Ticket,P27,70.0,92.6,GMZDOOSSHI3Q
327,R,8,primary,GJ6DC7BXGQ,Verified Buccaneers Ticket,P27,70.0,92.6,GMZDOOSSHI4A
327,R,9,primary,GJ6DC7BXGQ,Verified Buccaneers Ticket,P27,70.0,92.6,GMZDOOSSHI4Q
327,R,10,primary,GJ6DC7BXGQ,Verified Buccaneers Ticket,P27,70.0,92.6,GMZDOOSSHIYTA
327,R,11,primary,GJ6DC7BXGQ,Verified Buccaneers Ticket,P27,70.0,92.6,GMZDOOSSHIYTC
327,R,12,primary,GJ6DCOBYGAYDAMBUPQ3TI,Aisle Seats,P27,75.0,98.93,GMZDOOSSHIYTE
327,R,13,primary,GJ6DCOBYGAYDAMBUPQ3TI,Aisle Seats,P27,75.0,98.93,GMZDOOSSHIYTG
327,S,12,primary,GJ6DCOBYGAYDAMBUPQ3TI,Aisle Seats,P27,75.0,98.93,GMZDOOSTHIYTE
327,S,13,primary,GJ6DCOBYGAYDAMBUPQ3TI,Aisle Seats,P27,75.0,98.93,GMZDOOSTHIYTG
327,T,3,primary,GJ6DC7BXGQ,Verified Buccaneers Ticket,P27,70.0,92.6,GMZDOOSUHIZQ
327,T,4,primary,GJ6DC7BXGQ,Verified Buccaneers Ticket,P27,70.0,92.6,GMZDOOSUHI2A
327,T,5,primary,GJ6DC7BXGQ,Verified Buccaneers Ticket,P27,70.0,92.6,GMZDOOSUHI2Q
327,T,6,primary,GJ6DC7BXGQ,Verified Buccaneers Ticket,P27,70.0,92.6,GMZDOOSUHI3A
327,T,7,primary,GJ6DC7BXGQ,Verified Buccaneers Ticket,P27,70.0,92.6,GMZDOOSUHI3Q
327,T,8,primary,GJ6DC7BXGQ,Verified Buccaneers Ticket,P27,70.0,92.6,GMZDOOSUHI4A
327,T,9,primary,GJ6DC7BXGQ,Verified Buccaneers Ticket,P27,70.0,92.6,GMZDOOSUHI4Q
327,T,10,primary,GJ6DC7BXGQ,Verified Buccaneers Ticket,P27,70.0,92.6,GMZDOOSUHIYTA
327,T,11,primary,GJ6DC7BXGQ,Verified Buccaneers Ticket,P27,70.0,92.6,GMZDOOSUHIYTC
327,T,12,primary,GJ6DCOBYGAYDAMBUPQ3TI,Aisle Seats,P27,75.0,98.93,GMZDOOSUHIYTE
327,T,13,primary,GJ6DCOBYGAYDAMBUPQ3TI,Aisle Seats,P27,75.0,98.93,GMZDOOSUHIYTG
327,U,12,primary,GJ6DCOBYGAYDAMBUPQ3TI,Aisle Seats,P27,75.0,98.93,GMZDOOSVHIYTE
327,U,13,primary,GJ6DCOBYGAYDAMBUPQ3TI,Aisle Seats,P27,75.0,98.93,GMZDOOSVHIYTG
327,V,12,primary,GJ6DCOBYGAYDAMBUPQ3TI,Aisle Seats,P27,75.0,98.93,GMZDOOSWHIYTE
327,V,13,primary,GJ6DCOBYGAYDAMBUPQ3TI,Aisle Seats,P27,75.0,98.93,GMZDOOSWHIYTG
327,W,1,primary,GJ6DC7BXGQ,Verified Buccaneers Ticket,P27,70.0,92.6,GMZDOOSXHIYQ
327,W,2,primary,GJ6DC7BXGQ,Verified Buccaneers Ticket,P27,70.0,92.6,GMZDOOSXHIZA
327,W,3,primary,GJ6DC7BXGQ,Verified Buccaneers Ticket,P27,70.0,92.6,GMZDOOSXHIZQ
327,W,4,primary,GJ6DC7BXGQ,Verified Buccaneers Ticket,P27,70.0,92.6,GMZDOOSXHI2A
327,W,5,primary,GJ6DC7BXGQ,Verified Buccaneers Ticket,P27,70.0,92.6,GMZDOOSXHI2Q
327,W,6,primary,GJ6DC7BXGQ,Verified Buccaneers Ticket,P27,70.0,92.6,GMZDOOSXHI3A
327,W,7,primary,GJ6DC7BXGQ,Verified Buccaneers Ticket,P27,70.0,92.6,GMZDOOSXHI3Q
327,W,8,primary,GJ6DC7BXGQ,Verified Buccaneers Ticket,P27,70.0,92.6,GMZDOOSXHI4A
327,Y,1,primary,GJ6DC7BXGQ,Verified Buccaneers Ticket,P27,70.0,92.6,GMZDOOSZHIYQ
327,Y,2,primary,GJ6DC7BXGQ,Verified Buccaneers Ticket,P27,70.0,92.6,GMZDOOSZHIZA
327,Y,3,primary,GJ6DC7BXGQ,Verified Buccaneers Ticket,P27,70.0,92.6,GMZDOOSZHIZQ
327,Y,4,primary,GJ6DC7BXGQ,Verified Buccaneers Ticket,P27,70.0,92.6,GMZDOOSZHI2A
327,Z,8,primary,GJ6DC7BXGQ,Verified Buccaneers Ticket,P27,70.0,92.6,GMZDOOS2HI4A
327,Z,9,primary,GJ6DC7BXGQ,Verified Buccaneers Ticket,P27,70.0,92.6,GMZDOOS2HI4Q
327,Z,10,primary,GJ6DC7BXGQ,Verified Buccaneers Ticket,P27,70.0,92.6,GMZDOOS2HIYTA
327,Z,11,primary,GJ6DC7BXGQ,Verified Buccaneers Ticket,P27,70.0,92.6,GMZDOOS2HIYTC
328,A,16,resale,GN6DCMJZG43DMMJVHAYXYMJZHE4GIODCGEZTK,,,86.0,100.19,GMZDQOSBHIYTM
328,A,17,resale,GN6DCMJZG43DMMJVHAYXYMJZHE4GIODCGEZTK,,,86.0,100.19,GMZDQOSBHIYTO
328,A,18,resale,GN6DCMJZG43DMMJVHAYXYMJZHE4GIODCGEZTK,,,86.0,100.19,GMZDQOSBHIYTQ
328,A,19,resale,GN6DCMJZG43DMMJVHAYXYMJZHE4GIODCGEZTK,,,86.0,100.19,GMZDQOSBHIYTS
328,B,7,primary,GJ6DC7BXGQ,Verified Buccaneers Ticket,P27,70.0,92.6,GMZDQOSCHI3Q
328,D,15,resale,GN6DCMJZHE2TMMJWGY2HYMJZHE4GIOJQMVSTK,,,70.0,81.55,GMZDQOSEHIYTK
328,D,16,resale,GN6DCMJZHE2TMMJWGY2HYMJZHE4GIOJQMVSTK,,,70.0,81.55,GMZDQOSEHIYTM
328,D,17,resale,GN6DCMJZHE2TMMJWGY2HYMJZHE4GIOJQMVSTK,,,70.0,81.55,GMZDQOSEHIYTO
328,D,18,resale,GN6DCMJZHE2TMMJWGY2HYMJZHE4GIOJQMVSTK,,,70.0,81.55,GMZDQOSEHIYTQ
328,D,19,resale,GN6DCMJZHE2TMMJWGY2HYMJZHE4GIOJQMVSTK,,,70.0,81.55,GMZDQOSEHIYTS
328,E,11,resale,GN6DCMJZGU3DENRZG4YXYMJZHEZTCNJUMIYTK,,,105.0,122.33,GMZDQOSFHIYTC
328,E,12,resale,GN6DCMJZGU3DENRZG4YXYMJZHEZTCNJUMIYTK,,,105.0,122.33,GMZDQOSFHIYTE
328,E,13,resale,GN6DCMJZGU3DENRZG4YXYMJZHEZTCNJUMIYTK,,,105.0,122.33,GMZDQOSFHIYTG
328,E,14,resale,GN6DCMJZGU3DENRZG4YXYMJZHEZTCNJUMIYTK,,,105.0,122.33,GMZDQOSFHIYTI
328,J,3,primary,GJ6DC7BXGQ,Verified Buccaneers Ticket,P27,70.0,92.6,GMZDQOSKHIZQ
328,K,1,primary,GJ6DCOBYGAYDAMBUPQ3TI,Aisle Seats,P27,75.0,98.93,GMZDQOSLHIYQ
328,K,2,primary,GJ6DCOBYGAYDAMBUPQ3TI,Aisle Seats,P27,75.0,98.93,GMZDQOSLHIZA
328,K,3,primary,GJ6DC7BXGQ,Verified Buccaneers Ticket,P27,70.0,92.6,GMZDQOSLHIZQ
328,K,4,primary,GJ6DC7BXGQ,Verified Buccaneers Ticket,P27,70.0,92.6,GMZDQOSLHI2A
328,K,5,primary,GJ6DC7BXGQ,Verified Buccaneers Ticket,P27,70.0,92.6,GMZDQOSLHI2Q
328,K,6,primary,GJ6DC7BXGQ,Verified Buccaneers Ticket,P27,70.0,92.6,GMZDQOSLHI3A
328,K,11,primary,GJ6DC7BXGQ,Verified Buccaneers Ticket,P27,70.0,92.6,GMZDQOSLHIYTC
328,K,12,primary,GJ6DC7BXGQ,Verified Buccaneers Ticket,P27,70.0,92.6,GMZDQOSLHIYTE
328,K,13,primary,GJ6DC7BXGQ,Verified Buccaneers Ticket,P27,70.0,92.6,GMZDQOSLHIYTG
328,K,23,primary,GJ6DCOBYGAYDAMBUPQ3TI,Aisle Seats,P27,75.0,98.93,GMZDQOSLHIZDG
328,K,24,primary,GJ6DCOBYGAYDAMBUPQ3TI,Aisle Seats,P27,75.0,98.93,GMZDQOSLHIZDI
328,L,1,resale,GN6DCMRVG43DSNRTGY3XYMJZHE4TEOLCMUYDK,,,63.0,73.4,GMZDQOSMHIYQ
328,L,2,resale,GN6DCMRVG43DSNRTGY3XYMJZHE4TEOLCMUYDK,,,63.0,73.4,GMZDQOSMHIZA
328,L,11,primary,GJ6DC7BXGQ,Verified Buccaneers Ticket,P27,70.0,92.6,GMZDQOSMHIYTC
328,L,12,primary,GJ6DC7BXGQ,Verified Buccaneers Ticket,P27,70.0,92.6,GMZDQOSMHIYTE
328,L,13,primary,GJ6DC7BXGQ,Verified Buccaneers Ticket,P27,70.0,92.6,GMZDQOSMHIYTG
328,L,14,primary,GJ6DC7BXGQ,Verified Buccaneers Ticket,P27,70.0,92.6,GMZDQOSMHIYTI
328,L,15,primary,GJ6DC7BXGQ,Verified Buccaneers Ticket,P27,70.0,92.6,GMZDQOSMHIYTK
328,L,16,primary,GJ6DC7BXGQ,Verified Buccaneers Ticket,P27,70.0,92.6,GMZDQOSMHIYTM
328,L,17,primary,GJ6DC7BXGQ,Verified Buccaneers Ticket,P27,70.0,92.6,GMZDQOSMHIYTO
328,L,18,primary,GJ6DC7BXGQ,Verified Buccaneers Ticket,P27,70.0,92.6,GMZDQOSMHIYTQ
328,M,18,resale,GN6DCMRTGM2TKOBWGM4XYMJZHEZTCNJTG4ZDK,,,87.0,101.36,GMZDQOSNHIYTQ
328,M,19,resale,GN6DCMRTGM2TKOBWGM4XYMJZHEZTCNJTG4ZDK,,,87.0,101.36,GMZDQOSNHIYTS
328,M,20,primary,GJ6DC7BXGQ,Verified Buccaneers Ticket,P27,70.0,92.6,GMZDQOSNHIZDA
328,M,21,primary,GJ6DC7BXGQ,Verified Buccaneers Ticket,P27,70.0,92.6,GMZDQOSNHIZDC
328,M,22,primary,GJ6DC7BXGQ,Verified Buccaneers Ticket,P27,70.0,92.6,GMZDQOSNHIZDE
328,N,1,primary,GJ6DCOBYGAYDAMBUPQ3TI,Aisle Seats,P27,75.0,98.93,GMZDQOSOHIYQ
328,N,2,primary,GJ6DCOBYGAYDAMBUPQ3TI,Aisle Seats,P27,75.0,98.93,GMZDQOSOHIZA
328,N,17,primary,GJ6DC7BXGQ,Verified Buccaneers Ticket,P27,70.0,92.6,GMZDQOSOHIYTO
328,N,18,primary,GJ6DC7BXGQ,Verified Buccaneers Ticket,P27,70.0,92.6,GMZDQOSOHIYTQ
328,N,19,primary,GJ6DC7BXGQ,Verified Buccaneers Ticket,P27,70.0,92.6,GMZDQOSOHIYTS
328,N,20,primary,GJ6DC7BXGQ,Verified Buccaneers Ticket,P27,70.0,92.6,GMZDQOSOHIZDA
328,N,21,primary,GJ6DC7BXGQ,Verified Buccaneers Ticket,P27,70.0,92.6,GMZDQOSOHIZDC
328,N,22,primary,GJ6DC7BXGQ,Verified Buccaneers Ticket,P27,70.0,92.6,GMZDQOSOHIZDE
328,N,23,primary,GJ6DCOBYGAYDAMBUPQ3TI,Aisle Seats,P27,75.0,98.93,GMZDQOSOHIZDG
328,N,24,primary,GJ6DCOBYGAYDAMBUPQ3TI,Aisle Seats,P27,75.0,98.93,GMZDQOSOHIZDI
328,P,5,primary,GJ6DC7BXGQ,Verified Buccaneers Ticket,P27,70.0,92.6,GMZDQOSQHI2Q
328,P,6,primary,GJ6DC7BXGQ,Verified Buccaneers Ticket,P27,70.0,92.6,GMZDQOSQHI3A
328,P,7,primary,GJ6DC7BXGQ,Verified Buccaneers Ticket,P27,70.0,92.6,GMZDQOSQHI3Q
328,P,8,primary,GJ6DC7BXGQ,Verified Buccaneers Ticket,P27,70.0,92.6,GMZDQOSQHI4A
328,P,9,primary,GJ6DC7BXGQ,Verified Buccaneers Ticket,P27,70.0,92.6,GMZDQOSQHI4Q
328,P,14,primary,GJ6DC7BXGQ,Verified Buccaneers Ticket,P27,70.0,92.6,GMZDQOSQHIYTI
328,P,15,primary,GJ6DC7BXGQ,Verified Buccaneers Ticket,P27,70.0,92.6,GMZDQOSQHIYTK
328,P,16,primary,GJ6DC7BXGQ,Verified Buccaneers Ticket,P27,70.0,92.6,GMZDQOSQHIYTM
328,P,17,primary,GJ6DC7BXGQ,Verified Buccaneers Ticket,P27,70.0,92.6,GMZDQOSQHIYTO
328,R,5,primary,GJ6DC7BXGQ,Verified Buccaneers Ticket,P27,70.0,92.6,GMZDQOSSHI2Q
328,R,6,primary,GJ6DC7BXGQ,Verified Buccaneers Ticket,P27,70.0,92.6,GMZDQOSSHI3A
328,R,7,primary,GJ6DC7BXGQ,Verified Buccaneers Ticket,P27,70.0,92.6,GMZDQOSSHI3Q
328,R,8,primary,GJ6DC7BXGQ,Verified Buccaneers Ticket,P27,70.0,92.6,GMZDQOSSHI4A
328,R,9,primary,GJ6DC7BXGQ,Verified Buccaneers Ticket,P27,70.0,92.6,GMZDQOSSHI4Q
328,R,10,primary,GJ6DC7BXGQ,Verified Buccaneers Ticket,P27,70.0,92.6,GMZDQOSSHIYTA
328,S,1,primary,GJ6DCOBYGAYDAMBUPQ3TI,Aisle Seats,P27,75.0,98.93,GMZDQOSTHIYQ
328,S,2,primary,GJ6DCOBYGAYDAMBUPQ3TI,Aisle Seats,P27,75.0,98.93,GMZDQOSTHIZA
328,S,15,primary,GJ6DC7BXGQ,Verified Buccaneers Ticket,P27,70.0,92.6,GMZDQOSTHIYTK
328,S,16,primary,GJ6DC7BXGQ,Verified Buccaneers Ticket,P27,70.0,92.6,GMZDQOSTHIYTM
328,S,17,primary,GJ6DC7BXGQ,Verified Buccaneers Ticket,P27,70.0,92.6,GMZDQOSTHIYTO
328,S,18,primary,GJ6DC7BXGQ,Verified Buccaneers Ticket,P27,70.0,92.6,GMZDQOSTHIYTQ
328,S,19,primary,GJ6DC7BXGQ,Verified Buccaneers Ticket,P27,70.0,92.6,GMZDQOSTHIYTS
328,S,20,primary,GJ6DC7BXGQ,Verified Buccaneers Ticket,P27,70.0,92.6,GMZDQOSTHIZDA
328,S,21,primary,GJ6DC7BXGQ,Verified Buccaneers Ticket,P27,70.0,92.6,GMZDQOSTHIZDC
328,S,22,primary,GJ6DC7BXGQ,Verified Buccaneers Ticket,P27,70.0,92.6,GMZDQOSTHIZDE
328,S,23,primary,GJ6DCOBYGAYDAMBUPQ3TI,Aisle Seats,P27,75.0,98.93,GMZDQOSTHIZDG
328,S,24,primary,GJ6DCOBYGAYDAMBUPQ3TI,Aisle Seats,P27,75.0,98.93,GMZDQOSTHIZDI
328,T,1,resale,GN6DCMJZG43DMMJZGY2HYMJZHE4GIOJSGZRTK,,,62.0,72.23,GMZDQOSUHIYQ
328,T,2,resale,GN6DCMJZG43DMMJZGY2HYMJZHE4GIOJSGZRTK,,,62.0,72.23,GMZDQOSUHIZA
328,T,3,resale,GN6DCMJZG43DMMJZGY2HYMJZHE4GIOJSGZRTK,,,62.0,72.23,GMZDQOSUHIZQ
328,T,4,resale,GN6DCMJZG43DMMJZGY2HYMJZHE4GIOJSGZRTK,,,62.0,72.23,GMZDQOSUHI2A
328,T,5,resale,GN6DCMJZG43DMMJZGY2HYMJZHE4GIOJSGZRTK,,,62.0,72.23,GMZDQOSUHI2Q
328,T,6,resale,GN6DCMJZG43DMMJZGY2HYMJZHE4GIOJSGZRTK,,,62.0,72.23,GMZDQOSUHI3A
328,T,7,resale,GN6DCMJZG43DMMJZGY2HYMJZHE4GIOJSGZRTK,,,62.0,72.23,GMZDQOSUHI3Q
328,T,8,resale,GN6DCMJZG43DMMJZGY2HYMJZHE4GIOJSGZRTK,,,62.0,72.23,GMZDQOSUHI4A
328,T,9,resale,GN6DCMJZG43DMMJZGY2HYMJZHE4GIOJSGZRTK,,,62.0,72.23,GMZDQOSUHI4Q
328,T,10,resale,GN6DCMJZG43DMMJZGY2HYMJZHE4GIOJSGZRTK,,,62.0,72.23,GMZDQOSUHIYTA
328,T,11,resale,GN6DCMJZG43DMMJZGY2HYMJZHE4GIOJSGZRTK,,,62.0,72.23,GMZDQOSUHIYTC
328,T,12,resale,GN6DCMJZG43DMMJZGY2HYMJZHE4GIOJSGZRTK,,,62.0,72.23,GMZDQOSUHIYTE
328,T,23,primary,GJ6DCOBYGAYDAMBUPQ3TI,Aisle Seats,P27,75.0,98.93,GMZDQOSUHIZDG
328,T,24,primary,GJ6DCOBYGAYDAMBUPQ3TI,Aisle Seats,P27,75.0,98.93,GMZDQOSUHIZDI
328,U,1,primary,GJ6DCOBYGAYDAMBUPQ3TI,Aisle Seats,P27,75.0,98.93,GMZDQOSVHIYQ
328,U,2,primary,GJ6DCOBYGAYDAMBUPQ3TI,Aisle Seats,P27,75.0,98.93,GMZDQOSVHIZA
328,U,3,primary,GJ6DC7BXGQ,Verified Buccaneers Ticket,P27,70.0,92.6,GMZDQOSVHIZQ
328,U,4,primary,GJ6DC7BXGQ,Verified Buccaneers Ticket,P27,70.0,92.6,GMZDQOSVHI2A
328,U,5,primary,GJ6DC7BXGQ,Verified Buccaneers Ticket,P27,70.0,92.6,GMZDQOSVHI2Q
328,U,6,primary,GJ6DC7BXGQ,Verified Buccaneers Ticket,P27,70.0,92.6,GMZDQOSVHI3A
328,U,7,primary,GJ6DC7BXGQ,Verified Buccaneers Ticket,P27,70.0,92.6,GMZDQOSVHI3Q
328,U,8,primary,GJ6DC7BXGQ,Verified Buccaneers Ticket,P27,70.0,92.6,GMZDQOSVHI4A
328,U,11,resale,GN6DCMRVG42DSNRRHE3XYMJZHE4GIOJQGM4DK,,,59.0,68.74,GMZDQOSVHIYTC
328,U,12,resale,GN6DCMRVG42DSNRRHE3XYMJZHE4GIOJQGM4DK,,,59.0,68.74,GMZDQOSVHIYTE
328,U,23,primary,GJ6DCOBYGAYDAMBUPQ3TI,Aisle Seats,P27,75.0,98.93,GMZDQOSVHIZDG
328,U,24,primary,GJ6DCOBYGAYDAMBUPQ3TI,Aisle Seats,P27,75.0,98.93,GMZDQOSVHIZDI
328,V,1,primary,GJ6DCOBYGAYDAMBUPQ3TI,Aisle Seats,P27,75.0,98.93,GMZDQOSWHIYQ
328,V,2,primary,GJ6DCOBYGAYDAMBUPQ3TI,Aisle Seats,P27,75.0,98.93,GMZDQOSWHIZA
328,V,3,primary,GJ6DC7BXGQ,Verified Buccaneers Ticket,P27,70.0,92.6,GMZDQOSWHIZQ
328,V,4,primary,GJ6DC7BXGQ,Verified Buccaneers Ticket,P27,70.0,92.6,GMZDQOSWHI2A
328,V,17,resale,GN6DCMJZG43DMMJZGY4XYMJZHE4GIODDMEZDK,,,62.0,72.23,GMZDQOSWHIYTO
328,V,18,resale,GN6DCMJZG43DMMJZGY4XYMJZHE4GIODDMEZDK,,,62.0,72.23,GMZDQOSWHIYTQ
328,V,19,resale,GN6DCMJZG43DMMJZGY4XYMJZHE4GIODDMEZDK,,,62.0,72.23,GMZDQOSWHIYTS
328,V,20,resale,GN6DCMJZG43DMMJZGY4XYMJZHE4GIODDMEZDK,,,62.0,72.23,GMZDQOSWHIZDA
328,V,21,resale,GN6DCMJZG43DMMJZGY4XYMJZHE4GIODDMEZDK,,,62.0,72.23,GMZDQOSWHIZDC
328,V,22,resale,GN6DCMJZG43DMMJZGY4XYMJZHE4GIODDMEZDK,,,62.0,72.23,GMZDQOSWHIZDE
328,V,23,resale,GN6DCMJZG43DMMJZGY4XYMJZHE4GIODDMEZDK,,,62.0,72.23,GMZDQOSWHIZDG
328,V,24,resale,GN6DCMJZG43DMMJZGY4XYMJZHE4GIODDMEZDK,,,62.0,72.23,GMZDQOSWHIZDI
328,W,1,primary,GJ6DCOBYGAYDAMBUPQ3TI,Aisle Seats,P27,75.0,98.93,GMZDQOSXHIYQ
328,W,2,primary,GJ6DCOBYGAYDAMBUPQ3TI,Aisle Seats,P27,75.0,98.93,GMZDQOSXHIZA
328,W,3,primary,GJ6DC7BXGQ,Verified Buccaneers Ticket,P27,70.0,92.6,GMZDQOSXHIZQ
328,W,4,primary,GJ6DC7BXGQ,Verified Buccaneers Ticket,P27,70.0,92.6,GMZDQOSXHI2A
328,W,5,primary,GJ6DC7BXGQ,Verified Buccaneers Ticket,P27,70.0,92.6,GMZDQOSXHI2Q
328,W,6,primary,GJ6DC7BXGQ,Verified Buccaneers Ticket,P27,70.0,92.6,GMZDQOSXHI3A
328,W,7,primary,GJ6DC7BXGQ,Verified Buccaneers Ticket,P27,70.0,92.6,GMZDQOSXHI3Q
328,W,8,primary,GJ6DC7BXGQ,Verified Buccaneers Ticket,P27,70.0,92.6,GMZDQOSXHI4A
328,W,17,primary,GJ6DC7BXGQ,Verified Buccaneers Ticket,P27,70.0,92.6,GMZDQOSXHIYTO
328,W,18,primary,GJ6DC7BXGQ,Verified Buccaneers Ticket,P27,70.0,92.6,GMZDQOSXHIYTQ
328,W,19,primary,GJ6DC7BXGQ,Verified Buccaneers Ticket,P27,70.0,92.6,GMZDQOSXHIYTS
328,W,20,primary,GJ6DC7BXGQ,Verified Buccaneers Ticket,P27,70.0,92.6,GMZDQOSXHIZDA
328,W,21,primary,GJ6DC7BXGQ,Verified Buccaneers Ticket,P27,70.0,92.6,GMZDQOSXHIZDC
328,W,22,primary,GJ6DC7BXGQ,Verified Buccaneers Ticket,P27,70.0,92.6,GMZDQOSXHIZDE
328,W,23,primary,GJ6DCOBYGAYDAMBUPQ3TI,Aisle Seats,P27,75.0,98.93,GMZDQOSXHIZDG
328,W,24,primary,GJ6DCOBYGAYDAMBUPQ3TI,Aisle Seats,P27,75.0,98.93,GMZDQOSXHIZDI
328,WC,15,primary,GJ6DC7BXGQ,Verified Buccaneers Ticket,P27,70.0,92.6,GMZDQOSXIM5DCNI
328,WC,18,primary,GJ6DC7BXGQ,Verified Buccaneers Ticket,P27,70.0,92.6,GMZDQOSXIM5DCOA
329,AA,1,resale,GN6DCMRVG43DSNRTGY3HYMJZHE4TEOLEHBSTK,,,59.0,68.74,GMZDSOSBIE5DC
329,AA,2,resale,GN6DCMRVG43DSNRTGY3HYMJZHE4TEOLEHBSTK,,,59.0,68.74,GMZDSOSBIE5DE
329,AA,3,resale,GN6DCMRVG43DSNRTGY3HYMJZHE4TEOLEHBSTK,,,59.0,68.74,GMZDSOSBIE5DG
329,AA,4,resale,GN6DCMRVG43DSNRTGY3HYMJZHE4TEOLEHBSTK,,,59.0,68.74,GMZDSOSBIE5DI
329,AA,5,resale,GN6DCMRVG43DSNRTGY3HYMJZHE4TEOLEHBSTK,,,59.0,68.74,GMZDSOSBIE5DK
329,AA,6,resale,GN6DCMRVG43DSNRTGY3HYMJZHE4TEOLEHBSTK,,,59.0,68.74,GMZDSOSBIE5DM
329,B,16,resale,GN6DCMRTHA4DAOJXGEYHYMJZHE4GIOBZMI2DK,,,82.0,95.53,GMZDSOSCHIYTM
329,B,17,resale,GN6DCMRTHA4DAOJXGEYHYMJZHE4GIOBZMI2DK,,,82.0,95.53,GMZDSOSCHIYTO
329,CC,33,resale,GN6DCMRVG43DSNRTGY2XYMJZHE4TEOJXG5STK,,,58.0,67.57,GMZDSOSDIM5DGMY
329,CC,34,resale,GN6DCMRVG43DSNRTGY2XYMJZHE4TEOJXG5STK,,,58.0,67.57,GMZDSOSDIM5DGNA
329,CC,35,resale,GN6DCMRVG43DSNRTGY2XYMJZHE4TEOJXG5STK,,,58.0,67.57,GMZDSOSDIM5DGNI
329,D,11,resale,GN6DCMJZGEYDGMZVHA3XYMJZHE4GIOBYGI3DK,,,71.0,82.72,GMZDSOSEHIYTC
329,D,12,resale,GN6DCMJZGEYDGMZVHA3XYMJZHE4GIOBYGI3DK,,,71.0,82.72,GMZDSOSEHIYTE
329,D,13,resale,GN6DCMJZGEYDGMZVHA3XYMJZHE4GIOBYGI3DK,,,71.0,82.72,GMZDSOSEHIYTG
329,D,14,resale,GN6DCMJZGEYDGMZVHA3XYMJZHE4GIOBYGI3DK,,,71.0,82.72,GMZDSOSEHIYTI
329,D,15,resale,GN6DCMJZGEYDGMZVHA3XYMJZHE4GIOBYGI3DK,,,71.0,82.72,GMZDSOSEHIYTK
329,D,16,resale,GN6DCMJZGEYDGMZVHA3XYMJZHE4GIOBYGI3DK,,,71.0,82.72,GMZDSOSEHIYTM
329,D,17,resale,GN6DCMJZGEYDGMZVHA3XYMJZHE4GIOBYGI3DK,,,71.0,82.72,GMZDSOSEHIYTO
329,E,10,resale,GN6DCMRTG42TIMBWHAYXYMJZHEZTCNJZG4YTK,,,69.0,80.39,GMZDSOSFHIYTA
329,E,11,resale,GN6DCMRTG42TIMBWHAYXYMJZHEZTCNJZG4YTK,,,69.0,80.39,GMZDSOSFHIYTC
329,G,13,resale,GN6DCMRTG42TIMBWGY3HYMJZHEZTCNLBMI4DK,,,69.0,80.39,GMZDSOSHHIYTG
329,G,14,resale,GN6DCMRTG42TIMBWGY3HYMJZHEZTCNLBMI4DK,,,69.0,80.39,GMZDSOSHHIYTI
329,G,15,resale,GN6DCMRTG42TIMBWGY3HYMJZHEZTCNLBMI4DK,,,69.0,80.39,GMZDSOSHHIYTK
329,G,16,resale,GN6DCMRTG42TIMBWGY3HYMJZHEZTCNLBMI4DK,,,69.0,80.39,GMZDSOSHHIYTM
329,H,5,resale,GN6DCMJZGE2TOMBYGM3HYMJZHFRDCMZWMMYDK,,,67.0,78.06,GMZDSOSIHI2Q
329,H,6,resale,GN6DCMJZGE2TOMBYGM3HYMJZHFRDCMZWMMYDK,,,67.0,78.06,GMZDSOSIHI3A
329,H,7,resale,GN6DCMJZGE2TOMBYGM3HYMJZHFRDCMZWMMYDK,,,67.0,78.06,GMZDSOSIHI3Q
329,H,8,resale,GN6DCMJZGE2TOMBYGM3HYMJZHFRDCMZWMMYDK,,,67.0,78.06,GMZDSOSIHI4A
329,J,1,resale,GN6DCMRTHEZTEOJTHE3HYMJZHE4GIOBXGI2DK,,,66.0,76.89,GMZDSOSKHIYQ
329,J,2,resale,GN6DCMRTHEZTEOJTHE3HYMJZHE4GIOBXGI2DK,,,66.0,76.89,GMZDSOSKHIZA
329,J,3,resale,GN6DCMRTHEZTEOJTHE3HYMJZHE4GIOBXGI2DK,,,66.0,76.89,GMZDSOSKHIZQ
329,J,4,resale,GN6DCMRTHEZTEOJTHE3HYMJZHE4GIOBXGI2DK,,,66.0,76.89,GMZDSOSKHI2A
329,J,5,resale,GN6DCMRTHEZTEOJTHE3HYMJZHE4GIOBXGI2DK,,,66.0,76.89,GMZDSOSKHI2Q
329,J,6,resale,GN6DCMRTHEZTEOJTHE3HYMJZHE4GIOBXGI2DK,,,66.0,76.89,GMZDSOSKHI3A
329,K,3,primary,GJ6DC7BXGQ,Verified Buccaneers Ticket,P27,70.0,92.6,GMZDSOSLHIZQ
329,K,4,primary,GJ6DC7BXGQ,Verified Buccaneers Ticket,P27,70.0,92.6,GMZDSOSLHI2A
329,K,5,primary,GJ6DC7BXGQ,Verified Buccaneers Ticket,P27,70.0,92.6,GMZDSOSLHI2Q
329,K,6,primary,GJ6DC7BXGQ,Verified Buccaneers Ticket,P27,70.0,92.6,GMZDSOSLHI3A
329,K,7,primary,GJ6DC7BXGQ,Verified Buccaneers Ticket,P27,70.0,92.6,GMZDSOSLHI3Q
329,K,8,primary,GJ6DC7BXGQ,Verified Buccaneers Ticket,P27,70.0,92.6,GMZDSOSLHI4A
329,K,9,primary,GJ6DC7BXGQ,Verified Buccaneers Ticket,P27,70.0,92.6,GMZDSOSLHI4Q
329,K,10,primary,GJ6DC7BXGQ,Verified Buccaneers Ticket,P27,70.0,92.6,GMZDSOSLHIYTA
329,L,23,primary,GJ6DCOBYGAYDAMBUPQ3TI,Aisle Seats,P27,75.0,98.93,GMZDSOSMHIZDG
329,L,24,primary,GJ6DCOBYGAYDAMBUPQ3TI,Aisle Seats,P27,75.0,98.93,GMZDSOSMHIZDI
329,M,1,resale,GN6DCMJZG42TIOJTGMYHYMJZHE4GIODBGBSTK,,,64.0,74.56,GMZDSOSNHIYQ
329,M,2,resale,GN6DCMJZG42TIOJTGMYHYMJZHE4GIODBGBSTK,,,64.0,74.56,GMZDSOSNHIZA
329,M,3,resale,GN6DCMJZG42TIOJTGMYHYMJZHE4GIODBGBSTK,,,64.0,74.56,GMZDSOSNHIZQ
329,M,12,resale,GN6DCMRTG42TIMBWGYYXYMJZHEZTCNJXGQZTK,,,64.0,74.56,GMZDSOSNHIYTE
329,M,13,resale,GN6DCMRTG42TIMBWGYYXYMJZHEZTCNJXGQZTK,,,64.0,74.56,GMZDSOSNHIYTG
329,M,14,resale,GN6DCMRTG42TIMBWGYYXYMJZHEZTCNJXGQZTK,,,64.0,74.56,GMZDSOSNHIYTI
329,M,15,resale,GN6DCMRTG42TIMBWGYYXYMJZHEZTCNJXGQZTK,,,64.0,74.56,GMZDSOSNHIYTK
329,N,3,primary,GJ6DC7BXGQ,Verified Buccaneers Ticket,P27,70.0,92.6,GMZDSOSOHIZQ
329,N,4,primary,GJ6DC7BXGQ,Verified Buccaneers Ticket,P27,70.0,92.6,GMZDSOSOHI2A
329,N,18,resale,GN6DCMRTG42TIMBWGY2XYMJZHEZTCNJSG42TK,,,64.0,74.56,GMZDSOSOHIYTQ
329,N,19,resale,GN6DCMRTG42TIMBWGY2XYMJZHEZTCNJSG42TK,,,64.0,74.56,GMZDSOSOHIYTS
329,N,25,primary,GJ6DCOBYGAYDAMBUPQ3TI,Aisle Seats,P27,75.0,98.93,GMZDSOSOHIZDK
329,N,26,primary,GJ6DCOBYGAYDAMBUPQ3TI,Aisle Seats,P27,75.0,98.93,GMZDSOSOHIZDM
329,P,1,primary,GJ6DCOBYGAYDAMBUPQ3TI,Aisle Seats,P27,75.0,98.93,GMZDSOSQHIYQ
329,P,2,primary,GJ6DCOBYGAYDAMBUPQ3TI,Aisle Seats,P27,75.0,98.93,GMZDSOSQHIZA
329,P,3,primary,GJ6DC7BXGQ,Verified Buccaneers Ticket,P27,70.0,92.6,GMZDSOSQHIZQ
329,P,4,primary,GJ6DC7BXGQ,Verified Buccaneers Ticket,P27,70.0,92.6,GMZDSOSQHI2A
329,P,5,primary,GJ6DC7BXGQ,Verified Buccaneers Ticket,P27,70.0,92.6,GMZDSOSQHI2Q
329,P,6,primary,GJ6DC7BXGQ,Verified Buccaneers Ticket,P27,70.0,92.6,GMZDSOSQHI3A
329,P,7,primary,GJ6DC7BXGQ,Verified Buccaneers Ticket,P27,70.0,92.6,GMZDSOSQHI3Q
329,P,8,primary,GJ6DC7BXGQ,Verified Buccaneers Ticket,P27,70.0,92.6,GMZDSOSQHI4A
329,P,20,primary,GJ6DC7BXGQ,Verified Buccaneers Ticket,P27,70.0,92.6,GMZDSOSQHIZDA
329,P,21,primary,GJ6DC7BXGQ,Verified Buccaneers Ticket,P27,70.0,92.6,GMZDSOSQHIZDC
329,P,22,primary,GJ6DC7BXGQ,Verified Buccaneers Ticket,P27,70.0,92.6,GMZDSOSQHIZDE
329,R,1,primary,GJ6DCOBYGAYDAMBUPQ3TI,Aisle Seats,P27,75.0,98.93,GMZDSOSSHIYQ
329,R,2,primary,GJ6DCOBYGAYDAMBUPQ3TI,Aisle Seats,P27,75.0,98.93,GMZDSOSSHIZA
329,R,20,primary,GJ6DC7BXGQ,Verified Buccaneers Ticket,P27,70.0,92.6,GMZDSOSSHIZDA
329,R,21,primary,GJ6DC7BXGQ,Verified Buccaneers Ticket,P27,70.0,92.6,GMZDSOSSHIZDC
329,R,22,primary,GJ6DC7BXGQ,Verified Buccaneers Ticket,P27,70.0,92.6,GMZDSOSSHIZDE
329,T,16,resale,GN6DCMJZHEYDCMZZGA2XYMJZHE4GIODBGEYTK,,,60.0,69.9,GMZDSOSUHIYTM
329,T,17,resale,GN6DCMJZHEYDCMZZGA2XYMJZHE4GIODBGEYTK,,,60.0,69.9,GMZDSOSUHIYTO
329,T,18,resale,GN6DCMJZHEYDCMZZGA2XYMJZHE4GIODBGEYTK,,,60.0,69.9,GMZDSOSUHIYTQ
329,T,19,resale,GN6DCMJZHEYDCMZZGA2XYMJZHE4GIODBGEYTK,,,60.0,69.9,GMZDSOSUHIYTS
329,T,20,resale,GN6DCMJZHEYDCMZZGA2XYMJZHE4GIODBGEYTK,,,60.0,69.9,GMZDSOSUHIZDA
329,T,21,resale,GN6DCMJZHEYDCMZZGA2XYMJZHE4GIODBGEYTK,,,60.0,69.9,GMZDSOSUHIZDC
329,U,1,primary,GJ6DCOBYGAYDAMBUPQ3TI,Aisle Seats,P27,75.0,98.93,GMZDSOSVHIYQ
329,U,2,primary,GJ6DCOBYGAYDAMBUPQ3TI,Aisle Seats,P27,75.0,98.93,GMZDSOSVHIZA
329,V,1,primary,GJ6DCOBYGAYDAMBUPQ3TI,Aisle Seats,P27,75.0,98.93,GMZDSOSWHIYQ
329,V,2,primary,GJ6DCOBYGAYDAMBUPQ3TI,Aisle Seats,P27,75.0,98.93,GMZDSOSWHIZA
329,V,3,primary,GJ6DC7BXGQ,Verified Buccaneers Ticket,P27,70.0,92.6,GMZDSOSWHIZQ
329,V,4,primary,GJ6DC7BXGQ,Verified Buccaneers Ticket,P27,70.0,92.6,GMZDSOSWHI2A
329,V,5,primary,GJ6DC7BXGQ,Verified Buccaneers Ticket,P27,70.0,92.6,GMZDSOSWHI2Q
329,V,6,primary,GJ6DC7BXGQ,Verified Buccaneers Ticket,P27,70.0,92.6,GMZDSOSWHI3A
329,V,7,primary,GJ6DC7BXGQ,Verified Buccaneers Ticket,P27,70.0,92.6,GMZDSOSWHI3Q
329,V,8,primary,GJ6DC7BXGQ,Verified Buccaneers Ticket,P27,70.0,92.6,GMZDSOSWHI4A
329,V,9,primary,GJ6DC7BXGQ,Verified Buccaneers Ticket,P27,70.0,92.6,GMZDSOSWHI4Q
329,V,29,primary,GJ6DCOBYGAYDAMBUPQ3TI,Aisle Seats,P27,75.0,98.93,GMZDSOSWHIZDS
329,V,30,primary,GJ6DCOBYGAYDAMBUPQ3TI,Aisle Seats,P27,75.0,98.93,GMZDSOSWHIZTA
329,W,13,resale,GN6DCMRVGUYDKMZZGU2XYMJZHE4GIOBVMRRTK,,,62.0,72.23,GMZDSOSXHIYTG
329,W,14,resale,GN6DCMRVGUYDKMZZGU2XYMJZHE4GIOBVMRRTK,,,62.0,72.23,GMZDSOSXHIYTI
329,W,15,resale,GN6DCMRVGUYDKMZZGU2XYMJZHE4GIOBVMRRTK,,,62.0,72.23,GMZDSOSXHIYTK
329,W,16,resale,GN6DCMRVGUYDKMZZGU2XYMJZHE4GIOBVMRRTK,,,62.0,72.23,GMZDSOSXHIYTM
329,W,17,resale,GN6DCMRVGUYDKMZZGU2XYMJZHE4GIOBVMRRTK,,,62.0,72.23,GMZDSOSXHIYTO
329,W,18,resale,GN6DCMRVGUYDKMZZGU2XYMJZHE4GIOBVMRRTK,,,62.0,72.23,GMZDSOSXHIYTQ
329,W,19,resale,GN6DCMRVGUYDKMZZGU2XYMJZHE4GIOBVMRRTK,,,62.0,72.23,GMZDSOSXHIYTS
329,W,20,resale,GN6DCMRVGUYDKMZZGU2XYMJZHE4GIOBVMRRTK,,,62.0,72.23,GMZDSOSXHIZDA
329,W,21,resale,GN6DCMRVGUYDKMZZGU2XYMJZHE4GIOBVMRRTK,,,62.0,72.23,GMZDSOSXHIZDC
329,W,22,resale,GN6DCMRVGUYDKMZZGU2XYMJZHE4GIOBVMRRTK,,,62.0,72.23,GMZDSOSXHIZDE
329,W,23,resale,GN6DCMRVGUYDKMZZGU2XYMJZHE4GIOBVMRRTK,,,62.0,72.23,GMZDSOSXHIZDG
329,W,24,primary,GJ6DC7BXGQ,Verified Buccaneers Ticket,P27,70.0,92.6,GMZDSOSXHIZDI
329,W,25,primary,GJ6DC7BXGQ,Verified Buccaneers Ticket,P27,70.0,92.6,GMZDSOSXHIZDK
329,W,26,primary,GJ6DC7BXGQ,Verified Buccaneers Ticket,P27,70.0,92.6,GMZDSOSXHIZDM
329,W,27,primary,GJ6DC7BXGQ,Verified Buccaneers Ticket,P27,70.0,92.6,GMZDSOSXHIZDO
329,W,28,primary,GJ6DC7BXGQ,Verified Buccaneers Ticket,P27,70.0,92.6,GMZDSOSXHIZDQ
329,W,29,primary,GJ6DC7BXGQ,Verified Buccaneers Ticket,P27,70.0,92.6,GMZDSOSXHIZDS
329,W,30,primary,GJ6DCOBYGAYDAMBUPQ3TI,Aisle Seats,P27,75.0,98.93,GMZDSOSXHIZTA
329,W,31,primary,GJ6DCOBYGAYDAMBUPQ3TI,Aisle Seats,P27,75.0,98.93,GMZDSOSXHIZTC
329,WC,5,primary,GJ6DC7BXGQ,Verified Buccaneers Ticket,P27,70.0,92.6,GMZDSOSXIM5DK
329,WC,6,primary,GJ6DC7BXGQ,Verified Buccaneers Ticket,P27,70.0,92.6,GMZDSOSXIM5DM
329,WC,7,primary,GJ6DC7BXGQ,Verified Buccaneers Ticket,P27,70.0,92.6,GMZDSOSXIM5DO
329,WC,8,primary,GJ6DC7BXGQ,Verified Buccaneers Ticket,P27,70.0,92.6,GMZDSOSXIM5DQ
330,C,24,resale,GN6DCMJZGEYDGMZZGA4HYMJZHE4GIODGMJRTK,,,72.0,83.88,GMZTAOSDHIZDI
330,C,25,resale,GN6DCMJZGEYDGMZZGA4HYMJZHE4GIODGMJRTK,,,72.0,83.88,GMZTAOSDHIZDK
330,C,26,resale,GN6DCMJZGEYDGMZZGA4HYMJZHE4GIODGMJRTK,,,72.0,83.88,GMZTAOSDHIZDM
330,D,20,primary,GJ6DC7BXGQ,Verified Buccaneers Ticket,P27,70.0,92.6,GMZTAOSEHIZDA
330,E,19,resale,GN6DCMJZGE3TSNJTGQ4XYMJZHBSGMNBTMFRTK,,,65.0,75.73,GMZTAOSFHIYTS
330,E,20,resale,GN6DCMJZGE3TSNJTGQ4XYMJZHBSGMNBTMFRTK,,,65.0,75.73,GMZTAOSFHIZDA
330,E,21,resale,GN6DCMJZGE3TSNJTGQ4XYMJZHBSGMNBTMFRTK,,,65.0,75.73,GMZTAOSFHIZDC
330,E,22,resale,GN6DCMJZGE3TSNJTGQ4XYMJZHBSGMNBTMFRTK,,,65.0,75.73,GMZTAOSFHIZDE
330,E,23,resale,GN6DCMJZGE3TSNJTGQ4XYMJZHBSGMNBTMFRTK,,,65.0,75.73,GMZTAOSFHIZDG
330,E,24,resale,GN6DCMJZGE3TSNJTGQ4XYMJZHBSGMNBTMFRTK,,,65.0,75.73,GMZTAOSFHIZDI
330,F,24,primary,GJ6DC7BXGQ,Verified Buccaneers Ticket,P27,70.0,92.6,GMZTAOSGHIZDI
330,G,21,primary,GJ6DC7BXGQ,Verified Buccaneers Ticket,P27,70.0,92.6,GMZTAOSHHIZDC
330,J,25,resale,GN6DCMJZGE2TOMBZGYYXYMJZHFRDCMZSG42DK,,,62.0,72.23,GMZTAOSKHIZDK
330,J,26,resale,GN6DCMJZGE2TOMBZGYYXYMJZHFRDCMZSG42DK,,,62.0,72.23,GMZTAOSKHIZDM
330,J,27,resale,GN6DCMJZGE2TOMBZGYYXYMJZHFRDCMZSG42DK,,,62.0,72.23,GMZTAOSKHIZDO
330,J,28,resale,GN6DCMJZGE2TOMBZGYYXYMJZHFRDCMZSG42DK,,,62.0,72.23,GMZTAOSKHIZDQ
330,K,13,resale,GN6DCMJZGEYDGNZSGA2XYMJZHE4GIODCMY2TK,,,70.0,81.55,GMZTAOSLHIYTG
330,K,14,resale,GN6DCMJZGEYDGNZSGA2XYMJZHE4GIODCMY2TK,,,70.0,81.55,GMZTAOSLHIYTI
330,K,15,resale,GN6DCMJZGEYDGNZSGA2XYMJZHE4GIODCMY2TK,,,70.0,81.55,GMZTAOSLHIYTK
330,K,16,resale,GN6DCMJZGEYDGNZSGA2XYMJZHE4GIODCMY2TK,,,70.0,81.55,GMZTAOSLHIYTM
330,K,17,resale,GN6DCMJZGEYDGNZSGA2XYMJZHE4GIODCMY2TK,,,70.0,81.55,GMZTAOSLHIYTO
330,K,18,resale,GN6DCMJZGEYDGNZSGA2XYMJZHE4GIODCMY2TK,,,70.0,81.55,GMZTAOSLHIYTQ
330,K,19,resale,GN6DCMJZGEYDGNZSGA2XYMJZHE4GIODCMY2TK,,,70.0,81.55,GMZTAOSLHIYTS
330,K,20,resale,GN6DCMJZGEYDGNZSGA2XYMJZHE4GIODCMY2TK,,,70.0,81.55,GMZTAOSLHIZDA
330,K,21,resale,GN6DCMJZGEYDGNZSGA2XYMJZHE4GIODCMY2TK,,,70.0,81.55,GMZTAOSLHIZDC
330,K,22,resale,GN6DCMJZGEYDGNZSGA2XYMJZHE4GIODCMY2TK,,,70.0,81.55,GMZTAOSLHIZDE
330,K,23,resale,GN6DCMJZGEYDGNZSGA2XYMJZHE4GIODCMY2TK,,,70.0,81.55,GMZTAOSLHIZDG
330,K,24,resale,GN6DCMJZGEYDGNZSGA2XYMJZHE4GIODCMY2TK,,,70.0,81.55,GMZTAOSLHIZDI
330,K,25,resale,GN6DCMJZGEYDGNZSGA2XYMJZHE4GIODCMY2TK,,,70.0,81.55,GMZTAOSLHIZDK
330,M,12,primary,GJ6DCOBYGAYDAMBUPQ3TI,Aisle Seats,P27,75.0,98.93,GMZTAOSNHIYTE
330,M,13,primary,GJ6DCOBYGAYDAMBUPQ3TI,Aisle Seats,P27,75.0,98.93,GMZTAOSNHIYTG
330,M,23,primary,GJ6DC7BXGQ,Verified Buccaneers Ticket,P27,70.0,92.6,GMZTAOSNHIZDG
330,M,24,primary,GJ6DC7BXGQ,Verified Buccaneers Ticket,P27,70.0,92.6,GMZTAOSNHIZDI
330,M,25,primary,GJ6DC7BXGQ,Verified Buccaneers Ticket,P27,70.0,92.6,GMZTAOSNHIZDK
330,M,26,primary,GJ6DC7BXGQ,Verified Buccaneers Ticket,P27,70.0,92.6,GMZTAOSNHIZDM
330,N,21,primary,GJ6DC7BXGQ,Verified Buccaneers Ticket,P27,70.0,92.6,GMZTAOSOHIZDC
330,N,22,primary,GJ6DC7BXGQ,Verified Buccaneers Ticket,P27,70.0,92.6,GMZTAOSOHIZDE
330,N,23,primary,GJ6DC7BXGQ,Verified Buccaneers Ticket,P27,70.0,92.6,GMZTAOSOHIZDG
330,N,24,primary,GJ6DC7BXGQ,Verified Buccaneers Ticket,P27,70.0,92.6,GMZTAOSOHIZDI
330,N,31,primary,GJ6DCOBYGAYDAMBUPQ3TI,Aisle Seats,P27,75.0,98.93,GMZTAOSOHIZTC
330,N,32,primary,GJ6DCOBYGAYDAMBUPQ3TI,Aisle Seats,P27,75.0,98.93,GMZTAOSOHIZTE
330,P,10,primary,GJ6DCOBYGAYDAMBUPQ3TI,Aisle Seats,P27,75.0,98.93,GMZTAOSQHIYTA
330,P,11,primary,GJ6DCOBYGAYDAMBUPQ3TI,Aisle Seats,P27,75.0,98.93,GMZTAOSQHIYTC
330,R,10,primary,GJ6DCOBYGAYDAMBUPQ3TI,Aisle Seats,P27,75.0,98.93,GMZTAOSSHIYTA
330,R,11,primary,GJ6DCOBYGAYDAMBUPQ3TI,Aisle Seats,P27,75.0,98.93,GMZTAOSSHIYTC
330,R,17,primary,GJ6DC7BXGQ,Verified Buccaneers Ticket,P27,70.0,92.6,GMZTAOSSHIYTO
330,R,18,primary,GJ6DC7BXGQ,Verified Buccaneers Ticket,P27,70.0,92.6,GMZTAOSSHIYTQ
330,R,19,primary,GJ6DC7BXGQ,Verified Buccaneers Ticket,P27,70.0,92.6,GMZTAOSSHIYTS
330,R,20,primary,GJ6DC7BXGQ,Verified Buccaneers Ticket,P27,70.0,92.6,GMZTAOSSHIZDA
330,R,23,primary,GJ6DC7BXGQ,Verified Buccaneers Ticket,P27,70.0,92.6,GMZTAOSSHIZDG
330,R,24,primary,GJ6DC7BXGQ,Verified Buccaneers Ticket,P27,70.0,92.6,GMZTAOSSHIZDI
330,R,25,primary,GJ6DC7BXGQ,Verified Buccaneers Ticket,P27,70.0,92.6,GMZTAOSSHIZDK
330,R,26,primary,GJ6DC7BXGQ,Verified Buccaneers Ticket,P27,70.0,92.6,GMZTAOSSHIZDM
330,R,27,primary,GJ6DC7BXGQ,Verified Buccaneers Ticket,P27,70.0,92.6,GMZTAOSSHIZDO
330,R,28,primary,GJ6DC7BXGQ,Verified Buccaneers Ticket,P27,70.0,92.6,GMZTAOSSHIZDQ
330,R,29,primary,GJ6DCOBYGAYDAMBUPQ3TI,Aisle Seats,P27,75.0,98.93,GMZTAOSSHIZDS
330,R,30,primary,GJ6DCOBYGAYDAMBUPQ3TI,Aisle Seats,P27,75.0,98.93,GMZTAOSSHIZTA
330,R,31,primary,GJ6DCOBYGAYDAMBUPQ3TI,Aisle Seats,P27,75.0,98.93,GMZTAOSSHIZTC
330,R,32,primary,GJ6DCOBYGAYDAMBUPQ3TI,Aisle Seats,P27,75.0,98.93,GMZTAOSSHIZTE
330,S,24,primary,GJ6DC7BXGQ,Verified Buccaneers Ticket,P27,70.0,92.6,GMZTAOSTHIZDI
330,S,25,primary,GJ6DC7BXGQ,Verified Buccaneers Ticket,P27,70.0,92.6,GMZTAOSTHIZDK
330,S,26,primary,GJ6DC7BXGQ,Verified Buccaneers Ticket,P27,70.0,92.6,GMZTAOSTHIZDM
330,S,27,primary,GJ6DC7BXGQ,Verified Buccaneers Ticket,P27,70.0,92.6,GMZTAOSTHIZDO
330,S,28,primary,GJ6DC7BXGQ,Verified Buccaneers Ticket,P27,70.0,92.6,GMZTAOSTHIZDQ
330,S,29,primary,GJ6DC7BXGQ,Verified Buccaneers Ticket,P27,70.0,92.6,GMZTAOSTHIZDS
330,T,8,primary,GJ6DCOBYGAYDAMBUPQ3TI,Aisle Seats,P27,75.0,98.93,GMZTAOSUHI4A
330,T,9,primary,GJ6DCOBYGAYDAMBUPQ3TI,Aisle Seats,P27,75.0,98.93,GMZTAOSUHI4Q
330,T,10,primary,GJ6DC7BXGQ,Verified Buccaneers Ticket,P27,70.0,92.6,GMZTAOSUHIYTA
330,T,11,primary,GJ6DC7BXGQ,Verified Buccaneers Ticket,P27,70.0,92.6,GMZTAOSUHIYTC
330,T,12,primary,GJ6DC7BXGQ,Verified Buccaneers Ticket,P27,70.0,92.6,GMZTAOSUHIYTE
330,T,29,primary,GJ6DC7BXGQ,Verified Buccaneers Ticket,P27,70.0,92.6,GMZTAOSUHIZDS
330,T,30,primary,GJ6DC7BXGQ,Verified Buccaneers Ticket,P27,70.0,92.6,GMZTAOSUHIZTA
330,U,7,primary,GJ6DCOBYGAYDAMBUPQ3TI,Aisle Seats,P27,75.0,98.93,GMZTAOSVHI3Q
330,U,8,primary,GJ6DCOBYGAYDAMBUPQ3TI,Aisle Seats,P27,75.0,98.93,GMZTAOSVHI4A
330,U,15,primary,GJ6DC7BXGQ,Verified Buccaneers Ticket,P27,70.0,92.6,GMZTAOSVHIYTK
330,U,16,primary,GJ6DC7BXGQ,Verified Buccaneers Ticket,P27,70.0,92.6,GMZTAOSVHIYTM
330,U,17,primary,GJ6DC7BXGQ,Verified Buccaneers Ticket,P27,70.0,92.6,GMZTAOSVHIYTO
330,U,18,primary,GJ6DC7BXGQ,Verified Buccaneers Ticket,P27,70.0,92.6,GMZTAOSVHIYTQ
330,U,31,primary,GJ6DCOBYGAYDAMBUPQ3TI,Aisle Seats,P27,75.0,98.93,GMZTAOSVHIZTC
330,U,32,primary,GJ6DCOBYGAYDAMBUPQ3TI,Aisle Seats,P27,75.0,98.93,GMZTAOSVHIZTE
330,V,7,primary,GJ6DCOBYGAYDAMBUPQ3TI,Aisle Seats,P27,75.0,98.93,GMZTAOSWHI3Q
330,V,8,primary,GJ6DCOBYGAYDAMBUPQ3TI,Aisle Seats,P27,75.0,98.93,GMZTAOSWHI4A
330,V,9,primary,GJ6DC7BXGQ,Verified Buccaneers Ticket,P27,70.0,92.6,GMZTAOSWHI4Q
330,V,10,primary,GJ6DC7BXGQ,Verified Buccaneers Ticket,P27,70.0,92.6,GMZTAOSWHIYTA
330,V,11,primary,GJ6DC7BXGQ,Verified Buccaneers Ticket,P27,70.0,92.6,GMZTAOSWHIYTC
330,V,12,primary,GJ6DC7BXGQ,Verified Buccaneers Ticket,P27,70.0,92.6,GMZTAOSWHIYTE
330,V,31,primary,GJ6DCOBYGAYDAMBUPQ3TI,Aisle Seats,P27,75.0,98.93,GMZTAOSWHIZTC
330,V,32,primary,GJ6DCOBYGAYDAMBUPQ3TI,Aisle Seats,P27,75.0,98.93,GMZTAOSWHIZTE
330,W,6,primary,GJ6DCOBYGAYDAMBUPQ3TI,Aisle Seats,P27,75.0,98.93,GMZTAOSXHI3A
330,W,7,primary,GJ6DCOBYGAYDAMBUPQ3TI,Aisle Seats,P27,75.0,98.93,GMZTAOSXHI3Q
330,W,20,primary,GJ6DC7BXGQ,Verified Buccaneers Ticket,P27,70.0,92.6,GMZTAOSXHIZDA
330,W,21,primary,GJ6DC7BXGQ,Verified Buccaneers Ticket,P27,70.0,92.6,GMZTAOSXHIZDC
330,W,22,primary,GJ6DC7BXGQ,Verified Buccaneers Ticket,P27,70.0,92.6,GMZTAOSXHIZDE
330,W,23,primary,GJ6DC7BXGQ,Verified Buccaneers Ticket,P27,70.0,92.6,GMZTAOSXHIZDG
330,W,24,primary,GJ6DC7BXGQ,Verified Buccaneers Ticket,P27,70.0,92.6,GMZTAOSXHIZDI
330,W,25,primary,GJ6DC7BXGQ,Verified Buccaneers Ticket,P27,70.0,92.6,GMZTAOSXHIZDK
330,W,26,primary,GJ6DC7BXGQ,Verified Buccaneers Ticket,P27,70.0,92.6,GMZTAOSXHIZDM
331,CC,11,primary,GJ6DC7BXGQ,Verified Buccaneers Ticket,P27,70.0,92.6,GMZTCOSDIM5DCMI
331,CC,12,primary,GJ6DC7BXGQ,Verified Buccaneers Ticket,P27,70.0,92.6,GMZTCOSDIM5DCMQ
331,CC,13,primary,GJ6DC7BXGQ,Verified Buccaneers Ticket,P27,70.0,92.6,GMZTCOSDIM5DCMY
331,CC,14,primary,GJ6DC7BXGQ,Verified Buccaneers Ticket,P27,70.0,92.6,GMZTCOSDIM5DCNA
331,CC,15,primary,GJ6DC7BXGQ,Verified Buccaneers Ticket,P27,70.0,92.6,GMZTCOSDIM5DCNI
331,CC,16,primary,GJ6DC7BXGQ,Verified Buccaneers Ticket,P27,70.0,92.6,GMZTCOSDIM5DCNQ
331,D,5,primary,GJ6DC7BXGQ,Verified Buccaneers Ticket,P27,70.0,92.6,GMZTCOSEHI2Q
331,D,14,resale,GN6DCMJZGEYDGNZQGQ4HYMJZHE4GIODDGZRTK,,,76.0,88.54,GMZTCOSEHIYTI
331,D,15,resale,GN6DCMJZGEYDGNZQGQ4HYMJZHE4GIODDGZRTK,,,76.0,88.54,GMZTCOSEHIYTK
331,D,16,resale,GN6DCMJZGEYDGNZQGQ4HYMJZHE4GIODDGZRTK,,,76.0,88.54,GMZTCOSEHIYTM
331,F,10,primary,GJ6DC7BXGQ,Verified Buccaneers Ticket,P27,70.0,92.6,GMZTCOSGHIYTA
331,G,5,resale,GN6DCMJZGE2TOMBYGAZHYMJZHEZTCNRQMUZDK,,,93.0,108.35,GMZTCOSHHI2Q
331,G,6,resale,GN6DCMJZGE2TOMBYGAZHYMJZHEZTCNRQMUZDK,,,93.0,108.35,GMZTCOSHHI3A
331,J,11,resale,GN6DCMRVG42DCNBUG43HYMJZHE4DGZTDMNTDK,,,130.0,151.45,GMZTCOSKHIYTC
331,J,12,resale,GN6DCMRVG42DCNBUG43HYMJZHE4DGZTDMNTDK,,,130.0,151.45,GMZTCOSKHIYTE
331,J,13,resale,GN6DCMRVG42DCNBUG43HYMJZHE4DGZTDMNTDK,,,130.0,151.45,GMZTCOSKHIYTG
331,J,14,resale,GN6DCMRVG42DCNBUG43HYMJZHE4DGZTDMNTDK,,,130.0,151.45,GMZTCOSKHIYTI
331,K,1,resale,GN6DCMRVGMZTAOBWG43HYMJZHE4GIOBVMUZDK,,,68.0,79.22,GMZTCOSLHIYQ
331,K,2,resale,GN6DCMRVGMZTAOBWG43HYMJZHE4GIOBVMUZDK,,,68.0,79.22,GMZTCOSLHIZA
331,K,5,primary,GJ6DC7BXGQ,Verified Buccaneers Ticket,P27,70.0,92.6,GMZTCOSLHI2Q
331,K,6,primary,GJ6DC7BXGQ,Verified Buccaneers Ticket,P27,70.0,92.6,GMZTCOSLHI3A
331,K,7,primary,GJ6DC7BXGQ,Verified Buccaneers Ticket,P27,70.0,92.6,GMZTCOSLHI3Q
331,M,18,resale,GN6DCMRVGY4DMNJUGE4XYMJZHE4GIOJSHA3TK,,,66.0,76.89,GMZTCOSNHIYTQ
331,M,19,resale,GN6DCMRVGY4DMNJUGE4XYMJZHE4GIOJSHA3TK,,,66.0,76.89,GMZTCOSNHIYTS
331,M,20,resale,GN6DCMRVGY4DMNJUGE4XYMJZHE4GIOJSHA3TK,,,66.0,76.89,GMZTCOSNHIZDA
331,M,21,resale,GN6DCMRVGY4DMNJUGE4XYMJZHE4GIOJSHA3TK,,,66.0,76.89,GMZTCOSNHIZDC
331,M,22,resale,GN6DCMRVGY4DMNJUGE4XYMJZHE4GIOJSHA3TK,,,66.0,76.89,GMZTCOSNHIZDE
331,M,23,resale,GN6DCMRVGY4DMNJUGE4XYMJZHE4GIOJSHA3TK,,,66.0,76.89,GMZTCOSNHIZDG
331,M,24,resale,GN6DCMRVGY4DMNJUGE4XYMJZHE4GIOJSHA3TK,,,66.0,76.89,GMZTCOSNHIZDI
331,P,11,primary,GJ6DC7BXGQ,Verified Buccaneers Ticket,P27,70.0,92.6,GMZTCOSQHIYTC
331,P,12,primary,GJ6DC7BXGQ,Verified Buccaneers Ticket,P27,70.0,92.6,GMZTCOSQHIYTE
331,S,4,primary,GJ6DC7BXGQ,Verified Buccaneers Ticket,P27,70.0,92.6,GMZTCOSTHI2A
331,S,5,primary,GJ6DC7BXGQ,Verified Buccaneers Ticket,P27,70.0,92.6,GMZTCOSTHI2Q
331,S,6,primary,GJ6DC7BXGQ,Verified Buccaneers Ticket,P27,70.0,92.6,GMZTCOSTHI3A
331,S,7,primary,GJ6DC7BXGQ,Verified Buccaneers Ticket,P27,70.0,92.6,GMZTCOSTHI3Q
331,S,12,primary,GJ6DC7BXGQ,Verified Buccaneers Ticket,P27,70.0,92.6,GMZTCOSTHIYTE
331,S,18,primary,GJ6DC7BXGQ,Verified Buccaneers Ticket,P27,70.0,92.6,GMZTCOSTHIYTQ
331,S,19,primary,GJ6DC7BXGQ,Verified Buccaneers Ticket,P27,70.0,92.6,GMZTCOSTHIYTS
331,S,20,resale,GN6DCMRVGIYDSMJXGY2HYMJZHA4DSZJVGJRDK,,,111.0,129.32,GMZTCOSTHIZDA
331,S,21,resale,GN6DCMRVGIYDSMJXGY2HYMJZHA4DSZJVGJRDK,,,111.0,129.32,GMZTCOSTHIZDC
331,T,13,primary,GJ6DC7BXGQ,Verified Buccaneers Ticket,P27,70.0,92.6,GMZTCOSUHIYTG
331,T,14,primary,GJ6DC7BXGQ,Verified Buccaneers Ticket,P27,70.0,92.6,GMZTCOSUHIYTI
331,T,15,primary,GJ6DC7BXGQ,Verified Buccaneers Ticket,P27,70.0,92.6,GMZTCOSUHIYTK
331,T,16,primary,GJ6DC7BXGQ,Verified Buccaneers Ticket,P27,70.0,92.6,GMZTCOSUHIYTM
331,T,17,primary,GJ6DC7BXGQ,Verified Buccaneers Ticket,P27,70.0,92.6,GMZTCOSUHIYTO
331,U,10,primary,GJ6DC7BXGQ,Verified Buccaneers Ticket,P27,70.0,92.6,GMZTCOSVHIYTA
331,U,11,primary,GJ6DC7BXGQ,Verified Buccaneers Ticket,P27,70.0,92.6,GMZTCOSVHIYTC
331,U,12,primary,GJ6DC7BXGQ,Verified Buccaneers Ticket,P27,70.0,92.6,GMZTCOSVHIYTE
331,U,23,resale,GN6DCMRVGIYDSMJXGM2HYMJZHA4DSZJUGYZDK,,,111.0,129.32,GMZTCOSVHIZDG
331,U,24,resale,GN6DCMRVGIYDSMJXGM2HYMJZHA4DSZJUGYZDK,,,111.0,129.32,GMZTCOSVHIZDI
331,V,1,primary,GJ6DCOBYGAYDAMBUPQ3TI,Aisle Seats,P27,75.0,98.93,GMZTCOSWHIYQ
331,V,2,primary,GJ6DCOBYGAYDAMBUPQ3TI,Aisle Seats,P27,75.0,98.93,GMZTCOSWHIZA
331,V,6,primary,GJ6DC7BXGQ,Verified Buccaneers Ticket,P27,70.0,92.6,GMZTCOSWHI3A
331,V,7,primary,GJ6DC7BXGQ,Verified Buccaneers Ticket,P27,70.0,92.6,GMZTCOSWHI3Q
331,V,8,primary,GJ6DC7BXGQ,Verified Buccaneers Ticket,P27,70.0,92.6,GMZTCOSWHI4A
331,V,9,primary,GJ6DC7BXGQ,Verified Buccaneers Ticket,P27,70.0,92.6,GMZTCOSWHI4Q
331,V,10,primary,GJ6DC7BXGQ,Verified Buccaneers Ticket,P27,70.0,92.6,GMZTCOSWHIYTA
331,W,9,resale,GN6DCMJZG43DMMJZG4YHYMJZHE4GIOJRME4DK,,,64.0,74.56,GMZTCOSXHI4Q
331,W,10,resale,GN6DCMJZG43DMMJZG4YHYMJZHE4GIOJRME4DK,,,64.0,74.56,GMZTCOSXHIYTA
331,W,11,resale,GN6DCMJZG43DMMJZG4YHYMJZHE4GIOJRME4DK,,,64.0,74.56,GMZTCOSXHIYTC
331,W,12,resale,GN6DCMJZG43DMMJZG4YHYMJZHE4GIOJRME4DK,,,64.0,74.56,GMZTCOSXHIYTE
331,W,13,resale,GN6DCMJZG43DMMJZG4YHYMJZHE4GIOJRME4DK,,,64.0,74.56,GMZTCOSXHIYTG
331,W,14,resale,GN6DCMJZG43DMMJZG4YHYMJZHE4GIOJRME4DK,,,64.0,74.56,GMZTCOSXHIYTI
331,W,15,resale,GN6DCMJZG43DMMJZG4YHYMJZHE4GIOJRME4DK,,,64.0,74.56,GMZTCOSXHIYTK
331,W,16,resale,GN6DCMJZG43DMMJZG4YHYMJZHE4GIOJRME4DK,,,64.0,74.56,GMZTCOSXHIYTM
331,W,17,resale,GN6DCMJZG43DMMJZG4YHYMJZHE4GIOJRME4DK,,,64.0,74.56,GMZTCOSXHIYTO
331,W,18,resale,GN6DCMJZG43DMMJZG4YHYMJZHE4GIOJRME4DK,,,64.0,74.56,GMZTCOSXHIYTQ
331,W,19,resale,GN6DCMJZG43DMMJZG4YHYMJZHE4GIOJRME4DK,,,64.0,74.56,GMZTCOSXHIYTS
331,WC,11,primary,GJ6DC7BXGQ,Verified Buccaneers Ticket,P27,70.0,92.6,GMZTCOSXIM5DCMI
331,WC,14,primary,GJ6DC7BXGQ,Verified Buccaneers Ticket,P27,70.0,92.6,GMZTCOSXIM5DCNA
331,X,7,primary,GJ6DC7BXGQ,Verified Buccaneers Ticket,P27,70.0,92.6,GMZTCOSYHI3Q
331,X,8,primary,GJ6DC7BXGQ,Verified Buccaneers Ticket,P27,70.0,92.6,GMZTCOSYHI4A
331,X,9,primary,GJ6DC7BXGQ,Verified Buccaneers Ticket,P27,70.0,92.6,GMZTCOSYHI4Q
331,X,10,primary,GJ6DC7BXGQ,Verified Buccaneers Ticket,P27,70.0,92.6,GMZTCOSYHIYTA
331,Y,3,primary,GJ6DC7BXGQ,Verified Buccaneers Ticket,P27,70.0,92.6,GMZTCOSZHIZQ
331,Y,4,primary,GJ6DC7BXGQ,Verified Buccaneers Ticket,P27,70.0,92.6,GMZTCOSZHI2A
331,Y,5,primary,GJ6DC7BXGQ,Verified Buccaneers Ticket,P27,70.0,92.6,GMZTCOSZHI2Q
331,Y,6,primary,GJ6DC7BXGQ,Verified Buccaneers Ticket,P27,70.0,92.6,GMZTCOSZHI3A
332,CC,1,resale,GN6DCMRUGU2DEOJTGUZXYMJZHE4GIOBZMJRTK,,,75.0,87.38,GMZTEOSDIM5DC
332,CC,2,resale,GN6DCMRUGU2DEOJTGUZXYMJZHE4GIOBZMJRTK,,,75.0,87.38,GMZTEOSDIM5DE
332,CC,3,resale,GN6DCMRUGU2DEOJTGUZXYMJZHE4GIOBZMJRTK,,,75.0,87.38,GMZTEOSDIM5DG
332,CC,4,resale,GN6DCMRUGU2DEOJTGUZXYMJZHE4GIOBZMJRTK,,,75.0,87.38,GMZTEOSDIM5DI
332,CC,5,resale,GN6DCMRUGU2DEOJTGUZXYMJZHE4GIOBZMJRTK,,,75.0,87.38,GMZTEOSDIM5DK
332,CC,6,resale,GN6DCMRUGU2DEOJTGUZXYMJZHE4GIOBZMJRTK,,,75.0,87.38,GMZTEOSDIM5DM
332,CC,7,resale,GN6DCMRUGU2DEOJTGUZXYMJZHE4GIOBZMJRTK,,,75.0,87.38,GMZTEOSDIM5DO
332,CC,8,resale,GN6DCMRUGU2DEOJTGUZXYMJZHE4GIOBZMJRTK,,,75.0,87.38,GMZTEOSDIM5DQ
332,CC,9,resale,GN6DCMRUGU2DEOJTGUZXYMJZHE4GIOBZMJRTK,,,75.0,87.38,GMZTEOSDIM5DS
332,CC,10,resale,GN6DCMRUGU2DEOJTGUZXYMJZHE4GIOBZMJRTK,,,75.0,87.38,GMZTEOSDIM5DCMA
332,CC,11,resale,GN6DCMRUGU2DEOJTGUZXYMJZHE4GIOBZMJRTK,,,75.0,87.38,GMZTEOSDIM5DCMI
332,CC,12,resale,GN6DCMRUGU2DEOJTGUZXYMJZHE4GIOBZMJRTK,,,75.0,87.38,GMZTEOSDIM5DCMQ
332,D,5,resale,GN6DCMRSGQ2TKNJZGQYXYMJZHE4GIODCMEYDK,,,92.0,107.18,GMZTEOSEHI2Q
332,D,6,resale,GN6DCMRSGQ2TKNJZGQYXYMJZHE4GIODCMEYDK,,,92.0,107.18,GMZTEOSEHI3A
332,D,14,resale,GN6DCMRVGIYTCMZYGQZXYMJZHA4GCY3BHFTDK,,,144.0,167.76,GMZTEOSEHIYTI
332,D,15,resale,GN6DCMRVGIYTCMZYGQZXYMJZHA4GCY3BHFTDK,,,144.0,167.76,GMZTEOSEHIYTK
332,DD,2,resale,GN6DCMRUGIZDIOJRGEZHYMJZHE4GIOBVMRQTK,,,71.0,82.72,GMZTEOSEIQ5DE
332,DD,3,resale,GN6DCMRUGIZDIOJRGEZHYMJZHE4GIOBVMRQTK,,,71.0,82.72,GMZTEOSEIQ5DG
332,DD,4,resale,GN6DCMRUGIZDIOJRGEZHYMJZHE4GIOBVMRQTK,,,71.0,82.72,GMZTEOSEIQ5DI
332,DD,5,resale,GN6DCMRUGIZDIOJRGEZHYMJZHE4GIOBVMRQTK,,,71.0,82.72,GMZTEOSEIQ5DK
332,E,8,resale,GN6DCMRVGIYTCMZYGQZHYMJZHA4GCY3FGBTDK,,,144.0,167.76,GMZTEOSFHI4A
332,E,9,resale,GN6DCMRVGIYTCMZYGQZHYMJZHA4GCY3FGBTDK,,,144.0,167.76,GMZTEOSFHI4Q
332,E,10,primary,GJ6DC7BXGM,Verified Buccaneers Ticket,P26,80.0,105.35,GMZTEOSFHIYTA
332,E,11,primary,GJ6DC7BXGM,Verified Buccaneers Ticket,P26,80.0,105.35,GMZTEOSFHIYTC
332,E,12,resale,GN6DCMJZGQ3TANJSGA4HYMJZHE4GIYRTGJSTK,,,85.0,99.03,GMZTEOSFHIYTE
332,E,13,resale,GN6DCMJZGQ3TANJSGA4HYMJZHE4GIYRTGJSTK,,,85.0,99.03,GMZTEOSFHIYTG
332,E,14,resale,GN6DCMJZGQ3TANJSGA4HYMJZHE4GIYRTGJSTK,,,85.0,99.03,GMZTEOSFHIYTI
332,E,15,resale,GN6DCMJZGQ3TANJSGA4HYMJZHE4GIYRTGJSTK,,,85.0,99.03,GMZTEOSFHIYTK
332,F,1,resale,GN6DCMRUGU2DEOBYGU2XYMJZHE4GIOJQMZRTK,,,85.0,99.03,GMZTEOSGHIYQ
332,F,2,resale,GN6DCMRUGU2DEOBYGU2XYMJZHE4GIOJQMZRTK,,,85.0,99.03,GMZTEOSGHIZA
332,F,3,resale,GN6DCMRUGU2DEOBYGU2XYMJZHE4GIOJQMZRTK,,,85.0,99.03,GMZTEOSGHIZQ
332,F,4,resale,GN6DCMRUGU2DEOBYGU2XYMJZHE4GIOJQMZRTK,,,85.0,99.03,GMZTEOSGHI2A
332,H,13,resale,GN6DCMRVGY4DMNJUGEYHYMJZHE4GIOJQGJRDK,,,84.0,97.86,GMZTEOSIHIYTG
332,H,14,resale,GN6DCMRVGY4DMNJUGEYHYMJZHE4GIOJQGJRDK,,,84.0,97.86,GMZTEOSIHIYTI
332,H,15,resale,GN6DCMRVGY4DMNJUGEYHYMJZHE4GIOJQGJRDK,,,84.0,97.86,GMZTEOSIHIYTK
332,J,8,resale,GN6DCMJZGE2TOMBYGI3HYMJZHEZTCNJUMUZTK,,,91.0,106.02,GMZTEOSKHI4A
332,J,9,resale,GN6DCMJZGE2TOMBYGI3HYMJZHEZTCNJUMUZTK,,,91.0,106.02,GMZTEOSKHI4Q
332,J,10,resale,GN6DCMJZGE2TOMBYGI3HYMJZHEZTCNJUMUZTK,,,91.0,106.02,GMZTEOSKHIYTA
332,J,11,resale,GN6DCMJZGE2TOMBYGI3HYMJZHEZTCNJUMUZTK,,,91.0,106.02,GMZTEOSKHIYTC
332,K,21,resale,GN6DCMJZGE2TOMBZGMYHYMJZHEZTCNJSG5SDK,,,88.0,102.52,GMZTEOSLHIZDC
332,K,22,resale,GN6DCMJZGE2TOMBZGMYHYMJZHEZTCNJSG5SDK,,,88.0,102.52,GMZTEOSLHIZDE
332,K,23,resale,GN6DCMJZGE2TOMBZGMYHYMJZHEZTCNJSG5SDK,,,88.0,102.52,GMZTEOSLHIZDG
332,K,24,resale,GN6DCMJZGE2TOMBZGMYHYMJZHEZTCNJSG5SDK,,,88.0,102.52,GMZTEOSLHIZDI
332,L,1,primary,GJ6DCOBYGAYDAMBUPQ3TG,Aisle Seats,P26,85.0,111.73,GMZTEOSMHIYQ
332,L,2,primary,GJ6DCOBYGAYDAMBUPQ3TG,Aisle Seats,P26,85.0,111.73,GMZTEOSMHIZA
332,L,3,primary,GJ6DC7BXGM,Verified Buccaneers Ticket,P26,80.0,105.35,GMZTEOSMHIZQ
332,L,17,primary,GJ6DC7BXGM,Verified Buccaneers Ticket,P26,80.0,105.35,GMZTEOSMHIYTO
332,L,18,primary,GJ6DC7BXGM,Verified Buccaneers Ticket,P26,80.0,105.35,GMZTEOSMHIYTQ
332,M,1,primary,GJ6DCOBYGAYDAMBUPQ3TG,Aisle Seats,P26,85.0,111.73,GMZTEOSNHIYQ
332,M,2,primary,GJ6DCOBYGAYDAMBUPQ3TG,Aisle Seats,P26,85.0,111.73,GMZTEOSNHIZA
332,M,3,primary,GJ6DC7BXGM,Verified Buccaneers Ticket,P26,80.0,105.35,GMZTEOSNHIZQ
332,M,4,primary,GJ6DC7BXGM,Verified Buccaneers Ticket,P26,80.0,105.35,GMZTEOSNHI2A
332,M,5,primary,GJ6DC7BXGM,Verified Buccaneers Ticket,P26,80.0,105.35,GMZTEOSNHI2Q
332,M,18,resale,GN6DCMJZGE2TOMBYG42HYMJZHEZTCNLBMMYDK,,,81.0,94.37,GMZTEOSNHIYTQ
332,M,19,resale,GN6DCMJZGE2TOMBYG42HYMJZHEZTCNLBMMYDK,,,81.0,94.37,GMZTEOSNHIYTS
332,M,20,resale,GN6DCMJZGE2TOMBYG42HYMJZHEZTCNLBMMYDK,,,81.0,94.37,GMZTEOSNHIZDA
332,M,21,resale,GN6DCMJZGE2TOMBYG42HYMJZHEZTCNLBMMYDK,,,81.0,94.37,GMZTEOSNHIZDC
332,N,1,primary,GJ6DCOBYGAYDAMBUPQ3TG,Aisle Seats,P26,85.0,111.73,GMZTEOSOHIYQ
332,N,2,primary,GJ6DCOBYGAYDAMBUPQ3TG,Aisle Seats,P26,85.0,111.73,GMZTEOSOHIZA
332,N,10,primary,GJ6DC7BXGM,Verified Buccaneers Ticket,P26,80.0,105.35,GMZTEOSOHIYTA
332,N,11,primary,GJ6DC7BXGM,Verified Buccaneers Ticket,P26,80.0,105.35,GMZTEOSOHIYTC
332,N,12,primary,GJ6DC7BXGM,Verified Buccaneers Ticket,P26,80.0,105.35,GMZTEOSOHIYTE
332,N,13,primary,GJ6DC7BXGM,Verified Buccaneers Ticket,P26,80.0,105.35,GMZTEOSOHIYTG
332,N,14,primary,GJ6DC7BXGM,Verified Buccaneers Ticket,P26,80.0,105.35,GMZTEOSOHIYTI
332,N,19,primary,GJ6DC7BXGM,Verified Buccaneers Ticket,P26,80.0,105.35,GMZTEOSOHIYTS
332,N,20,primary,GJ6DC7BXGM,Verified Buccaneers Ticket,P26,80.0,105.35,GMZTEOSOHIZDA
332,P,1,primary,GJ6DCOBYGAYDAMBUPQ3TG,Aisle Seats,P26,85.0,111.73,GMZTEOSQHIYQ
332,P,2,primary,GJ6DCOBYGAYDAMBUPQ3TG,Aisle Seats,P26,85.0,111.73,GMZTEOSQHIZA
332,P,3,primary,GJ6DC7BXGM,Verified Buccaneers Ticket,P26,80.0,105.35,GMZTEOSQHIZQ
332,P,4,primary,GJ6DC7BXGM,Verified Buccaneers Ticket,P26,80.0,105.35,GMZTEOSQHI2A
332,R,1,resale,GN6DCMJZG43DMMJVG4YXYMJZHE4GIODCME2TK,,,82.0,95.53,GMZTEOSSHIYQ
332,R,2,resale,GN6DCMJZG43DMMJVG4YXYMJZHE4GIODCME2TK,,,82.0,95.53,GMZTEOSSHIZA
332,R,3,resale,GN6DCMJZG43DMMJVG4YXYMJZHE4GIODCME2TK,,,82.0,95.53,GMZTEOSSHIZQ
332,R,4,resale,GN6DCMJZG43DMMJVG4YXYMJZHE4GIODCME2TK,,,82.0,95.53,GMZTEOSSHI2A
332,R,5,resale,GN6DCMJZG43DMMJVG4YXYMJZHE4GIODCME2TK,,,82.0,95.53,GMZTEOSSHI2Q
332,R,6,resale,GN6DCMJZG43DMMJVG4YXYMJZHE4GIODCME2TK,,,82.0,95.53,GMZTEOSSHI3A
332,R,7,resale,GN6DCMJZG43DMMJVG4YXYMJZHE4GIODCME2TK,,,82.0,95.53,GMZTEOSSHI3Q
332,R,8,resale,GN6DCMJZG43DMMJVG4YXYMJZHE4GIODCME2TK,,,82.0,95.53,GMZTEOSSHI4A
332,R,9,resale,GN6DCMJZG43DMMJVG4YXYMJZHE4GIODCME2TK,,,82.0,95.53,GMZTEOSSHI4Q
332,R,10,resale,GN6DCMJZG43DMMJVG4YXYMJZHE4GIODCME2TK,,,82.0,95.53,GMZTEOSSHIYTA
332,R,11,resale,GN6DCMJZG43DMMJVG4YXYMJZHE4GIODCME2TK,,,82.0,95.53,GMZTEOSSHIYTC
332,R,12,resale,GN6DCMJZG43DMMJVG4YXYMJZHE4GIODCME2TK,,,82.0,95.53,GMZTEOSSHIYTE
332,S,1,primary,GJ6DCOBYGAYDAMBUPQ3TG,Aisle Seats,P26,85.0,111.73,GMZTEOSTHIYQ
332,S,2,primary,GJ6DCOBYGAYDAMBUPQ3TG,Aisle Seats,P26,85.0,111.73,GMZTEOSTHIZA
332,S,18,primary,GJ6DC7BXGM,Verified Buccaneers Ticket,P26,80.0,105.35,GMZTEOSTHIYTQ
332,S,19,primary,GJ6DC7BXGM,Verified Buccaneers Ticket,P26,80.0,105.35,GMZTEOSTHIYTS
332,S,20,primary,GJ6DC7BXGM,Verified Buccaneers Ticket,P26,80.0,105.35,GMZTEOSTHIZDA
332,S,21,primary,GJ6DC7BXGM,Verified Buccaneers Ticket,P26,80.0,105.35,GMZTEOSTHIZDC
332,S,22,primary,GJ6DC7BXGM,Verified Buccaneers Ticket,P26,80.0,105.35,GMZTEOSTHIZDE
332,S,23,primary,GJ6DCOBYGAYDAMBUPQ3TG,Aisle Seats,P26,85.0,111.73,GMZTEOSTHIZDG
332,S,24,primary,GJ6DCOBYGAYDAMBUPQ3TG,Aisle Seats,P26,85.0,111.73,GMZTEOSTHIZDI
332,T,1,primary,GJ6DCOBYGAYDAMBUPQ3TG,Aisle Seats,P26,85.0,111.73,GMZTEOSUHIYQ
332,T,2,primary,GJ6DCOBYGAYDAMBUPQ3TG,Aisle Seats,P26,85.0,111.73,GMZTEOSUHIZA
332,T,3,primary,GJ6DC7BXGM,Verified Buccaneers Ticket,P26,80.0,105.35,GMZTEOSUHIZQ
332,T,4,primary,GJ6DC7BXGM,Verified Buccaneers Ticket,P26,80.0,105.35,GMZTEOSUHI2A
332,T,5,primary,GJ6DC7BXGM,Verified Buccaneers Ticket,P26,80.0,105.35,GMZTEOSUHI2Q
332,T,6,primary,GJ6DC7BXGM,Verified Buccaneers Ticket,P26,80.0,105.35,GMZTEOSUHI3A
332,T,7,primary,GJ6DC7BXGM,Verified Buccaneers Ticket,P26,80.0,105.35,GMZTEOSUHI3Q
332,T,8,primary,GJ6DC7BXGM,Verified Buccaneers Ticket,P26,80.0,105.35,GMZTEOSUHI4A
332,T,19,primary,GJ6DC7BXGM,Verified Buccaneers Ticket,P26,80.0,105.35,GMZTEOSUHIYTS
332,T,20,primary,GJ6DC7BXGM,Verified Buccaneers Ticket,P26,80.0,105.35,GMZTEOSUHIZDA
332,U,1,primary,GJ6DCOBYGAYDAMBUPQ3TG,Aisle Seats,P26,85.0,111.73,GMZTEOSVHIYQ
332,U,2,primary,GJ6DCOBYGAYDAMBUPQ3TG,Aisle Seats,P26,85.0,111.73,GMZTEOSVHIZA
332,U,13,primary,GJ6DC7BXGM,Verified Buccaneers Ticket,P26,80.0,105.35,GMZTEOSVHIYTG
332,U,14,primary,GJ6DC7BXGM,Verified Buccaneers Ticket,P26,80.0,105.35,GMZTEOSVHIYTI
332,U,15,primary,GJ6DC7BXGM,Verified Buccaneers Ticket,P26,80.0,105.35,GMZTEOSVHIYTK
332,U,16,primary,GJ6DC7BXGM,Verified Buccaneers Ticket,P26,80.0,105.35,GMZTEOSVHIYTM
332,U,17,primary,GJ6DC7BXGM,Verified Buccaneers Ticket,P26,80.0,105.35,GMZTEOSVHIYTO
332,U,18,primary,GJ6DC7BXGM,Verified Buccaneers Ticket,P26,80.0,105.35,GMZTEOSVHIYTQ
332,U,19,primary,GJ6DC7BXGM,Verified Buccaneers Ticket,P26,80.0,105.35,GMZTEOSVHIYTS
332,U,20,primary,GJ6DC7BXGM,Verified Buccaneers Ticket,P26,80.0,105.35,GMZTEOSVHIZDA
332,U,21,primary,GJ6DC7BXGM,Verified Buccaneers Ticket,P26,80.0,105.35,GMZTEOSVHIZDC
332,U,22,primary,GJ6DC7BXGM,Verified Buccaneers Ticket,P26,80.0,105.35,GMZTEOSVHIZDE
332,V,1,primary,GJ6DCOBYGAYDAMBUPQ3TG,Aisle Seats,P26,85.0,111.73,GMZTEOSWHIYQ
332,V,2,primary,GJ6DCOBYGAYDAMBUPQ3TG,Aisle Seats,P26,85.0,111.73,GMZTEOSWHIZA
332,V,3,primary,GJ6DC7BXGM,Verified Buccaneers Ticket,P26,80.0,105.35,GMZTEOSWHIZQ
332,V,4,primary,GJ6DC7BXGM,Verified Buccaneers Ticket,P26,80.0,105.35,GMZTEOSWHI2A
332,V,5,primary,GJ6DC7BXGM,Verified Buccaneers Ticket,P26,80.0,105.35,GMZTEOSWHI2Q
332,V,6,primary,GJ6DC7BXGM,Verified Buccaneers Ticket,P26,80.0,105.35,GMZTEOSWHI3A
332,V,7,primary,GJ6DC7BXGM,Verified Buccaneers Ticket,P26,80.0,105.35,GMZTEOSWHI3Q
332,V,8,primary,GJ6DC7BXGM,Verified Buccaneers Ticket,P26,80.0,105.35,GMZTEOSWHI4A
332,V,19,primary,GJ6DC7BXGM,Verified Buccaneers Ticket,P26,80.0,105.35,GMZTEOSWHIYTS
332,V,20,primary,GJ6DC7BXGM,Verified Buccaneers Ticket,P26,80.0,105.35,GMZTEOSWHIZDA
332,V,21,primary,GJ6DC7BXGM,Verified Buccaneers Ticket,P26,80.0,105.35,GMZTEOSWHIZDC
332,V,22,primary,GJ6DC7BXGM,Verified Buccaneers Ticket,P26,80.0,105.35,GMZTEOSWHIZDE
332,W,6,resale,GN6DCMJZG43DMMJXGI3XYMJZHE4GIOJQGUZDK,,,76.0,88.54,GMZTEOSXHI3A
332,W,7,resale,GN6DCMJZG43DMMJXGI3XYMJZHE4GIOJQGUZDK,,,76.0,88.54,GMZTEOSXHI3Q
332,W,8,resale,GN6DCMJZG43DMMJXGI3XYMJZHE4GIOJQGUZDK,,,76.0,88.54,GMZTEOSXHI4A
332,W,9,resale,GN6DCMJZG43DMMJXGI3XYMJZHE4GIOJQGUZDK,,,76.0,88.54,GMZTEOSXHI4Q
332,W,10,resale,GN6DCMJZG43DMMJXGI3XYMJZHE4GIOJQGUZDK,,,76.0,88.54,GMZTEOSXHIYTA
332,W,11,resale,GN6DCMJZG43DMMJXGI3XYMJZHE4GIOJQGUZDK,,,76.0,88.54,GMZTEOSXHIYTC
332,W,12,resale,GN6DCMJZG43DMMJXGI3XYMJZHE4GIOJQGUZDK,,,76.0,88.54,GMZTEOSXHIYTE
332,W,13,resale,GN6DCMJZG43DMMJXGI3XYMJZHE4GIOJQGUZDK,,,76.0,88.54,GMZTEOSXHIYTG
332,W,22,primary,GJ6DC7BXGM,Verified Buccaneers Ticket,P26,80.0,105.35,GMZTEOSXHIZDE
332,W,23,primary,GJ6DCOBYGAYDAMBUPQ3TG,Aisle Seats,P26,85.0,111.73,GMZTEOSXHIZDG
332,W,24,primary,GJ6DCOBYGAYDAMBUPQ3TG,Aisle Seats,P26,85.0,111.73,GMZTEOSXHIZDI
332,Z,3,primary,GJ6DC7BXGM,Verified Buccaneers Ticket,P26,80.0,105.35,GMZTEOS2HIZQ
332,Z,4,primary,GJ6DC7BXGM,Verified Buccaneers Ticket,P26,80.0,105.35,GMZTEOS2HI2A
333,C,7,resale,GN6DCMRUGQ4TQOBXG43HYMJZHFSTONRUMMYTK,,,115.0,133.98,GMZTGOSDHI3Q
333,C,8,resale,GN6DCMRUGQ4TQOBXG43HYMJZHFSTONRUMMYTK,,,115.0,133.98,GMZTGOSDHI4A
333,C,23,resale,GN6DCMRVGIYDSNZXGAZHYMJZHFSTQMRVGEYDK,,,137.0,159.61,GMZTGOSDHIZDG
333,C,24,resale,GN6DCMRVGIYDSNZXGAZHYMJZHFSTQMRVGEYDK,,,137.0,159.61,GMZTGOSDHIZDI
333,D,21,resale,GN6DCMJZGI3TQOBUGQZHYMJZHFQTMYRUMJRTK,,,80.0,93.2,GMZTGOSEHIZDC
333,D,22,resale,GN6DCMJZGI3TQOBUGQZHYMJZHFQTMYRUMJRTK,,,80.0,93.2,GMZTGOSEHIZDE
333,E,3,resale,GN6DCMJZGQ3TANJSGIYHYMJZHE2DKYTCGJSDK,,,125.0,145.63,GMZTGOSFHIZQ
333,E,4,resale,GN6DCMJZGQ3TANJSGIYHYMJZHE2DKYTCGJSDK,,,125.0,145.63,GMZTGOSFHI2A
333,E,5,resale,GN6DCMJZGQ3TANJSGIYHYMJZHE2DKYTCGJSDK,,,125.0,145.63,GMZTGOSFHI2Q
333,E,6,resale,GN6DCMJZGQ3TANJSGIYHYMJZHE2DKYTCGJSDK,,,125.0,145.63,GMZTGOSFHI3A
333,E,7,resale,GN6DCMJZGQ3TANJSGIYHYMJZHE2DKYTCGJSDK,,,125.0,145.63,GMZTGOSFHI3Q
333,E,8,resale,GN6DCMJZGQ3TANJSGIYHYMJZHE2DKYTCGJSDK,,,125.0,145.63,GMZTGOSFHI4A
333,E,9,resale,GN6DCMJZGQ3TANJSGIYHYMJZHE2DKYTCGJSDK,,,125.0,145.63,GMZTGOSFHI4Q
333,E,10,resale,GN6DCMJZGQ3TANJSGIYHYMJZHE2DKYTCGJSDK,,,125.0,145.63,GMZTGOSFHIYTA
333,E,11,resale,GN6DCMJZGQ3TANJSGIYHYMJZHE2DKYTCGJSDK,,,125.0,145.63,GMZTGOSFHIYTC
333,E,12,resale,GN6DCMJZGQ3TANJSGIYHYMJZHE2DKYTCGJSDK,,,125.0,145.63,GMZTGOSFHIYTE
333,E,13,resale,GN6DCMJZGQ3TANJSGIYHYMJZHE2DKYTCGJSDK,,,125.0,145.63,GMZTGOSFHIYTG
333,E,14,resale,GN6DCMJZGQ3TANJSGIYHYMJZHE2DKYTCGJSDK,,,125.0,145.63,GMZTGOSFHIYTI
333,E,24,resale,GN6DCMRWGA2DINJYGY3XYMJZHFSWGYTBMU3TK,,,98.0,114.17,GMZTGOSFHIZDI
333,G,3,resale,GN6DCMJZGE2DIMJVGQ2XYMJZHE4GIODGMNQTK,,,105.0,122.33,GMZTGOSHHIZQ
333,G,4,resale,GN6DCMJZGE2DIMJVGQ2XYMJZHE4GIODGMNQTK,,,105.0,122.33,GMZTGOSHHI2A
333,G,5,resale,GN6DCMJZGE2DIMJVGQ2XYMJZHE4GIODGMNQTK,,,105.0,122.33,GMZTGOSHHI2Q
333,G,6,resale,GN6DCMJZGE2DIMJVGQ2XYMJZHE4GIODGMNQTK,,,105.0,122.33,GMZTGOSHHI3A
333,G,7,resale,GN6DCMJZGE2DIMJVGQ2XYMJZHE4GIODGMNQTK,,,105.0,122.33,GMZTGOSHHI3Q
333,G,8,resale,GN6DCMJZGE2DIMJVGQ2XYMJZHE4GIODGMNQTK,,,105.0,122.33,GMZTGOSHHI4A
333,G,9,resale,GN6DCMJZGE2DIMJVGQ2XYMJZHE4GIODGMNQTK,,,105.0,122.33,GMZTGOSHHI4Q
333,G,10,resale,GN6DCMJZGE2DIMJVGQ2XYMJZHE4GIODGMNQTK,,,105.0,122.33,GMZTGOSHHIYTA
333,G,11,resale,GN6DCMJZGE2DIMJVGQ2XYMJZHE4GIODGMNQTK,,,105.0,122.33,GMZTGOSHHIYTC
333,G,12,resale,GN6DCMJZGE2DIMJVGQ2XYMJZHE4GIODGMNQTK,,,105.0,122.33,GMZTGOSHHIYTE
333,G,13,resale,GN6DCMJZGE2DIMJVGQ2XYMJZHE4GIODGMNQTK,,,105.0,122.33,GMZTGOSHHIYTG
333,G,14,resale,GN6DCMJZGE2DIMJVGQ2XYMJZHE4GIODGMNQTK,,,105.0,122.33,GMZTGOSHHIYTI
333,J,9,primary,GJ6DC7BXGI,Verified Buccaneers Ticket,P25,92.0,120.75,GMZTGOSKHI4Q
333,J,10,primary,GJ6DC7BXGI,Verified Buccaneers Ticket,P25,92.0,120.75,GMZTGOSKHIYTA
333,J,11,resale,GN6DCMRUHAZTMOBZGIZHYMJZHE4GIODCGA2DK,,,97.0,113.01,GMZTGOSKHIYTC
333,J,12,resale,GN6DCMRUHAZTMOBZGIZHYMJZHE4GIODCGA2DK,,,97.0,113.01,GMZTGOSKHIYTE
333,J,13,resale,GN6DCMRUHAZTMOBZGIZHYMJZHE4GIODCGA2DK,,,97.0,113.01,GMZTGOSKHIYTG
333,J,14,resale,GN6DCMRUHAZTMOBZGIZHYMJZHE4GIODCGA2DK,,,97.0,113.01,GMZTGOSKHIYTI
333,J,15,resale,GN6DCMRUHAZTMOBZGIZHYMJZHE4GIODCGA2DK,,,97.0,113.01,GMZTGOSKHIYTK
333,J,16,resale,GN6DCMRUHAZTMOBZGIZHYMJZHE4GIODCGA2DK,,,97.0,113.01,GMZTGOSKHIYTM
333,K,9,primary,GJ6DC7BXGI,Verified Buccaneers Ticket,P25,92.0,120.75,GMZTGOSLHI4Q
333,K,10,primary,GJ6DC7BXGI,Verified Buccaneers Ticket,P25,92.0,120.75,GMZTGOSLHIYTA
333,K,11,primary,GJ6DC7BXGI,Verified Buccaneers Ticket,P25,92.0,120.75,GMZTGOSLHIYTC
333,K,12,primary,GJ6DC7BXGI,Verified Buccaneers Ticket,P25,92.0,120.75,GMZTGOSLHIYTE
333,L,7,primary,GJ6DC7BXGI,Verified Buccaneers Ticket,P25,92.0,120.75,GMZTGOSMHI3Q
333,L,8,primary,GJ6DC7BXGI,Verified Buccaneers Ticket,P25,92.0,120.75,GMZTGOSMHI4A
333,L,11,resale,GN6DCMRTGMYDMMZXHE3HYMJZHEZTCNJVMIZDK,,,112.0,130.48,GMZTGOSMHIYTC
333,L,12,resale,GN6DCMRTGMYDMMZXHE3HYMJZHEZTCNJVMIZDK,,,112.0,130.48,GMZTGOSMHIYTE
333,L,13,primary,GJ6DC7BXGI,Verified Buccaneers Ticket,P25,92.0,120.75,GMZTGOSMHIYTG
333,L,14,primary,GJ6DC7BXGI,Verified Buccaneers Ticket,P25,92.0,120.75,GMZTGOSMHIYTI
333,M,5,primary,GJ6DC7BXGI,Verified Buccaneers Ticket,P25,92.0,120.75,GMZTGOSNHI2Q
333,M,6,primary,GJ6DC7BXGI,Verified Buccaneers Ticket,P25,92.0,120.75,GMZTGOSNHI3A
333,M,7,primary,GJ6DC7BXGI,Verified Buccaneers Ticket,P25,92.0,120.75,GMZTGOSNHI3Q
333,M,8,primary,GJ6DC7BXGI,Verified Buccaneers Ticket,P25,92.0,120.75,GMZTGOSNHI4A
333,M,9,primary,GJ6DC7BXGI,Verified Buccaneers Ticket,P25,92.0,120.75,GMZTGOSNHI4Q
333,M,10,primary,GJ6DC7BXGI,Verified Buccaneers Ticket,P25,92.0,120.75,GMZTGOSNHIYTA
333,M,11,primary,GJ6DC7BXGI,Verified Buccaneers Ticket,P25,92.0,120.75,GMZTGOSNHIYTC
333,M,12,primary,GJ6DC7BXGI,Verified Buccaneers Ticket,P25,92.0,120.75,GMZTGOSNHIYTE
333,N,5,primary,GJ6DC7BXGI,Verified Buccaneers Ticket,P25,92.0,120.75,GMZTGOSOHI2Q
333,N,6,primary,GJ6DC7BXGI,Verified Buccaneers Ticket,P25,92.0,120.75,GMZTGOSOHI3A
333,N,7,primary,GJ6DC7BXGI,Verified Buccaneers Ticket,P25,92.0,120.75,GMZTGOSOHI3Q
333,N,8,primary,GJ6DC7BXGI,Verified Buccaneers Ticket,P25,92.0,120.75,GMZTGOSOHI4A
333,P,1,resale,GN6DCMRWGA2DINJYG4YHYMJZHFSWGYRVMQYDK,,,93.0,108.35,GMZTGOSQHIYQ
333,P,2,resale,GN6DCMRWGA2DINJYG4YHYMJZHFSWGYRVMQYDK,,,93.0,108.35,GMZTGOSQHIZA
333,P,3,resale,GN6DCMRWGA2DINJYG4YHYMJZHFSWGYRVMQYDK,,,93.0,108.35,GMZTGOSQHIZQ
333,P,4,resale,GN6DCMRWGA2DINJYG4YHYMJZHFSWGYRVMQYDK,,,93.0,108.35,GMZTGOSQHI2A
333,P,15,primary,GJ6DC7BXGI,Verified Buccaneers Ticket,P25,92.0,120.75,GMZTGOSQHIYTK
333,P,16,primary,GJ6DC7BXGI,Verified Buccaneers Ticket,P25,92.0,120.75,GMZTGOSQHIYTM
333,P,17,primary,GJ6DC7BXGI,Verified Buccaneers Ticket,P25,92.0,120.75,GMZTGOSQHIYTO
333,P,18,primary,GJ6DC7BXGI,Verified Buccaneers Ticket,P25,92.0,120.75,GMZTGOSQHIYTQ
333,P,19,primary,GJ6DC7BXGI,Verified Buccaneers Ticket,P25,92.0,120.75,GMZTGOSQHIYTS
333,P,20,primary,GJ6DC7BXGI,Verified Buccaneers Ticket,P25,92.0,120.75,GMZTGOSQHIZDA
333,P,21,primary,GJ6DC7BXGI,Verified Buccaneers Ticket,P25,92.0,120.75,GMZTGOSQHIZDC
333,P,22,primary,GJ6DC7BXGI,Verified Buccaneers Ticket,P25,92.0,120.75,GMZTGOSQHIZDE
333,P,23,primary,GJ6DCOBYGAYDAMBUPQ3TE,Aisle Seats,P25,97.0,127.08,GMZTGOSQHIZDG
333,R,9,resale,GN6DCMRWGA2DINJYG4ZHYMJZHFSWGYTCMM2TK,,,93.0,108.35,GMZTGOSSHI4Q
333,R,10,resale,GN6DCMRWGA2DINJYG4ZHYMJZHFSWGYTCMM2TK,,,93.0,108.35,GMZTGOSSHIYTA
334,B,17,resale,GN6DCMJZGE3TEMJSGQYHYMJZHEZTCNJXMM3TK,,,127.0,147.96,GMZTIOSCHIYTO
334,B,18,resale,GN6DCMJZGE3TEMJSGQYHYMJZHEZTCNJXMM3TK,,,127.0,147.96,GMZTIOSCHIYTQ
334,E,8,resale,GN6DCMRUHAZTMOBYHEYHYMJZHFSTONZQGA2DK,,,115.0,133.98,GMZTIOSFHI4A
334,E,9,resale,GN6DCMRUHAZTMOBYHEYHYMJZHFSTONZQGA2DK,,,115.0,133.98,GMZTIOSFHI4Q
334,F,1,resale,GN6DCMRTGQ3DQMJWHAYHYMJZHEZTCNJRMNTDK,,,300.0,349.5,GMZTIOSGHIYQ
334,F,2,resale,GN6DCMRTGQ3DQMJWHAYHYMJZHEZTCNJRMNTDK,,,300.0,349.5,GMZTIOSGHIZA
334,F,17,resale,GN6DCMRUHAZTMOBZGEYXYMJZHE4GIZRZGQ4DK,,,114.0,132.81,GMZTIOSGHIYTO
334,F,18,resale,GN6DCMRUHAZTMOBZGEYXYMJZHE4GIZRZGQ4DK,,,114.0,132.81,GMZTIOSGHIYTQ
334,F,19,resale,GN6DCMRUHAZTMOBZGEYXYMJZHE4GIZRZGQ4DK,,,114.0,132.81,GMZTIOSGHIYTS
334,F,20,resale,GN6DCMRUHAZTMOBZGEYXYMJZHE4GIZRZGQ4DK,,,114.0,132.81,GMZTIOSGHIZDA
334,K,1,resale,GN6DCMJZG43DMMJSGQ2XYMJZHE4GIODBMU2TK,,,101.0,117.67,GMZTIOSLHIYQ
334,M,1,resale,GN6DCMRVG43DSNRTGU2XYMJZHE4TEOLBHAZTK,,,108.0,125.82,GMZTIOSNHIYQ
334,M,2,resale,GN6DCMRVG43DSNRTGU2XYMJZHE4TEOLBHAZTK,,,108.0,125.82,GMZTIOSNHIZA
334,M,3,resale,GN6DCMRVG43DSNRTGU2XYMJZHE4TEOLBHAZTK,,,108.0,125.82,GMZTIOSNHIZQ
334,M,4,resale,GN6DCMRVG43DSNRTGU2XYMJZHE4TEOLBHAZTK,,,108.0,125.82,GMZTIOSNHI2A
334,M,5,resale,GN6DCMRVG43DSNRTGU2XYMJZHE4TEOLBHAZTK,,,108.0,125.82,GMZTIOSNHI2Q
334,M,6,resale,GN6DCMRVG43DSNRTGU2XYMJZHE4TEOLBHAZTK,,,108.0,125.82,GMZTIOSNHI3A
334,M,7,resale,GN6DCMRVG43DSNRTGU2XYMJZHE4TEOLBHAZTK,,,108.0,125.82,GMZTIOSNHI3Q
334,M,8,resale,GN6DCMRVG43DSNRTGU2XYMJZHE4TEOLBHAZTK,,,108.0,125.82,GMZTIOSNHI4A
334,M,9,resale,GN6DCMRVG43DSNRTGU2XYMJZHE4TEOLBHAZTK,,,108.0,125.82,GMZTIOSNHI4Q
334,M,10,resale,GN6DCMRVG43DSNRTGU2XYMJZHE4TEOLBHAZTK,,,108.0,125.82,GMZTIOSNHIYTA
334,M,11,resale,GN6DCMRVG43DSNRTGU2XYMJZHE4TEOLBHAZTK,,,108.0,125.82,GMZTIOSNHIYTC
334,M,12,resale,GN6DCMRVG43DSNRTGU2XYMJZHE4TEOLBHAZTK,,,108.0,125.82,GMZTIOSNHIYTE
334,R,5,resale,GN6DCMRWGA2DINJYGYYHYMJZHFSWGYZQMRTDK,,,101.0,117.67,GMZTIOSSHI2Q
334,R,6,resale,GN6DCMRWGA2DINJYGYYHYMJZHFSWGYZQMRTDK,,,101.0,117.67,GMZTIOSSHI3A
334,R,7,resale,GN6DCMRWGA2DINJYGYYHYMJZHFSWGYZQMRTDK,,,101.0,117.67,GMZTIOSSHI3Q
334,R,8,resale,GN6DCMRWGA2DINJYGYYHYMJZHFSWGYZQMRTDK,,,101.0,117.67,GMZTIOSSHI4A
334,R,9,resale,GN6DCMJZGE2TMOJWGQ3HYMJZHFSWINRQGBRDK,,,108.0,125.82,GMZTIOSSHI4Q
334,R,10,resale,GN6DCMJZGE2TMOJWGQ3HYMJZHFSWINRQGBRDK,,,108.0,125.82,GMZTIOSSHIYTA
334,R,11,resale,GN6DCMJZGE2TMOJWGQ3HYMJZHFSWINRQGBRDK,,,108.0,125.82,GMZTIOSSHIYTC
334,R,12,resale,GN6DCMJZGE2TMOJWGQ3HYMJZHFSWINRQGBRDK,,,108.0,125.82,GMZTIOSSHIYTE
334,R,13,resale,GN6DCMJZGE2TMOJWGQ3HYMJZHFSWINRQGBRDK,,,108.0,125.82,GMZTIOSSHIYTG
334,R,14,resale,GN6DCMJZGE2TMOJWGQ3HYMJZHFSWINRQGBRDK,,,108.0,125.82,GMZTIOSSHIYTI
334,R,15,resale,GN6DCMJZGE2TMOJWGQ3HYMJZHFSWINRQGBRDK,,,108.0,125.82,GMZTIOSSHIYTK
334,R,16,resale,GN6DCMJZGE2TMOJWGQ3HYMJZHFSWINRQGBRDK,,,108.0,125.82,GMZTIOSSHIYTM
334,R,17,resale,GN6DCMJZGE2TMOJWGQ3HYMJZHFSWINRQGBRDK,,,108.0,125.82,GMZTIOSSHIYTO
334,R,18,resale,GN6DCMJZGE2TMOJWGQ3HYMJZHFSWINRQGBRDK,,,108.0,125.82,GMZTIOSSHIYTQ
334,R,19,resale,GN6DCMJZGE2TMOJWGQ3HYMJZHFSWINRQGBRDK,,,108.0,125.82,GMZTIOSSHIYTS
334,R,20,resale,GN6DCMJZGE2TMOJWGQ3HYMJZHFSWINRQGBRDK,,,108.0,125.82,GMZTIOSSHIZDA
334,R,21,resale,GN6DCMJZGE2TMOJWGQ3HYMJZHFSWINRQGBRDK,,,108.0,125.82,GMZTIOSSHIZDC
334,R,22,resale,GN6DCMJZGE2TMOJWGQ3HYMJZHFSWINRQGBRDK,,,108.0,125.82,GMZTIOSSHIZDE
334,R,23,resale,GN6DCMJZGE2TMOJWGQ3HYMJZHFSWINRQGBRDK,,,108.0,125.82,GMZTIOSSHIZDG
334,R,24,resale,GN6DCMJZGE2TMOJWGQ3HYMJZHFSWINRQGBRDK,,,108.0,125.82,GMZTIOSSHIZDI
334,W,15,resale,GN6DCMRUGIZDIOJQHE3HYMJZHE4GIOBYMY4TK,,,78.0,90.87,GMZTIOSXHIYTK
334,W,16,resale,GN6DCMRUGIZDIOJQHE3HYMJZHE4GIOBYMY4TK,,,78.0,90.87,GMZTIOSXHIYTM
334,W,17,resale,GN6DCMRUGIZDIOJQHE3HYMJZHE4GIOBYMY4TK,,,78.0,90.87,GMZTIOSXHIYTO
334,W,18,resale,GN6DCMRUGIZDIOJQHE3HYMJZHE4GIOBYMY4TK,,,78.0,90.87,GMZTIOSXHIYTQ
334,W,19,resale,GN6DCMRUGIZDIOJQHE3HYMJZHE4GIOBYMY4TK,,,78.0,90.87,GMZTIOSXHIYTS
334,W,20,resale,GN6DCMRUGIZDIOJQHE3HYMJZHE4GIOBYMY4TK,,,78.0,90.87,GMZTIOSXHIZDA
335,A,17,resale,GN6DCMRVGQ2TQOBWGI4HYMJZHFSTONZSGUZTK,,,182.0,212.03,GMZTKOSBHIYTO
335,A,18,resale,GN6DCMRVGQ2TQOBWGI4HYMJZHFSTONZSGUZTK,,,182.0,212.03,GMZTKOSBHIYTQ
335,AA,7,resale,GN6DCMJYGU3DIOJVGU3HYMJZHEZTCNJWGY3DK,,,118.0,137.47,GMZTKOSBIE5DO
335,AA,8,resale,GN6DCMJYGU3DIOJVGU3HYMJZHEZTCNJWGY3DK,,,118.0,137.47,GMZTKOSBIE5DQ
335,AA,9,resale,GN6DCMJYGU3DIOJVGU3HYMJZHEZTCNJWGY3DK,,,118.0,137.47,GMZTKOSBIE5DS
335,AA,10,resale,GN6DCMJYGU3DIOJVGU3HYMJZHEZTCNJWGY3DK,,,118.0,137.47,GMZTKOSBIE5DCMA
335,AA,11,resale,GN6DCMJYGU3DIOJVGU3HYMJZHEZTCNJWGY3DK,,,118.0,137.47,GMZTKOSBIE5DCMI
335,AA,12,resale,GN6DCMJYGU3DIOJVGU3HYMJZHEZTCNJWGY3DK,,,118.0,137.47,GMZTKOSBIE5DCMQ
335,C,13,resale,GN6DCMJZG43DMMJQGA2HYMJZHFSTONRXGMYTK,,,129.0,150.29,GMZTKOSDHIYTG
335,C,14,resale,GN6DCMJZG43DMMJQGA2HYMJZHFSTONRXGMYTK,,,129.0,150.29,GMZTKOSDHIYTI
335,C,15,resale,GN6DCMJZG43DMMJQGA2HYMJZHFSTONRXGMYTK,,,129.0,150.29,GMZTKOSDHIYTK
335,C,16,resale,GN6DCMJZG43DMMJQGA2HYMJZHFSTONRXGMYTK,,,129.0,150.29,GMZTKOSDHIYTM
335,C,17,resale,GN6DCMJZG43DMMJQGA2HYMJZHFSTONRXGMYTK,,,129.0,150.29,GMZTKOSDHIYTO
335,C,18,resale,GN6DCMJZG43DMMJQGA2HYMJZHFSTONRXGMYTK,,,129.0,150.29,GMZTKOSDHIYTQ
335,CC,13,resale,GN6DCMRVGIYTAMZUGMYHYMJZHE4GIODGGY4TK,,,98.0,114.17,GMZTKOSDIM5DCMY
335,CC,14,resale,GN6DCMRVGIYTAMZUGMYHYMJZHE4GIODGGY4TK,,,98.0,114.17,GMZTKOSDIM5DCNA
335,CC,15,resale,GN6DCMRVGIYTAMZUGMYHYMJZHE4GIODGGY4TK,,,98.0,114.17,GMZTKOSDIM5DCNI
335,CC,16,resale,GN6DCMRVGIYTAMZUGMYHYMJZHE4GIODGGY4TK,,,98.0,114.17,GMZTKOSDIM5DCNQ
335,CC,17,resale,GN6DCMRVGIYTAMZUGMYHYMJZHE4GIODGGY4TK,,,98.0,114.17,GMZTKOSDIM5DCNY
335,CC,18,resale,GN6DCMRVGIYTAMZUGMYHYMJZHE4GIODGGY4TK,,,98.0,114.17,GMZTKOSDIM5DCOA
335,CC,19,resale,GN6DCMRVGIYTAMZUGMYHYMJZHE4GIODGGY4TK,,,98.0,114.17,GMZTKOSDIM5DCOI
335,CC,20,resale,GN6DCMRVGIYTAMZUGMYHYMJZHE4GIODGGY4TK,,,98.0,114.17,GMZTKOSDIM5DEMA
335,CC,21,resale,GN6DCMRVGIYTAMZUGMYHYMJZHE4GIODGGY4TK,,,98.0,114.17,GMZTKOSDIM5DEMI
335,CC,22,resale,GN6DCMRVGIYTAMZUGMYHYMJZHE4GIODGGY4TK,,,98.0,114.17,GMZTKOSDIM5DEMQ
335,CC,23,resale,GN6DCMRVGIYTAMZUGMYHYMJZHE4GIODGGY4TK,,,98.0,114.17,GMZTKOSDIM5DEMY
335,CC,24,resale,GN6DCMRVGIYTAMZUGMYHYMJZHE4GIODGGY4TK,,,98.0,114.17,GMZTKOSDIM5DENA
335,DD,17,resale,GN6DCMRVGIYTAMZUGI4XYMJZHE4GIOBSME4TK,,,92.0,107.18,GMZTKOSEIQ5DCNY
335,DD,18,resale,GN6DCMRVGIYTAMZUGI4XYMJZHE4GIOBSME4TK,,,92.0,107.18,GMZTKOSEIQ5DCOA
335,DD,19,resale,GN6DCMRVGIYTAMZUGI4XYMJZHE4GIOBSME4TK,,,92.0,107.18,GMZTKOSEIQ5DCOI
335,DD,20,resale,GN6DCMRVGIYTAMZUGI4XYMJZHE4GIOBSME4TK,,,92.0,107.18,GMZTKOSEIQ5DEMA
335,DD,21,resale,GN6DCMRVGIYTAMZUGI4XYMJZHE4GIOBSME4TK,,,92.0,107.18,GMZTKOSEIQ5DEMI
335,DD,22,resale,GN6DCMRVGIYTAMZUGI4XYMJZHE4GIOBSME4TK,,,92.0,107.18,GMZTKOSEIQ5DEMQ
335,DD,23,resale,GN6DCMRVGIYTAMZUGI4XYMJZHE4GIOBSME4TK,,,92.0,107.18,GMZTKOSEIQ5DEMY
335,H,3,resale,GN6DCMRUHAZTMOBZGA4XYMJZHFSWGY3BMRQTK,,,114.0,132.81,GMZTKOSIHIZQ
335,H,4,resale,GN6DCMRUHAZTMOBZGA4XYMJZHFSWGY3BMRQTK,,,114.0,132.81,GMZTKOSIHI2A
335,H,5,resale,GN6DCMRUHAZTMOBZGA4XYMJZHFSWGY3BMRQTK,,,114.0,132.81,GMZTKOSIHI2Q
335,H,6,resale,GN6DCMRUHAZTMOBZGA4XYMJZHFSWGY3BMRQTK,,,114.0,132.81,GMZTKOSIHI3A
335,K,4,resale,GN6DCMRSGA3DMNZUGIZHYMJZHEZTCNJWGY2DK,,,180.0,209.7,GMZTKOSLHI2A
335,K,5,resale,GN6DCMRSGA3DMNZUGIZHYMJZHEZTCNJWGY2DK,,,180.0,209.7,GMZTKOSLHI2Q
335,K,6,resale,GN6DCMRSGA3DMNZUGIZHYMJZHEZTCNJWGY2DK,,,180.0,209.7,GMZTKOSLHI3A
335,K,7,resale,GN6DCMJZG43DMMJRHA3XYMJZHE4GIZRZGM2DK,,,110.0,128.15,GMZTKOSLHI3Q
335,K,8,resale,GN6DCMJZG43DMMJRHA3XYMJZHE4GIZRZGM2DK,,,110.0,128.15,GMZTKOSLHI4A
335,K,9,resale,GN6DCMJZG43DMMJRHA3XYMJZHE4GIZRZGM2DK,,,110.0,128.15,GMZTKOSLHI4Q
335,L,1,resale,GN6DCMRTGU4TCMBRGM2HYMJZHE4WMZTDMUZTK,,,125.0,145.63,GMZTKOSMHIYQ
335,L,2,resale,GN6DCMRTGU4TCMBRGM2HYMJZHE4WMZTDMUZTK,,,125.0,145.63,GMZTKOSMHIZA
335,L,3,resale,GN6DCMRTGU4TCMBRGM2HYMJZHE4WMZTDMUZTK,,,125.0,145.63,GMZTKOSMHIZQ
335,L,4,resale,GN6DCMRTGU4TCMBRGM2HYMJZHE4WMZTDMUZTK,,,125.0,145.63,GMZTKOSMHI2A
335,L,23,resale,GN6DCMRTHE2DAMRTGU3XYMJZHEZTCNJZG4ZTK,,,269.0,313.39,GMZTKOSMHIZDG
335,L,24,resale,GN6DCMRTHE2DAMRTGU3XYMJZHEZTCNJZG4ZTK,,,269.0,313.39,GMZTKOSMHIZDI
335,M,15,resale,GN6DCMRWGA2DIOJQGAZXYMJZHFSWGZDBMYZTK,,,108.0,125.82,GMZTKOSNHIYTK
335,M,16,resale,GN6DCMRWGA2DIOJQGAZXYMJZHFSWGZDBMYZTK,,,108.0,125.82,GMZTKOSNHIYTM
335,M,17,resale,GN6DCMRWGA2DIOJQGAZXYMJZHFSWGZDBMYZTK,,,108.0,125.82,GMZTKOSNHIYTO
335,M,18,resale,GN6DCMRWGA2DIOJQGAZXYMJZHFSWGZDBMYZTK,,,108.0,125.82,GMZTKOSNHIYTQ
335,M,19,resale,GN6DCMRWGA2DIOJQGAZXYMJZHFSWGZDBMYZTK,,,108.0,125.82,GMZTKOSNHIYTS
335,M,20,resale,GN6DCMRWGA2DIOJQGAZXYMJZHFSWGZDBMYZTK,,,108.0,125.82,GMZTKOSNHIZDA
335,N,1,resale,GN6DCMRVGUYDONJYGY2HYMJZHE3TIMZXGM3DK,,,130.0,151.45,GMZTKOSOHIYQ
335,N,2,resale,GN6DCMRVGUYDONJYGY2HYMJZHE3TIMZXGM3DK,,,130.0,151.45,GMZTKOSOHIZA
335,N,3,resale,GN6DCMRVGUYDONJYGY2HYMJZHE3TIMZXGM3DK,,,130.0,151.45,GMZTKOSOHIZQ
335,N,4,resale,GN6DCMRVGUYDONJYGY2HYMJZHE3TIMZXGM3DK,,,130.0,151.45,GMZTKOSOHI2A
335,P,17,resale,GN6DCMRUGI4DGMJYG4YHYMJZHE4GIYRYMY3TK,,,101.0,117.67,GMZTKOSQHIYTO
335,P,18,resale,GN6DCMRUGI4DGMJYG4YHYMJZHE4GIYRYMY3TK,,,101.0,117.67,GMZTKOSQHIYTQ
335,P,19,resale,GN6DCMRUGI4DGMJYG4YHYMJZHE4GIYRYMY3TK,,,101.0,117.67,GMZTKOSQHIYTS
335,P,20,resale,GN6DCMRUGI4DGMJYG4YHYMJZHE4GIYRYMY3TK,,,101.0,117.67,GMZTKOSQHIZDA
335,S,7,resale,GN6DCMRVGQ4TIOJQGY4XYMJZHE4GIOBZGM2DK,,,101.0,117.67,GMZTKOSTHI3Q
335,S,8,resale,GN6DCMRVGQ4TIOJQGY4XYMJZHE4GIOBZGM2DK,,,101.0,117.67,GMZTKOSTHI4A
335,S,9,resale,GN6DCMRVGQ4TIOJQGY4XYMJZHE4GIOBZGM2DK,,,101.0,117.67,GMZTKOSTHI4Q
335,S,10,resale,GN6DCMRVGQ4TIOJQGY4XYMJZHE4GIOBZGM2DK,,,101.0,117.67,GMZTKOSTHIYTA
335,S,11,resale,GN6DCMRVGQ4TIOJQGY4XYMJZHE4GIOBZGM2DK,,,101.0,117.67,GMZTKOSTHIYTC
335,S,12,resale,GN6DCMRVGQ4TIOJQGY4XYMJZHE4GIOBZGM2DK,,,101.0,117.67,GMZTKOSTHIYTE
335,S,13,resale,GN6DCMRVGQ4TIOJQGY4XYMJZHE4GIOBZGM2DK,,,101.0,117.67,GMZTKOSTHIYTG
335,T,19,primary,GJ6DC7BXGE,Verified Buccaneers Ticket,P24,105.0,137.33,GMZTKOSUHIYTS
335,T,20,primary,GJ6DC7BXGE,Verified Buccaneers Ticket,P24,105.0,137.33,GMZTKOSUHIZDA
335,T,21,primary,GJ6DC7BXGE,Verified Buccaneers Ticket,P24,105.0,137.33,GMZTKOSUHIZDC
335,T,22,primary,GJ6DC7BXGE,Verified Buccaneers Ticket,P24,105.0,137.33,GMZTKOSUHIZDE
335,U,9,resale,GN6DCMRVGQ4TIOJQGY4HYMJZHE4GIOBXGFTDK,,,100.0,116.5,GMZTKOSVHI4Q
335,U,10,resale,GN6DCMRVGQ4TIOJQGY4HYMJZHE4GIOBXGFTDK,,,100.0,116.5,GMZTKOSVHIYTA
335,U,11,resale,GN6DCMRVGQ4TIOJQGY4HYMJZHE4GIOBXGFTDK,,,100.0,116.5,GMZTKOSVHIYTC
335,U,12,resale,GN6DCMRVGQ4TIOJQGY4HYMJZHE4GIOBXGFTDK,,,100.0,116.5,GMZTKOSVHIYTE
335,U,13,resale,GN6DCMRVGQ4TIOJQGY4HYMJZHE4GIOBXGFTDK,,,100.0,116.5,GMZTKOSVHIYTG
335,U,14,resale,GN6DCMRVGQ4TIOJQGY4HYMJZHE4GIOBXGFTDK,,,100.0,116.5,GMZTKOSVHIYTI
335,U,15,resale,GN6DCMRVGQ4TIOJQGY4HYMJZHE4GIOBXGFTDK,,,100.0,116.5,GMZTKOSVHIYTK
335,U,16,resale,GN6DCMRVGQ4TIOJQGY4HYMJZHE4GIOBXGFTDK,,,100.0,116.5,GMZTKOSVHIYTM
336,A,7,resale,GN6DCMJZG43DMMBVGU2HYMJZHFSTONRXHEYDK,,,192.0,223.68,GMZTMOSBHI3Q
336,A,8,resale,GN6DCMJZG43DMMBVGU2HYMJZHFSTONRXHEYDK,,,192.0,223.68,GMZTMOSBHI4A
336,A,15,resale,GN6DCMRTGU3DOMZUGU3HYMJZHEZTCNJWGY3TK,,,150.0,174.75,GMZTMOSBHIYTK
336,A,16,resale,GN6DCMRTGU3DOMZUGU3HYMJZHEZTCNJWGY3TK,,,150.0,174.75,GMZTMOSBHIYTM
336,AA,1,primary,GJ6DCOBYGAYDAMBUPQ3TC,Aisle Seats,P24,110.0,143.7,GMZTMOSBIE5DC
336,AA,2,primary,GJ6DCOBYGAYDAMBUPQ3TC,Aisle Seats,P24,110.0,143.7,GMZTMOSBIE5DE
336,AA,3,primary,GJ6DC7BXGE,Verified Buccaneers Ticket,P24,105.0,137.33,GMZTMOSBIE5DG
336,AA,4,primary,GJ6DC7BXGE,Verified Buccaneers Ticket,P24,105.0,137.33,GMZTMOSBIE5DI
336,AA,5,primary,GJ6DC7BXGE,Verified Buccaneers Ticket,P24,105.0,137.33,GMZTMOSBIE5DK
336,AA,6,primary,GJ6DC7BXGE,Verified Buccaneers Ticket,P24,105.0,137.33,GMZTMOSBIE5DM
336,AA,7,primary,GJ6DC7BXGE,Verified Buccaneers Ticket,P24,105.0,137.33,GMZTMOSBIE5DO
336,AA,8,primary,GJ6DC7BXGE,Verified Buccaneers Ticket,P24,105.0,137.33,GMZTMOSBIE5DQ
336,B,3,resale,GN6DCMRVGYYDKOJSGQ4XYMJZHFSTONRXMM3DK,,,151.0,175.92,GMZTMOSCHIZQ
336,B,4,resale,GN6DCMRVGYYDKOJSGQ4XYMJZHFSTONRXMM3DK,,,151.0,175.92,GMZTMOSCHI2A
336,B,5,resale,GN6DCMRVGYYDKOJSGQ4XYMJZHFSTONRXMM3DK,,,151.0,175.92,GMZTMOSCHI2Q
336,B,6,resale,GN6DCMRVGYYDKOJSGQ4XYMJZHFSTONRXMM3DK,,,151.0,175.92,GMZTMOSCHI3A
336,BB,1,resale,GN6DCMRVG43DSNRTGYYHYMJZHE4TEYJQMZQTK,,,100.0,116.5,GMZTMOSCII5DC
336,BB,2,resale,GN6DCMRVG43DSNRTGYYHYMJZHE4TEYJQMZQTK,,,100.0,116.5,GMZTMOSCII5DE
336,BB,3,resale,GN6DCMRVG43DSNRTGYYHYMJZHE4TEYJQMZQTK,,,100.0,116.5,GMZTMOSCII5DG
336,BB,4,resale,GN6DCMRVG43DSNRTGYYHYMJZHE4TEYJQMZQTK,,,100.0,116.5,GMZTMOSCII5DI
336,BB,5,resale,GN6DCMRVG43DSNRTGYYHYMJZHE4TEYJQMZQTK,,,100.0,116.5,GMZTMOSCII5DK
336,BB,6,resale,GN6DCMRVG43DSNRTGYYHYMJZHE4TEYJQMZQTK,,,100.0,116.5,GMZTMOSCII5DM
336,BB,7,resale,GN6DCMRVG43DSNRTGYYHYMJZHE4TEYJQMZQTK,,,100.0,116.5,GMZTMOSCII5DO
336,BB,8,resale,GN6DCMRVG43DSNRTGYYHYMJZHE4TEYJQMZQTK,,,100.0,116.5,GMZTMOSCII5DQ
336,BB,9,resale,GN6DCMRVG43DSNRTGYYHYMJZHE4TEYJQMZQTK,,,100.0,116.5,GMZTMOSCII5DS
336,BB,10,resale,GN6DCMRVG43DSNRTGYYHYMJZHE4TEYJQMZQTK,,,100.0,116.5,GMZTMOSCII5DCMA
336,BB,11,resale,GN6DCMRVG43DSNRTGYYHYMJZHE4TEYJQMZQTK,,,100.0,116.5,GMZTMOSCII5DCMI
336,BB,12,resale,GN6DCMRVG43DSNRTGYYHYMJZHE4TEYJQMZQTK,,,100.0,116.5,GMZTMOSCII5DCMQ
336,H,20,resale,GN6DCMJZG43DMMJRHA2HYMJZHE4GKMBTGBSDK,,,110.0,128.15,GMZTMOSIHIZDA
336,J,3,resale,GN6DCMRQGA3DCNJXG44HYMJZHEZTCNLBMIYDK,,,150.0,174.75,GMZTMOSKHIZQ
336,J,4,resale,GN6DCMRQGA3DCNJXG44HYMJZHEZTCNLBMIYDK,,,150.0,174.75,GMZTMOSKHI2A
336,J,20,resale,GN6DCMRUGEZDEOBRHAYXYMJZHFSTONRUGEZDK,,,114.0,132.81,GMZTMOSKHIZDA
336,J,21,resale,GN6DCMRUGEZDEOBRHAYXYMJZHFSTONRUGEZDK,,,114.0,132.81,GMZTMOSKHIZDC
336,J,22,resale,GN6DCMRUGEZDEOBRHAYXYMJZHFSTONRUGEZDK,,,114.0,132.81,GMZTMOSKHIZDE
336,K,11,resale,GN6DCMRUGEZDEOBRG43XYMJZHE4GIZTGGFSDK,,,110.0,128.15,GMZTMOSLHIYTC
336,K,12,resale,GN6DCMRUGEZDEOBRG43XYMJZHE4GIZTGGFSDK,,,110.0,128.15,GMZTMOSLHIYTE
336,K,13,resale,GN6DCMRUGEZDEOBRG43XYMJZHE4GIZTGGFSDK,,,110.0,128.15,GMZTMOSLHIYTG
336,K,14,resale,GN6DCMRUGEZDEOBRG43XYMJZHE4GIZTGGFSDK,,,110.0,128.15,GMZTMOSLHIYTI
336,S,12,primary,GJ6DC7BXGE,Verified Buccaneers Ticket,P24,105.0,137.33,GMZTMOSTHIYTE
336,S,13,primary,GJ6DC7BXGE,Verified Buccaneers Ticket,P24,105.0,137.33,GMZTMOSTHIYTG
336,S,14,primary,GJ6DC7BXGE,Verified Buccaneers Ticket,P24,105.0,137.33,GMZTMOSTHIYTI
336,S,15,resale,GN6DCMRUGIZDIOJQGU4HYMJZHE4GIOBRGJRDK,,,105.0,122.33,GMZTMOSTHIYTK
336,S,16,resale,GN6DCMRUGIZDIOJQGU4HYMJZHE4GIOBRGJRDK,,,105.0,122.33,GMZTMOSTHIYTM
336,S,17,resale,GN6DCMRUGIZDIOJQGU4HYMJZHE4GIOBRGJRDK,,,105.0,122.33,GMZTMOSTHIYTO
336,S,18,resale,GN6DCMRUGIZDIOJQGU4HYMJZHE4GIOBRGJRDK,,,105.0,122.33,GMZTMOSTHIYTQ
336,S,19,resale,GN6DCMRUGIZDIOJQGU4HYMJZHE4GIOBRGJRDK,,,105.0,122.33,GMZTMOSTHIYTS
336,S,20,resale,GN6DCMRUGIZDIOJQGU4HYMJZHE4GIOBRGJRDK,,,105.0,122.33,GMZTMOSTHIZDA
336,S,21,resale,GN6DCMRUGIZDIOJQGU4HYMJZHE4GIOBRGJRDK,,,105.0,122.33,GMZTMOSTHIZDC
336,S,22,resale,GN6DCMRUGIZDIOJQGU4HYMJZHE4GIOBRGJRDK,,,105.0,122.33,GMZTMOSTHIZDE
336,S,23,resale,GN6DCMRUGIZDIOJQGU4HYMJZHE4GIOBRGJRDK,,,105.0,122.33,GMZTMOSTHIZDG
336,S,24,resale,GN6DCMRUGIZDIOJQGU4HYMJZHE4GIOBRGJRDK,,,105.0,122.33,GMZTMOSTHIZDI
336,U,14,resale,GN6DCMRVGU3DKNJWG43HYMJZHE4GIOBSHA4TK,,,104.0,121.16,GMZTMOSVHIYTI
336,U,15,resale,GN6DCMRVGU3DKNJWG43HYMJZHE4GIOBSHA4TK,,,104.0,121.16,GMZTMOSVHIYTK
336,U,16,resale,GN6DCMRVGU3DKNJWG43HYMJZHE4GIOBSHA4TK,,,104.0,121.16,GMZTMOSVHIYTM
336,U,17,resale,GN6DCMRVGU3DKNJWG43HYMJZHE4GIOBSHA4TK,,,104.0,121.16,GMZTMOSVHIYTO
336,U,18,resale,GN6DCMRVGU3DKNJWG43HYMJZHE4GIOBSHA4TK,,,104.0,121.16,GMZTMOSVHIYTQ
336,U,19,resale,GN6DCMRVGU3DKNJWG43HYMJZHE4GIOBSHA4TK,,,104.0,121.16,GMZTMOSVHIYTS
336,U,20,resale,GN6DCMRVGU3DKNJWG43HYMJZHE4GIOBSHA4TK,,,104.0,121.16,GMZTMOSVHIZDA
336,U,21,resale,GN6DCMRVGU3DKNJWG43HYMJZHE4GIOBSHA4TK,,,104.0,121.16,GMZTMOSVHIZDC
336,U,22,resale,GN6DCMRVGU3DKNJWG43HYMJZHE4GIOBSHA4TK,,,104.0,121.16,GMZTMOSVHIZDE
336,U,23,resale,GN6DCMRVGU3DKNJWG43HYMJZHE4GIOBSHA4TK,,,104.0,121.16,GMZTMOSVHIZDG
336,U,24,resale,GN6DCMRVGU3DKNJWG43HYMJZHE4GIOBSHA4TK,,,104.0,121.16,GMZTMOSVHIZDI
337,A,5,resale,GN6DCMJZGY4TKMJXGEYHYMJZHEZTCNJXMZRDK,,,263.0,306.4,GMZTOOSBHI2Q
337,A,6,resale,GN6DCMJZGY4TKMJXGEYHYMJZHEZTCNJXMZRDK,,,263.0,306.4,GMZTOOSBHI3A
337,A,23,resale,GN6DCMJZGY4TKOBZGI2HYMJZHEZTCNJTG43DK,,,263.0,306.4,GMZTOOSBHIZDG
337,A,24,resale,GN6DCMJZGY4TKOBZGI2HYMJZHEZTCNJTG43DK,,,263.0,306.4,GMZTOOSBHIZDI
337,C,11,resale,GN6DCMRVGE4DSNZYGM4XYMJZHFSTONRXMY4DK,,,125.0,145.63,GMZTOOSDHIYTC
337,C,12,resale,GN6DCMRVGE4DSNZYGM4XYMJZHFSTONRXMY4DK,,,125.0,145.63,GMZTOOSDHIYTE
337,C,13,resale,GN6DCMRRHA4DGMBUGQZXYMJZHEZTCNJUMRRDK,,,205.0,238.83,GMZTOOSDHIYTG
337,C,14,resale,GN6DCMRRHA4DGMBUGQZXYMJZHEZTCNJUMRRDK,,,205.0,238.83,GMZTOOSDHIYTI
337,D,5,resale,GN6DCMRVGMYTKMJWGM4HYMJZHFSTONRXMZQTK,,,121.0,140.97,GMZTOOSEHI2Q
337,D,6,resale,GN6DCMRVGMYTKMJWGM4HYMJZHFSTONRXMZQTK,,,121.0,140.97,GMZTOOSEHI3A
337,D,7,resale,GN6DCMRVGMYTKMJWGM4HYMJZHFSTONRXMZQTK,,,121.0,140.97,GMZTOOSEHI3Q
337,D,8,resale,GN6DCMRVGMYTKMJWGM4HYMJZHFSTONRXMZQTK,,,121.0,140.97,GMZTOOSEHI4A
337,D,9,resale,GN6DCMRVGMYTKMJWGM4HYMJZHFSTONRXMZQTK,,,121.0,140.97,GMZTOOSEHI4Q
337,D,10,resale,GN6DCMRVGMYTKMJWGM4HYMJZHFSTONRXMZQTK,,,121.0,140.97,GMZTOOSEHIYTA
337,D,11,resale,GN6DCMRVGMYTKMJWGM4HYMJZHFSTONRXMZQTK,,,121.0,140.97,GMZTOOSEHIYTC
337,D,13,resale,GN6DCMJZGIYDMMJTGY3HYMJZHEZTCNJYHBRDK,,,121.0,140.97,GMZTOOSEHIYTG
337,D,14,resale,GN6DCMJZGIYDMMJTGY3HYMJZHEZTCNJYHBRDK,,,121.0,140.97,GMZTOOSEHIYTI
337,D,15,resale,GN6DCMRRHA4DGMBUGQYHYMJZHEZTCNJXGQYDK,,,215.0,250.48,GMZTOOSEHIYTK
337,D,16,resale,GN6DCMRRHA4DGMBUGQYHYMJZHEZTCNJXGQYDK,,,215.0,250.48,GMZTOOSEHIYTM
337,D,17,resale,GN6DCMRRHA4DGMBUGQYHYMJZHEZTCNJXGQYDK,,,215.0,250.48,GMZTOOSEHIYTO
337,D,18,resale,GN6DCMRRHA4DGMBUGQYHYMJZHEZTCNJXGQYDK,,,215.0,250.48,GMZTOOSEHIYTQ
337,J,14,resale,GN6DCMRVGIYTAMZUGEZHYMJZHFSDSYRZGRQTK,,,112.0,130.48,GMZTOOSKHIYTI
337,J,15,resale,GN6DCMRVGIYTAMZUGEZHYMJZHFSDSYRZGRQTK,,,112.0,130.48,GMZTOOSKHIYTK
337,J,16,resale,GN6DCMRVGIYTAMZUGEZHYMJZHFSDSYRZGRQTK,,,112.0,130.48,GMZTOOSKHIYTM
337,J,17,resale,GN6DCMRVGIYTAMZUGEZHYMJZHFSDSYRZGRQTK,,,112.0,130.48,GMZTOOSKHIYTO
337,J,18,resale,GN6DCMRVGIYTAMZUGEZHYMJZHFSDSYRZGRQTK,,,112.0,130.48,GMZTOOSKHIYTQ
337,J,19,resale,GN6DCMRVGIYTAMZUGEZHYMJZHFSDSYRZGRQTK,,,112.0,130.48,GMZTOOSKHIYTS
337,J,20,resale,GN6DCMRVGIYTAMZUGEZHYMJZHFSDSYRZGRQTK,,,112.0,130.48,GMZTOOSKHIZDA
337,J,21,resale,GN6DCMRVGIYTAMZUGEZHYMJZHFSDSYRZGRQTK,,,112.0,130.48,GMZTOOSKHIZDC
337,J,22,resale,GN6DCMRVGIYTAMZUGEZHYMJZHFSDSYRZGRQTK,,,112.0,130.48,GMZTOOSKHIZDE
337,M,19,primary,GJ6DC7BXGI,Verified Buccaneers Ticket,P25,92.0,120.75,GMZTOOSNHIYTS
337,M,20,primary,GJ6DC7BXGI,Verified Buccaneers Ticket,P25,92.0,120.75,GMZTOOSNHIZDA
337,P,11,primary,GJ6DC7BXGI,Verified Buccaneers Ticket,P25,92.0,120.75,GMZTOOSQHIYTC
337,P,12,primary,GJ6DC7BXGI,Verified Buccaneers Ticket,P25,92.0,120.75,GMZTOOSQHIYTE
337,R,7,resale,GN6DCMRUGU2DEOJRGYZHYMJZHE4GIOBSHBQTK,,,107.0,124.66,GMZTOOSSHI3Q
337,R,8,resale,GN6DCMRUGU2DEOJRGYZHYMJZHE4GIOBSHBQTK,,,107.0,124.66,GMZTOOSSHI4A
337,R,9,resale,GN6DCMRUGU2DEOJRGYZHYMJZHE4GIOBSHBQTK,,,107.0,124.66,GMZTOOSSHI4Q
337,R,10,resale,GN6DCMRUGU2DEOJRGYZHYMJZHE4GIOBSHBQTK,,,107.0,124.66,GMZTOOSSHIYTA
337,R,11,resale,GN6DCMRUGU2DEOJRGYZHYMJZHE4GIOBSHBQTK,,,107.0,124.66,GMZTOOSSHIYTC
337,R,12,resale,GN6DCMRUGU2DEOJRGYZHYMJZHE4GIOBSHBQTK,,,107.0,124.66,GMZTOOSSHIYTE
337,R,13,resale,GN6DCMRUGU2DEOJRGYZHYMJZHE4GIOBSHBQTK,,,107.0,124.66,GMZTOOSSHIYTG
337,R,14,resale,GN6DCMRUGU2DEOJRGYZHYMJZHE4GIOBSHBQTK,,,107.0,124.66,GMZTOOSSHIYTI
337,R,15,resale,GN6DCMRUGU2DEOJRGYZHYMJZHE4GIOBSHBQTK,,,107.0,124.66,GMZTOOSSHIYTK
337,R,16,resale,GN6DCMRUGU2DEOJRGYZHYMJZHE4GIOBSHBQTK,,,107.0,124.66,GMZTOOSSHIYTM
337,R,17,resale,GN6DCMRUGU2DEOJRGYZHYMJZHE4GIOBSHBQTK,,,107.0,124.66,GMZTOOSSHIYTO
337,R,18,resale,GN6DCMRUGU2DEOJRGYZHYMJZHE4GIOBSHBQTK,,,107.0,124.66,GMZTOOSSHIYTQ
337,X,7,resale,GN6DCMRUGIZTCNJYGMYHYMJZHE4GIOBXME3DK,,,83.0,96.7,GMZTOOSYHI3Q
337,X,8,resale,GN6DCMRUGIZTCNJYGMYHYMJZHE4GIOBXME3DK,,,83.0,96.7,GMZTOOSYHI4A
337,X,9,resale,GN6DCMRUGIZTCNJYGMYHYMJZHE4GIOBXME3DK,,,83.0,96.7,GMZTOOSYHI4Q
337,X,10,resale,GN6DCMRUGIZTCNJYGMYHYMJZHE4GIOBXME3DK,,,83.0,96.7,GMZTOOSYHIYTA
337,X,11,resale,GN6DCMRUGIZTCNJYGMYHYMJZHE4GIOBXME3DK,,,83.0,96.7,GMZTOOSYHIYTC
337,X,12,resale,GN6DCMRUGIZTCNJYGMYHYMJZHE4GIOBXME3DK,,,83.0,96.7,GMZTOOSYHIYTE
337,X,13,resale,GN6DCMRUGIZTCNJYGMYHYMJZHE4GIOBXME3DK,,,83.0,96.7,GMZTOOSYHIYTG
337,X,14,resale,GN6DCMRUGIZTCNJYGMYHYMJZHE4GIOBXME3DK,,,83.0,96.7,GMZTOOSYHIYTI
337,X,15,resale,GN6DCMRUGIZTCNJYGMYHYMJZHE4GIOBXME3DK,,,83.0,96.7,GMZTOOSYHIYTK
337,X,16,resale,GN6DCMRUGIZTCNJYGMYHYMJZHE4GIOBXME3DK,,,83.0,96.7,GMZTOOSYHIYTM
337,X,17,resale,GN6DCMRUGIZTCNJYGMYHYMJZHE4GIOBXME3DK,,,83.0,96.7,GMZTOOSYHIYTO
337,X,18,resale,GN6DCMRUGIZTCNJYGMYHYMJZHE4GIOBXME3DK,,,83.0,96.7,GMZTOOSYHIYTQ
338,B,13,resale,GN6DCMJZG43DMMBVGI4XYMJZHFSTONZRMU4DK,,,133.0,154.95,GMZTQOSCHIYTG
338,B,14,resale,GN6DCMJZG43DMMBVGI4XYMJZHFSTONZRMU4DK,,,133.0,154.95,GMZTQOSCHIYTI
338,B,15,resale,GN6DCMJZG43DMMBVGI4XYMJZHFSTONZRMU4DK,,,133.0,154.95,GMZTQOSCHIYTK
338,B,16,resale,GN6DCMJZG43DMMBVGI4XYMJZHFSTONZRMU4DK,,,133.0,154.95,GMZTQOSCHIYTM
338,B,17,resale,GN6DCMJZG43DMMBVGI4XYMJZHFSTONZRMU4DK,,,133.0,154.95,GMZTQOSCHIYTO
338,B,18,resale,GN6DCMJZG43DMMBVGI4XYMJZHFSTONZRMU4DK,,,133.0,154.95,GMZTQOSCHIYTQ
338,B,19,resale,GN6DCMJZG43DMMBVGI4XYMJZHFSTONZRMU4DK,,,133.0,154.95,GMZTQOSCHIYTS
338,B,20,resale,GN6DCMJZG43DMMBVGI4XYMJZHFSTONZRMU4DK,,,133.0,154.95,GMZTQOSCHIZDA
338,J,14,resale,GN6DCMRWGA2DINJYGU3XYMJZHFSWGYRUHBSTK,,,101.0,117.67,GMZTQOSKHIYTI
338,J,15,resale,GN6DCMRWGA2DINJYGU3XYMJZHFSWGYRUHBSTK,,,101.0,117.67,GMZTQOSKHIYTK
338,J,16,resale,GN6DCMRWGA2DINJYGU3XYMJZHFSWGYRUHBSTK,,,101.0,117.67,GMZTQOSKHIYTM
338,J,17,resale,GN6DCMRWGA2DINJYGU3XYMJZHFSWGYRUHBSTK,,,101.0,117.67,GMZTQOSKHIYTO
338,J,18,resale,GN6DCMRWGA2DINJYGU3XYMJZHFSWGYRUHBSTK,,,101.0,117.67,GMZTQOSKHIYTQ
338,J,19,resale,GN6DCMRWGA2DINJYGU3XYMJZHFSWGYRUHBSTK,,,101.0,117.67,GMZTQOSKHIYTS
338,J,20,resale,GN6DCMRWGA2DINJYGU3XYMJZHFSWGYRUHBSTK,,,101.0,117.67,GMZTQOSKHIZDA
338,J,21,resale,GN6DCMRWGA2DINJYGU3XYMJZHFSWGYRUHBSTK,,,101.0,117.67,GMZTQOSKHIZDC
338,J,22,resale,GN6DCMRWGA2DINJYGU3XYMJZHFSWGYRUHBSTK,,,101.0,117.67,GMZTQOSKHIZDE
338,M,13,primary,GJ6DC7BXGI,Verified Buccaneers Ticket,P25,92.0,120.75,GMZTQOSNHIYTG
338,M,14,primary,GJ6DC7BXGI,Verified Buccaneers Ticket,P25,92.0,120.75,GMZTQOSNHIYTI
338,M,15,primary,GJ6DC7BXGI,Verified Buccaneers Ticket,P25,92.0,120.75,GMZTQOSNHIYTK
338,M,16,primary,GJ6DC7BXGI,Verified Buccaneers Ticket,P25,92.0,120.75,GMZTQOSNHIYTM
338,M,20,primary,GJ6DC7BXGI,Verified Buccaneers Ticket,P25,92.0,120.75,GMZTQOSNHIZDA
338,M,21,primary,GJ6DC7BXGI,Verified Buccaneers Ticket,P25,92.0,120.75,GMZTQOSNHIZDC
338,M,22,primary,GJ6DC7BXGI,Verified Buccaneers Ticket,P25,92.0,120.75,GMZTQOSNHIZDE
338,N,8,primary,GJ6DC7BXGI,Verified Buccaneers Ticket,P25,92.0,120.75,GMZTQOSOHI4A
338,N,9,primary,GJ6DC7BXGI,Verified Buccaneers Ticket,P25,92.0,120.75,GMZTQOSOHI4Q
338,N,10,primary,GJ6DC7BXGI,Verified Buccaneers Ticket,P25,92.0,120.75,GMZTQOSOHIYTA
338,N,11,primary,GJ6DC7BXGI,Verified Buccaneers Ticket,P25,92.0,120.75,GMZTQOSOHIYTC
338,N,12,primary,GJ6DC7BXGI,Verified Buccaneers Ticket,P25,92.0,120.75,GMZTQOSOHIYTE
338,N,13,primary,GJ6DC7BXGI,Verified Buccaneers Ticket,P25,92.0,120.75,GMZTQOSOHIYTG
338,N,14,primary,GJ6DC7BXGI,Verified Buccaneers Ticket,P25,92.0,120.75,GMZTQOSOHIYTI
338,R,16,primary,GJ6DC7BXGI,Verified Buccaneers Ticket,P25,92.0,120.75,GMZTQOSSHIYTM
338,R,17,primary,GJ6DC7BXGI,Verified Buccaneers Ticket,P25,92.0,120.75,GMZTQOSSHIYTO
338,R,18,primary,GJ6DC7BXGI,Verified Buccaneers Ticket,P25,92.0,120.75,GMZTQOSSHIYTQ
338,R,19,primary,GJ6DC7BXGI,Verified Buccaneers Ticket,P25,92.0,120.75,GMZTQOSSHIYTS
338,R,20,primary,GJ6DC7BXGI,Verified Buccaneers Ticket,P25,92.0,120.75,GMZTQOSSHIZDA
338,S,7,resale,GN6DCMJZG43DMMJUGI2XYMJZHE4GIOBTMVSTK,,,82.0,95.53,GMZTQOSTHI3Q
338,S,8,resale,GN6DCMJZG43DMMJUGI2XYMJZHE4GIOBTMVSTK,,,82.0,95.53,GMZTQOSTHI4A
338,S,9,resale,GN6DCMJZG43DMMJUGI2XYMJZHE4GIOBTMVSTK,,,82.0,95.53,GMZTQOSTHI4Q
338,S,10,resale,GN6DCMJZG43DMMJUGI2XYMJZHE4GIOBTMVSTK,,,82.0,95.53,GMZTQOSTHIYTA
338,S,11,resale,GN6DCMJZG43DMMJUGI2XYMJZHE4GIOBTMVSTK,,,82.0,95.53,GMZTQOSTHIYTC
338,S,12,resale,GN6DCMJZG43DMMJUGI2XYMJZHE4GIOBTMVSTK,,,82.0,95.53,GMZTQOSTHIYTE
338,S,13,resale,GN6DCMJZG43DMMJUGI2XYMJZHE4GIOBTMVSTK,,,82.0,95.53,GMZTQOSTHIYTG
338,S,14,resale,GN6DCMJZG43DMMJUGI2XYMJZHE4GIOBTMVSTK,,,82.0,95.53,GMZTQOSTHIYTI
338,S,15,resale,GN6DCMJZG43DMMJUGI2XYMJZHE4GIOBTMVSTK,,,82.0,95.53,GMZTQOSTHIYTK
338,S,16,resale,GN6DCMJZG43DMMJUGI2XYMJZHE4GIOBTMVSTK,,,82.0,95.53,GMZTQOSTHIYTM
338,S,17,resale,GN6DCMJZG43DMMJUGI2XYMJZHE4GIOBTMVSTK,,,82.0,95.53,GMZTQOSTHIYTO
338,S,18,resale,GN6DCMJZG43DMMJUGI2XYMJZHE4GIOBTMVSTK,,,82.0,95.53,GMZTQOSTHIYTQ
338,X,1,resale,GN6DCMRVG43DSNRTGU4HYMJZHE4TEOJWMMYDK,,,81.0,94.37,GMZTQOSYHIYQ
338,X,2,resale,GN6DCMRVG43DSNRTGU4HYMJZHE4TEOJWMMYDK,,,81.0,94.37,GMZTQOSYHIZA
338,X,3,resale,GN6DCMRVG43DSNRTGU4HYMJZHE4TEOJWMMYDK,,,81.0,94.37,GMZTQOSYHIZQ
338,X,4,resale,GN6DCMRVG43DSNRTGU4HYMJZHE4TEOJWMMYDK,,,81.0,94.37,GMZTQOSYHI2A
338,X,5,resale,GN6DCMRVG43DSNRTGU4HYMJZHE4TEOJWMMYDK,,,81.0,94.37,GMZTQOSYHI2Q
338,X,6,resale,GN6DCMRVG43DSNRTGU4HYMJZHE4TEOJWMMYDK,,,81.0,94.37,GMZTQOSYHI3A
338,X,7,resale,GN6DCMRVG43DSNRTGU4HYMJZHE4TEOJWMMYDK,,,81.0,94.37,GMZTQOSYHI3Q
338,X,8,resale,GN6DCMRVG43DSNRTGU4HYMJZHE4TEOJWMMYDK,,,81.0,94.37,GMZTQOSYHI4A
338,X,9,resale,GN6DCMRVG43DSNRTGU4HYMJZHE4TEOJWMMYDK,,,81.0,94.37,GMZTQOSYHI4Q
338,X,10,resale,GN6DCMRVG43DSNRTGU4HYMJZHE4TEOJWMMYDK,,,81.0,94.37,GMZTQOSYHIYTA
338,X,11,resale,GN6DCMRVG43DSNRTGU4HYMJZHE4TEOJWMMYDK,,,81.0,94.37,GMZTQOSYHIYTC
338,X,12,resale,GN6DCMRVG43DSNRTGU4HYMJZHE4TEOJWMMYDK,,,81.0,94.37,GMZTQOSYHIYTE
339,AA,1,primary,GJ6DCOBYGAYDAMBUPQ3TG,Aisle Seats,P26,85.0,111.73,GMZTSOSBIE5DC
339,AA,2,primary,GJ6DCOBYGAYDAMBUPQ3TG,Aisle Seats,P26,85.0,111.73,GMZTSOSBIE5DE
339,AA,15,primary,GJ6DC7BXGM,Verified Buccaneers Ticket,P26,80.0,105.35,GMZTSOSBIE5DCNI
339,AA,16,primary,GJ6DC7BXGM,Verified Buccaneers Ticket,P26,80.0,105.35,GMZTSOSBIE5DCNQ
339,AA,17,primary,GJ6DC7BXGM,Verified Buccaneers Ticket,P26,80.0,105.35,GMZTSOSBIE5DCNY
339,AA,18,primary,GJ6DC7BXGM,Verified Buccaneers Ticket,P26,80.0,105.35,GMZTSOSBIE5DCOA
339,AA,19,primary,GJ6DC7BXGM,Verified Buccaneers Ticket,P26,80.0,105.35,GMZTSOSBIE5DCOI
339,AA,20,primary,GJ6DC7BXGM,Verified Buccaneers Ticket,P26,80.0,105.35,GMZTSOSBIE5DEMA
339,AA,21,primary,GJ6DC7BXGM,Verified Buccaneers Ticket,P26,80.0,105.35,GMZTSOSBIE5DEMI
339,AA,22,primary,GJ6DC7BXGM,Verified Buccaneers Ticket,P26,80.0,105.35,GMZTSOSBIE5DEMQ
339,AA,23,primary,GJ6DCOBYGAYDAMBUPQ3TG,Aisle Seats,P26,85.0,111.73,GMZTSOSBIE5DEMY
339,AA,24,primary,GJ6DCOBYGAYDAMBUPQ3TG,Aisle Seats,P26,85.0,111.73,GMZTSOSBIE5DENA
339,BB,1,resale,GN6DCMRVGM2TMMZWGAZHYMJZHE4GIOBRMQ3TK,,,77.0,89.71,GMZTSOSCII5DC
339,BB,2,resale,GN6DCMRVGM2TMMZWGAZHYMJZHE4GIOBRMQ3TK,,,77.0,89.71,GMZTSOSCII5DE
339,BB,3,resale,GN6DCMRVGM2TMMZWGAZHYMJZHE4GIOBRMQ3TK,,,77.0,89.71,GMZTSOSCII5DG
339,BB,4,resale,GN6DCMRVGM2TMMZWGAZHYMJZHE4GIOBRMQ3TK,,,77.0,89.71,GMZTSOSCII5DI
339,BB,5,resale,GN6DCMRVGM2TMMZWGAZHYMJZHE4GIOBRMQ3TK,,,77.0,89.71,GMZTSOSCII5DK
339,BB,6,resale,GN6DCMRVGM2TMMZWGAZHYMJZHE4GIOBRMQ3TK,,,77.0,89.71,GMZTSOSCII5DM
339,BB,7,resale,GN6DCMRVGM2TMMZWGAZHYMJZHE4GIOBRMQ3TK,,,77.0,89.71,GMZTSOSCII5DO
339,BB,8,resale,GN6DCMRVGM2TMMZWGAZHYMJZHE4GIOBRMQ3TK,,,77.0,89.71,GMZTSOSCII5DQ
339,BB,9,resale,GN6DCMRVGM2TMMZWGAZHYMJZHE4GIOBRMQ3TK,,,77.0,89.71,GMZTSOSCII5DS
339,BB,10,resale,GN6DCMRVGM2TMMZWGAZHYMJZHE4GIOBRMQ3TK,,,77.0,89.71,GMZTSOSCII5DCMA
339,CC,17,primary,GJ6DC7BXGM,Verified Buccaneers Ticket,P26,80.0,105.35,GMZTSOSDIM5DCNY
339,CC,18,primary,GJ6DC7BXGM,Verified Buccaneers Ticket,P26,80.0,105.35,GMZTSOSDIM5DCOA
339,CC,19,primary,GJ6DC7BXGM,Verified Buccaneers Ticket,P26,80.0,105.35,GMZTSOSDIM5DCOI
339,CC,20,primary,GJ6DC7BXGM,Verified Buccaneers Ticket,P26,80.0,105.35,GMZTSOSDIM5DEMA
339,CC,21,primary,GJ6DC7BXGM,Verified Buccaneers Ticket,P26,80.0,105.35,GMZTSOSDIM5DEMI
339,CC,22,primary,GJ6DC7BXGM,Verified Buccaneers Ticket,P26,80.0,105.35,GMZTSOSDIM5DEMQ
339,CC,23,primary,GJ6DCOBYGAYDAMBUPQ3TG,Aisle Seats,P26,85.0,111.73,GMZTSOSDIM5DEMY
339,CC,24,primary,GJ6DCOBYGAYDAMBUPQ3TG,Aisle Seats,P26,85.0,111.73,GMZTSOSDIM5DENA
339,D,6,resale,GN6DCMJZGI2TCMZXHE4HYMJZHE4GKMZYMI2DK,,,109.0,126.99,GMZTSOSEHI3A
339,D,7,resale,GN6DCMJZGI2TCMZXHE4HYMJZHE4GKMZYMI2DK,,,109.0,126.99,GMZTSOSEHI3Q
339,D,8,resale,GN6DCMJZGI2TCMZXHE4HYMJZHE4GKMZYMI2DK,,,109.0,126.99,GMZTSOSEHI4A
339,D,9,resale,GN6DCMJZGI2TCMZXHE4HYMJZHE4GKMZYMI2DK,,,109.0,126.99,GMZTSOSEHI4Q
339,D,10,resale,GN6DCMJZG43DMMJSGM3HYMJZHE4GIOBUMY2TK,,,94.0,109.51,GMZTSOSEHIYTA
339,D,11,resale,GN6DCMJZG43DMMJSGM3HYMJZHE4GIOBUMY2TK,,,94.0,109.51,GMZTSOSEHIYTC
339,D,12,resale,GN6DCMJZG43DMMJSGM3HYMJZHE4GIOBUMY2TK,,,94.0,109.51,GMZTSOSEHIYTE
339,D,13,resale,GN6DCMJZG43DMMJSGM3HYMJZHE4GIOBUMY2TK,,,94.0,109.51,GMZTSOSEHIYTG
339,DD,2,primary,GJ6DC7BXGM,Verified Buccaneers Ticket,P26,80.0,105.35,GMZTSOSEIQ5DE
339,DD,3,primary,GJ6DC7BXGM,Verified Buccaneers Ticket,P26,80.0,105.35,GMZTSOSEIQ5DG
339,DD,4,primary,GJ6DC7BXGM,Verified Buccaneers Ticket,P26,80.0,105.35,GMZTSOSEIQ5DI
339,DD,5,primary,GJ6DC7BXGM,Verified Buccaneers Ticket,P26,80.0,105.35,GMZTSOSEIQ5DK
339,DD,6,primary,GJ6DC7BXGM,Verified Buccaneers Ticket,P26,80.0,105.35,GMZTSOSEIQ5DM
339,DD,7,primary,GJ6DC7BXGM,Verified Buccaneers Ticket,P26,80.0,105.35,GMZTSOSEIQ5DO
339,DD,8,primary,GJ6DC7BXGM,Verified Buccaneers Ticket,P26,80.0,105.35,GMZTSOSEIQ5DQ
339,DD,9,primary,GJ6DC7BXGM,Verified Buccaneers Ticket,P26,80.0,105.35,GMZTSOSEIQ5DS
339,DD,22,primary,GJ6DC7BXGM,Verified Buccaneers Ticket,P26,80.0,105.35,GMZTSOSEIQ5DEMQ
339,DD,23,primary,GJ6DC7BXGM,Verified Buccaneers Ticket,P26,80.0,105.35,GMZTSOSEIQ5DEMY
339,DD,24,primary,GJ6DC7BXGM,Verified Buccaneers Ticket,P26,80.0,105.35,GMZTSOSEIQ5DENA
339,DD,25,primary,GJ6DC7BXGM,Verified Buccaneers Ticket,P26,80.0,105.35,GMZTSOSEIQ5DENI
339,E,20,resale,GN6DCMRSHA4TQNZZGM2HYMJZHE2GKMLFMFSDK,,,72.0,83.88,GMZTSOSFHIZDA
339,E,21,resale,GN6DCMRSHA4TQNZZGM2HYMJZHE2GKMLFMFSDK,,,72.0,83.88,GMZTSOSFHIZDC
339,G,5,resale,GN6DCMJZG43DMMJUGIZHYMJZHE4GIOBRMQZDK,,,86.0,100.19,GMZTSOSHHI2Q
339,G,6,resale,GN6DCMJZG43DMMJUGIZHYMJZHE4GIOBRMQZDK,,,86.0,100.19,GMZTSOSHHI3A
339,G,7,resale,GN6DCMJZG43DMMJUGIZHYMJZHE4GIOBRMQZDK,,,86.0,100.19,GMZTSOSHHI3Q
339,J,16,resale,GN6DCMJZG43DMMJXGE2XYMJZHE4GIN3FMM2DK,,,81.0,94.37,GMZTSOSKHIYTM
339,J,17,resale,GN6DCMJZG43DMMJXGE2XYMJZHE4GIN3FMM2DK,,,81.0,94.37,GMZTSOSKHIYTO
339,J,18,resale,GN6DCMJZG43DMMJXGE2XYMJZHE4GIN3FMM2DK,,,81.0,94.37,GMZTSOSKHIYTQ
339,J,19,resale,GN6DCMJZG43DMMJXGE2XYMJZHE4GIN3FMM2DK,,,81.0,94.37,GMZTSOSKHIYTS
339,J,20,resale,GN6DCMJZG43DMMJXGE2XYMJZHE4GIN3FMM2DK,,,81.0,94.37,GMZTSOSKHIZDA
339,K,3,primary,GJ6DC7BXGM,Verified Buccaneers Ticket,P26,80.0,105.35,GMZTSOSLHIZQ
339,K,4,primary,GJ6DC7BXGM,Verified Buccaneers Ticket,P26,80.0,105.35,GMZTSOSLHI2A
339,K,7,primary,GJ6DC7BXGM,Verified Buccaneers Ticket,P26,80.0,105.35,GMZTSOSLHI3Q
339,K,8,primary,GJ6DC7BXGM,Verified Buccaneers Ticket,P26,80.0,105.35,GMZTSOSLHI4A
339,K,9,primary,GJ6DC7BXGM,Verified Buccaneers Ticket,P26,80.0,105.35,GMZTSOSLHI4Q
339,K,10,primary,GJ6DC7BXGM,Verified Buccaneers Ticket,P26,80.0,105.35,GMZTSOSLHIYTA
339,K,11,primary,GJ6DC7BXGM,Verified Buccaneers Ticket,P26,80.0,105.35,GMZTSOSLHIYTC
339,L,1,resale,GN6DCMRUGIZDIOJQHAZHYMJZHE4GIOBWMFTDK,,,79.0,92.04,GMZTSOSMHIYQ
339,L,2,resale,GN6DCMRUGIZDIOJQHAZHYMJZHE4GIOBWMFTDK,,,79.0,92.04,GMZTSOSMHIZA
339,L,3,resale,GN6DCMRUGIZDIOJQHAZHYMJZHE4GIOBWMFTDK,,,79.0,92.04,GMZTSOSMHIZQ
339,L,4,resale,GN6DCMRUGIZDIOJQHAZHYMJZHE4GIOBWMFTDK,,,79.0,92.04,GMZTSOSMHI2A
339,L,5,resale,GN6DCMRUGIZDIOJQHAZHYMJZHE4GIOBWMFTDK,,,79.0,92.04,GMZTSOSMHI2Q
339,L,6,resale,GN6DCMRUGIZDIOJQHAZHYMJZHE4GIOBWMFTDK,,,79.0,92.04,GMZTSOSMHI3A
339,M,9,primary,GJ6DC7BXGM,Verified Buccaneers Ticket,P26,80.0,105.35,GMZTSOSNHI4Q
339,M,10,primary,GJ6DC7BXGM,Verified Buccaneers Ticket,P26,80.0,105.35,GMZTSOSNHIYTA
339,M,11,primary,GJ6DC7BXGM,Verified Buccaneers Ticket,P26,80.0,105.35,GMZTSOSNHIYTC
339,M,12,primary,GJ6DC7BXGM,Verified Buccaneers Ticket,P26,80.0,105.35,GMZTSOSNHIYTE
339,M,13,resale,GN6DCMRQGY2TSNBQHAZHYMJZHE4GIODDMZTDK,,,83.0,96.7,GMZTSOSNHIYTG
339,M,14,resale,GN6DCMRQGY2TSNBQHAZHYMJZHE4GIODDMZTDK,,,83.0,96.7,GMZTSOSNHIYTI
339,M,15,resale,GN6DCMRQGY2TSNBQHAZHYMJZHE4GIODDMZTDK,,,83.0,96.7,GMZTSOSNHIYTK
339,M,16,resale,GN6DCMRQGY2TSNBQHAZHYMJZHE4GIODDMZTDK,,,83.0,96.7,GMZTSOSNHIYTM
339,M,17,resale,GN6DCMRQGY2TSNBQHAZHYMJZHE4GIODDMZTDK,,,83.0,96.7,GMZTSOSNHIYTO
339,M,18,resale,GN6DCMRQGY2TSNBQHAZHYMJZHE4GIODDMZTDK,,,83.0,96.7,GMZTSOSNHIYTQ
339,M,19,resale,GN6DCMRQGY2TSNBQHAZHYMJZHE4GIODDMZTDK,,,83.0,96.7,GMZTSOSNHIYTS
339,M,20,resale,GN6DCMRQGY2TSNBQHAZHYMJZHE4GIODDMZTDK,,,83.0,96.7,GMZTSOSNHIZDA
339,P,10,primary,GJ6DC7BXGM,Verified Buccaneers Ticket,P26,80.0,105.35,GMZTSOSQHIYTA
339,P,11,primary,GJ6DC7BXGM,Verified Buccaneers Ticket,P26,80.0,105.35,GMZTSOSQHIYTC
339,P,12,primary,GJ6DC7BXGM,Verified Buccaneers Ticket,P26,80.0,105.35,GMZTSOSQHIYTE
339,P,13,primary,GJ6DC7BXGM,Verified Buccaneers Ticket,P26,80.0,105.35,GMZTSOSQHIYTG
339,P,23,primary,GJ6DCOBYGAYDAMBUPQ3TG,Aisle Seats,P26,85.0,111.73,GMZTSOSQHIZDG
339,P,24,primary,GJ6DCOBYGAYDAMBUPQ3TG,Aisle Seats,P26,85.0,111.73,GMZTSOSQHIZDI
339,R,1,primary,GJ6DCOBYGAYDAMBUPQ3TG,Aisle Seats,P26,85.0,111.73,GMZTSOSSHIYQ
339,R,2,primary,GJ6DCOBYGAYDAMBUPQ3TG,Aisle Seats,P26,85.0,111.73,GMZTSOSSHIZA
339,S,1,resale,GN6DCMJZG43DMMJUGIYXYMJZHE4GIOBUMQZDK,,,79.0,92.04,GMZTSOSTHIYQ
339,S,2,resale,GN6DCMJZG43DMMJUGIYXYMJZHE4GIOBUMQZDK,,,79.0,92.04,GMZTSOSTHIZA
339,S,3,resale,GN6DCMJZG43DMMJUGIYXYMJZHE4GIOBUMQZDK,,,79.0,92.04,GMZTSOSTHIZQ
339,S,4,resale,GN6DCMJZG43DMMJUGIYXYMJZHE4GIOBUMQZDK,,,79.0,92.04,GMZTSOSTHI2A
339,S,5,resale,GN6DCMJZG43DMMJUGIYXYMJZHE4GIOBUMQZDK,,,79.0,92.04,GMZTSOSTHI2Q
339,S,6,resale,GN6DCMJZG43DMMJUGIYXYMJZHE4GIOBUMQZDK,,,79.0,92.04,GMZTSOSTHI3A
339,S,7,resale,GN6DCMJZG43DMMJUGIYXYMJZHE4GIOBUMQZDK,,,79.0,92.04,GMZTSOSTHI3Q
339,S,8,resale,GN6DCMJZG43DMMJUGIYXYMJZHE4GIOBUMQZDK,,,79.0,92.04,GMZTSOSTHI4A
339,S,9,resale,GN6DCMJZG43DMMJUGIYXYMJZHE4GIOBUMQZDK,,,79.0,92.04,GMZTSOSTHI4Q
339,S,10,resale,GN6DCMJZG43DMMJUGIYXYMJZHE4GIOBUMQZDK,,,79.0,92.04,GMZTSOSTHIYTA
339,V,1,primary,GJ6DCOBYGAYDAMBUPQ3TG,Aisle Seats,P26,85.0,111.73,GMZTSOSWHIYQ
339,V,2,primary,GJ6DCOBYGAYDAMBUPQ3TG,Aisle Seats,P26,85.0,111.73,GMZTSOSWHIZA
339,V,8,primary,GJ6DC7BXGM,Verified Buccaneers Ticket,P26,80.0,105.35,GMZTSOSWHI4A
339,V,9,primary,GJ6DC7BXGM,Verified Buccaneers Ticket,P26,80.0,105.35,GMZTSOSWHI4Q
339,V,10,primary,GJ6DC7BXGM,Verified Buccaneers Ticket,P26,80.0,105.35,GMZTSOSWHIYTA
339,V,11,primary,GJ6DC7BXGM,Verified Buccaneers Ticket,P26,80.0,105.35,GMZTSOSWHIYTC
339,V,12,primary,GJ6DC7BXGM,Verified Buccaneers Ticket,P26,80.0,105.35,GMZTSOSWHIYTE
339,V,13,primary,GJ6DC7BXGM,Verified Buccaneers Ticket,P26,80.0,105.35,GMZTSOSWHIYTG
339,V,14,primary,GJ6DC7BXGM,Verified Buccaneers Ticket,P26,80.0,105.35,GMZTSOSWHIYTI
339,V,15,primary,GJ6DC7BXGM,Verified Buccaneers Ticket,P26,80.0,105.35,GMZTSOSWHIYTK
339,V,16,primary,GJ6DC7BXGM,Verified Buccaneers Ticket,P26,80.0,105.35,GMZTSOSWHIYTM
339,V,23,primary,GJ6DCOBYGAYDAMBUPQ3TG,Aisle Seats,P26,85.0,111.73,GMZTSOSWHIZDG
339,V,24,primary,GJ6DCOBYGAYDAMBUPQ3TG,Aisle Seats,P26,85.0,111.73,GMZTSOSWHIZDI
339,X,1,primary,GJ6DCOBYGAYDAMBUPQ3TG,Aisle Seats,P26,85.0,111.73,GMZTSOSYHIYQ
339,X,2,primary,GJ6DCOBYGAYDAMBUPQ3TG,Aisle Seats,P26,85.0,111.73,GMZTSOSYHIZA
339,X,19,resale,GN6DCMRVGU3DKNJXGEZXYMJZHE4GIN3EGIYTK,,,74.0,86.21,GMZTSOSYHIYTS
339,X,20,resale,GN6DCMRVGU3DKNJXGEZXYMJZHE4GIN3EGIYTK,,,74.0,86.21,GMZTSOSYHIZDA
339,X,21,resale,GN6DCMRVGU3DKNJXGEZXYMJZHE4GIN3EGIYTK,,,74.0,86.21,GMZTSOSYHIZDC
339,X,22,resale,GN6DCMRVGU3DKNJXGEZXYMJZHE4GIN3EGIYTK,,,74.0,86.21,GMZTSOSYHIZDE
339,X,23,resale,GN6DCMRVGU3DKNJXGEZXYMJZHE4GIN3EGIYTK,,,74.0,86.21,GMZTSOSYHIZDG
339,X,24,resale,GN6DCMRVGU3DKNJXGEZXYMJZHE4GIN3EGIYTK,,,74.0,86.21,GMZTSOSYHIZDI
339,Y,7,primary,GJ6DC7BXGM,Verified Buccaneers Ticket,P26,80.0,105.35,GMZTSOSZHI3Q
339,Y,8,primary,GJ6DC7BXGM,Verified Buccaneers Ticket,P26,80.0,105.35,GMZTSOSZHI4A
339,Y,9,primary,GJ6DC7BXGM,Verified Buccaneers Ticket,P26,80.0,105.35,GMZTSOSZHI4Q
339,Y,10,primary,GJ6DC7BXGM,Verified Buccaneers Ticket,P26,80.0,105.35,GMZTSOSZHIYTA
339,Y,11,primary,GJ6DC7BXGM,Verified Buccaneers Ticket,P26,80.0,105.35,GMZTSOSZHIYTC
339,Y,12,primary,GJ6DC7BXGM,Verified Buccaneers Ticket,P26,80.0,105.35,GMZTSOSZHIYTE
339,Y,13,primary,GJ6DC7BXGM,Verified Buccaneers Ticket,P26,80.0,105.35,GMZTSOSZHIYTG
339,Y,14,primary,GJ6DC7BXGM,Verified Buccaneers Ticket,P26,80.0,105.35,GMZTSOSZHIYTI
339,Y,23,primary,GJ6DCOBYGAYDAMBUPQ3TG,Aisle Seats,P26,85.0,111.73,GMZTSOSZHIZDG
339,Y,24,primary,GJ6DCOBYGAYDAMBUPQ3TG,Aisle Seats,P26,85.0,111.73,GMZTSOSZHIZDI
339,Z,1,primary,GJ6DCOBYGAYDAMBUPQ3TG,Aisle Seats,P26,85.0,111.73,GMZTSOS2HIYQ
339,Z,2,primary,GJ6DCOBYGAYDAMBUPQ3TG,Aisle Seats,P26,85.0,111.73,GMZTSOS2HIZA
339,Z,6,primary,GJ6DC7BXGM,Verified Buccaneers Ticket,P26,80.0,105.35,GMZTSOS2HI3A
339,Z,7,primary,GJ6DC7BXGM,Verified Buccaneers Ticket,P26,80.0,105.35,GMZTSOS2HI3Q
339,Z,8,primary,GJ6DC7BXGM,Verified Buccaneers Ticket,P26,80.0,105.35,GMZTSOS2HI4A
339,Z,9,primary,GJ6DC7BXGM,Verified Buccaneers Ticket,P26,80.0,105.35,GMZTSOS2HI4Q
339,Z,10,primary,GJ6DC7BXGM,Verified Buccaneers Ticket,P26,80.0,105.35,GMZTSOS2HIYTA
339,Z,11,primary,GJ6DC7BXGM,Verified Buccaneers Ticket,P26,80.0,105.35,GMZTSOS2HIYTC
339,Z,12,primary,GJ6DC7BXGM,Verified Buccaneers Ticket,P26,80.0,105.35,GMZTSOS2HIYTE
339,Z,13,primary,GJ6DC7BXGM,Verified Buccaneers Ticket,P26,80.0,105.35,GMZTSOS2HIYTG
339,Z,14,primary,GJ6DC7BXGM,Verified Buccaneers Ticket,P26,80.0,105.35,GMZTSOS2HIYTI
339,Z,23,primary,GJ6DCOBYGAYDAMBUPQ3TG,Aisle Seats,P26,85.0,111.73,GMZTSOS2HIZDG
339,Z,24,primary,GJ6DCOBYGAYDAMBUPQ3TG,Aisle Seats,P26,85.0,111.73,GMZTSOS2HIZDI
340,B,1,resale,GN6DCMRUGIZDIOJQHA4HYMJZHE4GKMTGMY2TK,,,92.0,107.18,GM2DAOSCHIYQ
340,B,2,resale,GN6DCMRUGIZDIOJQHA4HYMJZHE4GKMTGMY2TK,,,92.0,107.18,GM2DAOSCHIZA
340,BB,1,primary,GJ6DCOBYGAYDAMBUPQ3TI,Aisle Seats,P27,75.0,98.93,GM2DAOSCII5DC
340,BB,2,primary,GJ6DCOBYGAYDAMBUPQ3TI,Aisle Seats,P27,75.0,98.93,GM2DAOSCII5DE
340,BB,23,primary,GJ6DCOBYGAYDAMBUPQ3TI,Aisle Seats,P27,75.0,98.93,GM2DAOSCII5DEMY
340,BB,24,primary,GJ6DCOBYGAYDAMBUPQ3TI,Aisle Seats,P27,75.0,98.93,GM2DAOSCII5DENA
340,CC,7,resale,GN6DCMRVG43DSNRTGYZXYMJZHE4TEYJUGIYDK,,,60.0,69.9,GM2DAOSDIM5DO
340,CC,8,resale,GN6DCMRVG43DSNRTGYZXYMJZHE4TEYJUGIYDK,,,60.0,69.9,GM2DAOSDIM5DQ
340,CC,9,resale,GN6DCMRVG43DSNRTGYZXYMJZHE4TEYJUGIYDK,,,60.0,69.9,GM2DAOSDIM5DS
340,CC,10,resale,GN6DCMRVG43DSNRTGYZXYMJZHE4TEYJUGIYDK,,,60.0,69.9,GM2DAOSDIM5DCMA
340,CC,19,primary,GJ6DC7BXGQ,Verified Buccaneers Ticket,P27,70.0,92.6,GM2DAOSDIM5DCOI
340,CC,20,primary,GJ6DC7BXGQ,Verified Buccaneers Ticket,P27,70.0,92.6,GM2DAOSDIM5DEMA
340,CC,21,primary,GJ6DC7BXGQ,Verified Buccaneers Ticket,P27,70.0,92.6,GM2DAOSDIM5DEMI
340,CC,22,primary,GJ6DC7BXGQ,Verified Buccaneers Ticket,P27,70.0,92.6,GM2DAOSDIM5DEMQ
340,CC,23,primary,GJ6DCOBYGAYDAMBUPQ3TI,Aisle Seats,P27,75.0,98.93,GM2DAOSDIM5DEMY
340,CC,24,primary,GJ6DCOBYGAYDAMBUPQ3TI,Aisle Seats,P27,75.0,98.93,GM2DAOSDIM5DENA
340,DD,2,primary,GJ6DC7BXGQ,Verified Buccaneers Ticket,P27,70.0,92.6,GM2DAOSEIQ5DE
340,DD,3,primary,GJ6DC7BXGQ,Verified Buccaneers Ticket,P27,70.0,92.6,GM2DAOSEIQ5DG
340,DD,4,primary,GJ6DC7BXGQ,Verified Buccaneers Ticket,P27,70.0,92.6,GM2DAOSEIQ5DI
340,DD,5,primary,GJ6DC7BXGQ,Verified Buccaneers Ticket,P27,70.0,92.6,GM2DAOSEIQ5DK
340,G,21,resale,GN6DCMJZHEZTANRZGQZXYMJZHE4GIOBYG4YTK,,,70.0,81.55,GM2DAOSHHIZDC
340,G,22,resale,GN6DCMJZHEZTANRZGQZXYMJZHE4GIOBYG4YTK,,,70.0,81.55,GM2DAOSHHIZDE
340,G,23,resale,GN6DCMJZHEZTANRZGQZXYMJZHE4GIOBYG4YTK,,,70.0,81.55,GM2DAOSHHIZDG
340,G,24,resale,GN6DCMJZHEZTANRZGQZXYMJZHE4GIOBYG4YTK,,,70.0,81.55,GM2DAOSHHIZDI
340,K,9,resale,GN6DCMRUGEYDKOBQGU2HYMJZHEZTCNJYGA3TK,,,71.0,82.72,GM2DAOSLHI4Q
340,K,10,resale,GN6DCMRUGEYDKOBQGU2HYMJZHEZTCNJYGA3TK,,,71.0,82.72,GM2DAOSLHIYTA
340,M,9,resale,GN6DCMRVHA3TSOJTHEZXYMJZHFRDOYRYGMZTK,,,60.0,69.9,GM2DAOSNHI4Q
340,M,10,resale,GN6DCMRVHA3TSOJTHEZXYMJZHFRDOYRYGMZTK,,,60.0,69.9,GM2DAOSNHIYTA
340,N,3,resale,GN6DCMJZHEZTMNBSGE4XYMJZHEZTCNLBMIYTK,,,300.0,349.5,GM2DAOSOHIZQ
340,N,4,resale,GN6DCMJZHEZTMNBSGE4XYMJZHEZTCNLBMIYTK,,,300.0,349.5,GM2DAOSOHI2A
340,N,5,resale,GN6DCMJZHEZTMNBSGE4XYMJZHEZTCNLBMIYTK,,,300.0,349.5,GM2DAOSOHI2Q
340,N,6,resale,GN6DCMJZHEZTMNBSGE4XYMJZHEZTCNLBMIYTK,,,300.0,349.5,GM2DAOSOHI3A
340,N,7,resale,GN6DCMJZHEZTMNBSGE4XYMJZHEZTCNLBMIYTK,,,300.0,349.5,GM2DAOSOHI3Q
340,N,8,resale,GN6DCMJZHEZTMNBSGE4XYMJZHEZTCNLBMIYTK,,,300.0,349.5,GM2DAOSOHI4A
340,N,9,resale,GN6DCMJZHEZTMNBSGE4XYMJZHEZTCNLBMIYTK,,,300.0,349.5,GM2DAOSOHI4Q
340,N,10,resale,GN6DCMJZHEZTMNBSGE4XYMJZHEZTCNLBMIYTK,,,300.0,349.5,GM2DAOSOHIYTA
340,N,17,primary,GJ6DC7BXGQ,Verified Buccaneers Ticket,P27,70.0,92.6,GM2DAOSOHIYTO
340,N,18,primary,GJ6DC7BXGQ,Verified Buccaneers Ticket,P27,70.0,92.6,GM2DAOSOHIYTQ
340,N,19,primary,GJ6DC7BXGQ,Verified Buccaneers Ticket,P27,70.0,92.6,GM2DAOSOHIYTS
340,P,1,resale,GN6DCMRVGY4DMNJUGE4HYMJZHE4GIOBYGU3DK,,,67.0,78.06,GM2DAOSQHIYQ
340,P,2,resale,GN6DCMRVGY4DMNJUGE4HYMJZHE4GIOBYGU3DK,,,67.0,78.06,GM2DAOSQHIZA
340,P,3,resale,GN6DCMRVGY4DMNJUGE4HYMJZHE4GIOBYGU3DK,,,67.0,78.06,GM2DAOSQHIZQ
340,P,4,resale,GN6DCMRVGY4DMNJUGE4HYMJZHE4GIOBYGU3DK,,,67.0,78.06,GM2DAOSQHI2A
340,P,9,primary,GJ6DC7BXGQ,Verified Buccaneers Ticket,P27,70.0,92.6,GM2DAOSQHI4Q
340,P,10,primary,GJ6DC7BXGQ,Verified Buccaneers Ticket,P27,70.0,92.6,GM2DAOSQHIYTA
340,P,23,primary,GJ6DCOBYGAYDAMBUPQ3TI,Aisle Seats,P27,75.0,98.93,GM2DAOSQHIZDG
340,P,24,primary,GJ6DCOBYGAYDAMBUPQ3TI,Aisle Seats,P27,75.0,98.93,GM2DAOSQHIZDI
340,R,23,primary,GJ6DCOBYGAYDAMBUPQ3TI,Aisle Seats,P27,75.0,98.93,GM2DAOSSHIZDG
340,R,24,primary,GJ6DCOBYGAYDAMBUPQ3TI,Aisle Seats,P27,75.0,98.93,GM2DAOSSHIZDI
340,S,5,primary,GJ6DC7BXGQ,Verified Buccaneers Ticket,P27,70.0,92.6,GM2DAOSTHI2Q
340,S,6,primary,GJ6DC7BXGQ,Verified Buccaneers Ticket,P27,70.0,92.6,GM2DAOSTHI3A
340,S,8,primary,GJ6DC7BXGQ,Verified Buccaneers Ticket,P27,70.0,92.6,GM2DAOSTHI4A
340,S,9,primary,GJ6DC7BXGQ,Verified Buccaneers Ticket,P27,70.0,92.6,GM2DAOSTHI4Q
340,S,10,primary,GJ6DC7BXGQ,Verified Buccaneers Ticket,P27,70.0,92.6,GM2DAOSTHIYTA
340,T,17,resale,GN6DCMRVG42DSNJZGU3HYMJZHE4GIOBUMI4TK,,,62.0,72.23,GM2DAOSUHIYTO
340,T,18,resale,GN6DCMRVG42DSNJZGU3HYMJZHE4GIOBUMI4TK,,,62.0,72.23,GM2DAOSUHIYTQ
340,X,4,resale,GN6DCMRVGA2TKNZSGU2XYMJZHAZWINDEG42TK,,,70.0,81.55,GM2DAOSYHI2A
340,X,5,resale,GN6DCMRVGA2TKNZSGU2XYMJZHAZWINDEG42TK,,,70.0,81.55,GM2DAOSYHI2Q
340,X,6,resale,GN6DCMRVGA2TKNZSGU2XYMJZHAZWINDEG42TK,,,70.0,81.55,GM2DAOSYHI3A
340,X,7,resale,GN6DCMRVGA2TKNZSGU2XYMJZHAZWINDEG42TK,,,70.0,81.55,GM2DAOSYHI3Q
340,X,8,resale,GN6DCMRVGA2TKNZSGU2XYMJZHAZWINDEG42TK,,,70.0,81.55,GM2DAOSYHI4A
340,X,9,resale,GN6DCMRVGA2TKNZSGU2XYMJZHAZWINDEG42TK,,,70.0,81.55,GM2DAOSYHI4Q
340,Y,22,primary,GJ6DC7BXGQ,Verified Buccaneers Ticket,P27,70.0,92.6,GM2DAOSZHIZDE
340,Y,23,primary,GJ6DCOBYGAYDAMBUPQ3TI,Aisle Seats,P27,75.0,98.93,GM2DAOSZHIZDG
340,Y,24,primary,GJ6DCOBYGAYDAMBUPQ3TI,Aisle Seats,P27,75.0,98.93,GM2DAOSZHIZDI
340,Z,4,resale,GN6DCMJZG43DMMRQGA4XYMJZHE4GIODCHBRTK,,,63.0,73.4,GM2DAOS2HI2A
340,Z,5,resale,GN6DCMJZG43DMMRQGA4XYMJZHE4GIODCHBRTK,,,63.0,73.4,GM2DAOS2HI2Q
340,Z,6,resale,GN6DCMJZG43DMMRQGA4XYMJZHE4GIODCHBRTK,,,63.0,73.4,GM2DAOS2HI3A
340,Z,7,resale,GN6DCMJZG43DMMRQGA4XYMJZHE4GIODCHBRTK,,,63.0,73.4,GM2DAOS2HI3Q
340,Z,8,resale,GN6DCMJZG43DMMRQGA4XYMJZHE4GIODCHBRTK,,,63.0,73.4,GM2DAOS2HI4A
340,Z,9,resale,GN6DCMJZG43DMMRQGA4XYMJZHE4GIODCHBRTK,,,63.0,73.4,GM2DAOS2HI4Q
340,Z,10,resale,GN6DCMJZG43DMMRQGA4XYMJZHE4GIODCHBRTK,,,63.0,73.4,GM2DAOS2HIYTA
340,Z,11,resale,GN6DCMJZG43DMMRQGA4XYMJZHE4GIODCHBRTK,,,63.0,73.4,GM2DAOS2HIYTC
340,Z,12,resale,GN6DCMJZG43DMMRQGA4XYMJZHE4GIODCHBRTK,,,63.0,73.4,GM2DAOS2HIYTE
340,Z,13,resale,GN6DCMJZG43DMMRQGA4XYMJZHE4GIODCHBRTK,,,63.0,73.4,GM2DAOS2HIYTG
340,Z,14,resale,GN6DCMJZG43DMMRQGA4XYMJZHE4GIODCHBRTK,,,63.0,73.4,GM2DAOS2HIYTI
340,Z,15,resale,GN6DCMJZG43DMMRQGA4XYMJZHE4GIODCHBRTK,,,63.0,73.4,GM2DAOS2HIYTK
340,Z,18,primary,GJ6DC7BXGQ,Verified Buccaneers Ticket,P27,70.0,92.6,GM2DAOS2HIYTQ
340,Z,19,primary,GJ6DC7BXGQ,Verified Buccaneers Ticket,P27,70.0,92.6,GM2DAOS2HIYTS
340,Z,20,primary,GJ6DC7BXGQ,Verified Buccaneers Ticket,P27,70.0,92.6,GM2DAOS2HIZDA
341,A,5,resale,GN6DCMJZG43DMMJSGM4HYMJZHE4GIOBZGA4TK,,,94.0,109.51,GM2DCOSBHI2Q
341,A,6,resale,GN6DCMJZG43DMMJSGM4HYMJZHE4GIOBZGA4TK,,,94.0,109.51,GM2DCOSBHI3A
341,A,7,resale,GN6DCMJZG43DMMJSGM4HYMJZHE4GIOBZGA4TK,,,94.0,109.51,GM2DCOSBHI3Q
341,A,8,resale,GN6DCMJZG43DMMJSGM4HYMJZHE4GIOBZGA4TK,,,94.0,109.51,GM2DCOSBHI4A
341,AA,29,primary,GJ6DCOBYGAYDAMBUPQ3TI,Aisle Seats,P27,75.0,98.93,GM2DCOSBIE5DEOI
341,AA,30,primary,GJ6DCOBYGAYDAMBUPQ3TI,Aisle Seats,P27,75.0,98.93,GM2DCOSBIE5DGMA
341,BB,1,resale,GN6DCMRTGYYTAOBQHA2HYMJZHEZTCNJZG4YDK,,,121.0,140.97,GM2DCOSCII5DC
341,BB,2,resale,GN6DCMRTGYYTAOBQHA2HYMJZHEZTCNJZG4YDK,,,121.0,140.97,GM2DCOSCII5DE
341,BB,3,resale,GN6DCMRTGYYTAOBQHA2HYMJZHEZTCNJZG4YDK,,,121.0,140.97,GM2DCOSCII5DG
341,BB,4,resale,GN6DCMRTGYYTAOBQHA2HYMJZHEZTCNJZG4YDK,,,121.0,140.97,GM2DCOSCII5DI
341,BB,5,resale,GN6DCMRTGYYTAOBQHA2HYMJZHEZTCNJZG4YDK,,,121.0,140.97,GM2DCOSCII5DK
341,BB,6,resale,GN6DCMRTGYYTAOBQHA2HYMJZHEZTCNJZG4YDK,,,121.0,140.97,GM2DCOSCII5DM
341,BB,7,resale,GN6DCMRTGYYTAOBQHA2HYMJZHEZTCNJZG4YDK,,,121.0,140.97,GM2DCOSCII5DO
341,BB,8,resale,GN6DCMRTGYYTAOBQHA2HYMJZHEZTCNJZG4YDK,,,121.0,140.97,GM2DCOSCII5DQ
341,BB,9,resale,GN6DCMRTGYYTAOBQHA2HYMJZHEZTCNJZG4YDK,,,121.0,140.97,GM2DCOSCII5DS
341,BB,10,resale,GN6DCMRTGYYTAOBQHA2HYMJZHEZTCNJZG4YDK,,,121.0,140.97,GM2DCOSCII5DCMA
341,BB,11,resale,GN6DCMRTGYYTAOBQHA2HYMJZHEZTCNJZG4YDK,,,121.0,140.97,GM2DCOSCII5DCMI
341,BB,12,resale,GN6DCMRTGYYTAOBQHA2HYMJZHEZTCNJZG4YDK,,,121.0,140.97,GM2DCOSCII5DCMQ
341,BB,13,resale,GN6DCMRTGYYTAOBQHA2HYMJZHEZTCNJZG4YDK,,,121.0,140.97,GM2DCOSCII5DCMY
341,BB,14,resale,GN6DCMRTGYYTAOBQHA2HYMJZHEZTCNJZG4YDK,,,121.0,140.97,GM2DCOSCII5DCNA
341,BB,15,resale,GN6DCMRTGYYTAOBQHA2HYMJZHEZTCNJZG4YDK,,,121.0,140.97,GM2DCOSCII5DCNI
341,BB,16,resale,GN6DCMRTGYYTAOBQHA2HYMJZHEZTCNJZG4YDK,,,121.0,140.97,GM2DCOSCII5DCNQ
341,BB,17,resale,GN6DCMRTGYYTAOBQHA2HYMJZHEZTCNJZG4YDK,,,121.0,140.97,GM2DCOSCII5DCNY
341,BB,18,resale,GN6DCMRTGYYTAOBQHA2HYMJZHEZTCNJZG4YDK,,,121.0,140.97,GM2DCOSCII5DCOA
341,BB,19,resale,GN6DCMRTGYYTAOBQHA2HYMJZHEZTCNJZG4YDK,,,121.0,140.97,GM2DCOSCII5DCOI
341,BB,20,resale,GN6DCMRTGYYTAOBQHA2HYMJZHEZTCNJZG4YDK,,,121.0,140.97,GM2DCOSCII5DEMA
341,BB,21,resale,GN6DCMRTGYYTAOBQHA2HYMJZHEZTCNJZG4YDK,,,121.0,140.97,GM2DCOSCII5DEMI
341,BB,22,resale,GN6DCMRTGYYTAOBQHA2HYMJZHEZTCNJZG4YDK,,,121.0,140.97,GM2DCOSCII5DEMQ
341,BB,23,resale,GN6DCMRTGYYTAOBQHA2HYMJZHEZTCNJZG4YDK,,,121.0,140.97,GM2DCOSCII5DEMY
341,BB,24,resale,GN6DCMRTGYYTAOBQHA2HYMJZHEZTCNJZG4YDK,,,121.0,140.97,GM2DCOSCII5DENA
341,BB,25,resale,GN6DCMRTGYYTAOBQHA2HYMJZHEZTCNJZG4YDK,,,121.0,140.97,GM2DCOSCII5DENI
341,BB,26,resale,GN6DCMRTGYYTAOBQHA2HYMJZHEZTCNJZG4YDK,,,121.0,140.97,GM2DCOSCII5DENQ
341,BB,27,resale,GN6DCMRTGYYTAOBQHA2HYMJZHEZTCNJZG4YDK,,,121.0,140.97,GM2DCOSCII5DENY
341,BB,28,resale,GN6DCMRTGYYTAOBQHA2HYMJZHEZTCNJZG4YDK,,,121.0,140.97,GM2DCOSCII5DEOA
341,BB,29,resale,GN6DCMRTGYYTAOBQHA2HYMJZHEZTCNJZG4YDK,,,121.0,140.97,GM2DCOSCII5DEOI
341,BB,30,resale,GN6DCMRTGYYTAOBQHA2HYMJZHEZTCNJZG4YDK,,,121.0,140.97,GM2DCOSCII5DGMA
341,BB,31,resale,GN6DCMRTGYYTAOBQHA2HYMJZHEZTCNJZG4YDK,,,121.0,140.97,GM2DCOSCII5DGMI
341,C,5,resale,GN6DCMRWGA2DINJYG42XYMJZHFSWGYRRMY3DK,,,72.0,83.88,GM2DCOSDHI2Q
341,C,6,resale,GN6DCMRWGA2DINJYG42XYMJZHFSWGYRRMY3DK,,,72.0,83.88,GM2DCOSDHI3A
341,C,7,resale,GN6DCMRWGA2DINJYG42XYMJZHFSWGYRRMY3DK,,,72.0,83.88,GM2DCOSDHI3Q
341,C,8,resale,GN6DCMRWGA2DINJYG42XYMJZHFSWGYRRMY3DK,,,72.0,83.88,GM2DCOSDHI4A
341,CC,1,primary,GJ6DCOBYGAYDAMBUPQ3TI,Aisle Seats,P27,75.0,98.93,GM2DCOSDIM5DC
341,CC,2,primary,GJ6DCOBYGAYDAMBUPQ3TI,Aisle Seats,P27,75.0,98.93,GM2DCOSDIM5DE
341,CC,15,primary,GJ6DC7BXGQ,Verified Buccaneers Ticket,P27,70.0,92.6,GM2DCOSDIM5DCNI
341,CC,16,primary,GJ6DC7BXGQ,Verified Buccaneers Ticket,P27,70.0,92.6,GM2DCOSDIM5DCNQ
341,CC,17,primary,GJ6DC7BXGQ,Verified Buccaneers Ticket,P27,70.0,92.6,GM2DCOSDIM5DCNY
341,CC,18,primary,GJ6DC7BXGQ,Verified Buccaneers Ticket,P27,70.0,92.6,GM2DCOSDIM5DCOA
341,CC,19,primary,GJ6DC7BXGQ,Verified Buccaneers Ticket,P27,70.0,92.6,GM2DCOSDIM5DCOI
341,CC,20,primary,GJ6DC7BXGQ,Verified Buccaneers Ticket,P27,70.0,92.6,GM2DCOSDIM5DEMA
341,DD,4,primary,GJ6DC7BXGQ,Verified Buccaneers Ticket,P27,70.0,92.6,GM2DCOSEIQ5DI
341,DD,5,primary,GJ6DC7BXGQ,Verified Buccaneers Ticket,P27,70.0,92.6,GM2DCOSEIQ5DK
341,DD,6,primary,GJ6DC7BXGQ,Verified Buccaneers Ticket,P27,70.0,92.6,GM2DCOSEIQ5DM
341,DD,7,primary,GJ6DC7BXGQ,Verified Buccaneers Ticket,P27,70.0,92.6,GM2DCOSEIQ5DO
341,DD,8,primary,GJ6DC7BXGQ,Verified Buccaneers Ticket,P27,70.0,92.6,GM2DCOSEIQ5DQ
341,DD,9,primary,GJ6DC7BXGQ,Verified Buccaneers Ticket,P27,70.0,92.6,GM2DCOSEIQ5DS
341,DD,10,primary,GJ6DC7BXGQ,Verified Buccaneers Ticket,P27,70.0,92.6,GM2DCOSEIQ5DCMA
341,DD,11,primary,GJ6DC7BXGQ,Verified Buccaneers Ticket,P27,70.0,92.6,GM2DCOSEIQ5DCMI
341,DD,26,primary,GJ6DC7BXGQ,Verified Buccaneers Ticket,P27,70.0,92.6,GM2DCOSEIQ5DENQ
341,DD,27,primary,GJ6DC7BXGQ,Verified Buccaneers Ticket,P27,70.0,92.6,GM2DCOSEIQ5DENY
341,DD,28,primary,GJ6DC7BXGQ,Verified Buccaneers Ticket,P27,70.0,92.6,GM2DCOSEIQ5DEOA
341,DD,29,primary,GJ6DC7BXGQ,Verified Buccaneers Ticket,P27,70.0,92.6,GM2DCOSEIQ5DEOI
341,DD,30,primary,GJ6DC7BXGQ,Verified Buccaneers Ticket,P27,70.0,92.6,GM2DCOSEIQ5DGMA
341,DD,31,primary,GJ6DC7BXGQ,Verified Buccaneers Ticket,P27,70.0,92.6,GM2DCOSEIQ5DGMI
341,DD,32,primary,GJ6DC7BXGQ,Verified Buccaneers Ticket,P27,70.0,92.6,GM2DCOSEIQ5DGMQ
341,DD,33,primary,GJ6DC7BXGQ,Verified Buccaneers Ticket,P27,70.0,92.6,GM2DCOSEIQ5DGMY
341,E,3,resale,GN6DCMRTG42TIMRVGYYHYMJZHFSWCMRXGRSDK,,,64.0,74.56,GM2DCOSFHIZQ
341,E,4,resale,GN6DCMRTG42TIMRVGYYHYMJZHFSWCMRXGRSDK,,,64.0,74.56,GM2DCOSFHI2A
341,E,9,resale,GN6DCMRVGIYDSNZRGYZHYMJZHA4GCMBWMEZTK,,,105.0,122.33,GM2DCOSFHI4Q
341,E,10,resale,GN6DCMRVGIYDSNZRGYZHYMJZHA4GCMBWMEZTK,,,105.0,122.33,GM2DCOSFHIYTA
341,F,11,resale,GN6DCMRVGQZTCOBQGY3XYMJZHE4GIOBZMU3TK,,,68.0,79.22,GM2DCOSGHIYTC
341,F,12,resale,GN6DCMRVGQZTCOBQGY3XYMJZHE4GIOBZMU3TK,,,68.0,79.22,GM2DCOSGHIYTE
341,F,13,resale,GN6DCMRVGQZTCOBQGY3XYMJZHE4GIOBZMU3TK,,,68.0,79.22,GM2DCOSGHIYTG
341,J,1,resale,GN6DCMJZGE2TOMBYGAZXYMJZHFRDCMZUHA4DK,,,64.0,74.56,GM2DCOSKHIYQ
341,J,2,resale,GN6DCMJZGE2TOMBYGAZXYMJZHFRDCMZUHA4DK,,,64.0,74.56,GM2DCOSKHIZA
341,J,3,resale,GN6DCMJZGE2TOMBYGAZXYMJZHFRDCMZUHA4DK,,,64.0,74.56,GM2DCOSKHIZQ
341,J,4,resale,GN6DCMJZGE2TOMBYGAZXYMJZHFRDCMZUHA4DK,,,64.0,74.56,GM2DCOSKHI2A
341,J,7,resale,GN6DCMRVG42DSNJYGE4HYMJZHE4GIOBXME2DK,,,70.0,81.55,GM2DCOSKHI3Q
341,J,8,resale,GN6DCMRVG42DSNJYGE4HYMJZHE4GIOBXME2DK,,,70.0,81.55,GM2DCOSKHI4A
341,J,9,resale,GN6DCMRVG42DSNJYGE4HYMJZHE4GIOBXME2DK,,,70.0,81.55,GM2DCOSKHI4Q
341,J,10,resale,GN6DCMRVG42DSNJYGE4HYMJZHE4GIOBXME2DK,,,70.0,81.55,GM2DCOSKHIYTA
341,J,11,resale,GN6DCMRVG42DSNJYGE4HYMJZHE4GIOBXME2DK,,,70.0,81.55,GM2DCOSKHIYTC
341,J,12,resale,GN6DCMRVG42DSNJYGE4HYMJZHE4GIOBXME2DK,,,70.0,81.55,GM2DCOSKHIYTE
341,J,13,resale,GN6DCMRVG42DSNJYGE4HYMJZHE4GIOBXME2DK,,,70.0,81.55,GM2DCOSKHIYTG
341,J,14,resale,GN6DCMRVG42DSNJYGE4HYMJZHE4GIOBXME2DK,,,70.0,81.55,GM2DCOSKHIYTI
341,K,15,primary,GJ6DC7BXGQ,Verified Buccaneers Ticket,P27,70.0,92.6,GM2DCOSLHIYTK
341,K,16,primary,GJ6DC7BXGQ,Verified Buccaneers Ticket,P27,70.0,92.6,GM2DCOSLHIYTM
341,K,17,primary,GJ6DC7BXGQ,Verified Buccaneers Ticket,P27,70.0,92.6,GM2DCOSLHIYTO
341,K,18,primary,GJ6DC7BXGQ,Verified Buccaneers Ticket,P27,70.0,92.6,GM2DCOSLHIYTQ
341,M,20,primary,GJ6DCOBYGAYDAMBUPQ3TI,Aisle Seats,P27,75.0,98.93,GM2DCOSNHIZDA
341,M,21,primary,GJ6DCOBYGAYDAMBUPQ3TI,Aisle Seats,P27,75.0,98.93,GM2DCOSNHIZDC
341,N,19,primary,GJ6DC7BXGQ,Verified Buccaneers Ticket,P27,70.0,92.6,GM2DCOSOHIYTS
341,N,20,primary,GJ6DC7BXGQ,Verified Buccaneers Ticket,P27,70.0,92.6,GM2DCOSOHIZDA
341,N,21,primary,GJ6DCOBYGAYDAMBUPQ3TI,Aisle Seats,P27,75.0,98.93,GM2DCOSOHIZDC
341,N,22,primary,GJ6DCOBYGAYDAMBUPQ3TI,Aisle Seats,P27,75.0,98.93,GM2DCOSOHIZDE
341,P,1,primary,GJ6DCOBYGAYDAMBUPQ3TI,Aisle Seats,P27,75.0,98.93,GM2DCOSQHIYQ
341,P,2,primary,GJ6DCOBYGAYDAMBUPQ3TI,Aisle Seats,P27,75.0,98.93,GM2DCOSQHIZA
341,P,9,primary,GJ6DC7BXGQ,Verified Buccaneers Ticket,P27,70.0,92.6,GM2DCOSQHI4Q
341,P,10,primary,GJ6DC7BXGQ,Verified Buccaneers Ticket,P27,70.0,92.6,GM2DCOSQHIYTA
341,P,11,resale,GN6DCMRVGYYDKOJSHA4XYMJZHE4GIOBWG5RTK,,,68.0,79.22,GM2DCOSQHIYTC
341,P,12,resale,GN6DCMRVGYYDKOJSHA4XYMJZHE4GIOBWG5RTK,,,68.0,79.22,GM2DCOSQHIYTE
341,P,13,resale,GN6DCMRVGYYDKOJSHA4XYMJZHE4GIOBWG5RTK,,,68.0,79.22,GM2DCOSQHIYTG
341,P,14,resale,GN6DCMRVGYYDKOJSHA4XYMJZHE4GIOBWG5RTK,,,68.0,79.22,GM2DCOSQHIYTI
341,P,15,resale,GN6DCMRVGYYDKOJSHA4XYMJZHE4GIOBWG5RTK,,,68.0,79.22,GM2DCOSQHIYTK
341,P,16,resale,GN6DCMRVGYYDKOJSHA4XYMJZHE4GIOBWG5RTK,,,68.0,79.22,GM2DCOSQHIYTM
341,P,17,resale,GN6DCMRVGYYDKOJSHA4XYMJZHE4GIOBWG5RTK,,,68.0,79.22,GM2DCOSQHIYTO
341,P,18,resale,GN6DCMRVGYYDKOJSHA4XYMJZHE4GIOBWG5RTK,,,68.0,79.22,GM2DCOSQHIYTQ
341,P,19,resale,GN6DCMRVGYYDKOJSHA4XYMJZHE4GIOBWG5RTK,,,68.0,79.22,GM2DCOSQHIYTS
341,P,20,resale,GN6DCMRVGYYDKOJSHA4XYMJZHE4GIOBWG5RTK,,,68.0,79.22,GM2DCOSQHIZDA
341,P,21,resale,GN6DCMRVGYYDKOJSHA4XYMJZHE4GIOBWG5RTK,,,68.0,79.22,GM2DCOSQHIZDC
341,U,3,primary,GJ6DC7BXGQ,Verified Buccaneers Ticket,P27,70.0,92.6,GM2DCOSVHIZQ
341,U,4,primary,GJ6DC7BXGQ,Verified Buccaneers Ticket,P27,70.0,92.6,GM2DCOSVHI2A
341,U,5,primary,GJ6DC7BXGQ,Verified Buccaneers Ticket,P27,70.0,92.6,GM2DCOSVHI2Q
341,U,6,primary,GJ6DC7BXGQ,Verified Buccaneers Ticket,P27,70.0,92.6,GM2DCOSVHI3A
341,U,13,primary,GJ6DC7BXGQ,Verified Buccaneers Ticket,P27,70.0,92.6,GM2DCOSVHIYTG
341,U,14,primary,GJ6DC7BXGQ,Verified Buccaneers Ticket,P27,70.0,92.6,GM2DCOSVHIYTI
341,U,15,primary,GJ6DC7BXGQ,Verified Buccaneers Ticket,P27,70.0,92.6,GM2DCOSVHIYTK
341,U,16,primary,GJ6DC7BXGQ,Verified Buccaneers Ticket,P27,70.0,92.6,GM2DCOSVHIYTM
341,U,17,primary,GJ6DC7BXGQ,Verified Buccaneers Ticket,P27,70.0,92.6,GM2DCOSVHIYTO
341,U,18,primary,GJ6DC7BXGQ,Verified Buccaneers Ticket,P27,70.0,92.6,GM2DCOSVHIYTQ
341,U,19,primary,GJ6DC7BXGQ,Verified Buccaneers Ticket,P27,70.0,92.6,GM2DCOSVHIYTS
341,U,20,resale,GN6DCMRVG42TAOBUGA3HYMJZHE4GIOBTG5RDK,,,60.0,69.9,GM2DCOSVHIZDA
341,U,21,resale,GN6DCMRVG42TAOBUGA3HYMJZHE4GIOBTG5RDK,,,60.0,69.9,GM2DCOSVHIZDC
341,U,22,resale,GN6DCMRVG42TAOBUGA3HYMJZHE4GIOBTG5RDK,,,60.0,69.9,GM2DCOSVHIZDE
341,U,23,resale,GN6DCMRVG42TAOBUGA3HYMJZHE4GIOBTG5RDK,,,60.0,69.9,GM2DCOSVHIZDG
341,U,24,resale,GN6DCMRVG42TAOBUGA3HYMJZHE4GIOBTG5RDK,,,60.0,69.9,GM2DCOSVHIZDI
341,U,25,resale,GN6DCMRVG42TAOBUGA3HYMJZHE4GIOBTG5RDK,,,60.0,69.9,GM2DCOSVHIZDK
341,U,26,resale,GN6DCMRVG42TAOBUGA3HYMJZHE4GIOBTG5RDK,,,60.0,69.9,GM2DCOSVHIZDM
341,W,4,primary,GJ6DC7BXGQ,Verified Buccaneers Ticket,P27,70.0,92.6,GM2DCOSXHI2A
341,W,5,primary,GJ6DC7BXGQ,Verified Buccaneers Ticket,P27,70.0,92.6,GM2DCOSXHI2Q
341,W,6,primary,GJ6DC7BXGQ,Verified Buccaneers Ticket,P27,70.0,92.6,GM2DCOSXHI3A
341,W,12,primary,GJ6DC7BXGQ,Verified Buccaneers Ticket,P27,70.0,92.6,GM2DCOSXHIYTE
341,W,13,primary,GJ6DC7BXGQ,Verified Buccaneers Ticket,P27,70.0,92.6,GM2DCOSXHIYTG
341,W,14,primary,GJ6DC7BXGQ,Verified Buccaneers Ticket,P27,70.0,92.6,GM2DCOSXHIYTI
341,X,10,primary,GJ6DC7BXGQ,Verified Buccaneers Ticket,P27,70.0,92.6,GM2DCOSYHIYTA
341,X,11,primary,GJ6DC7BXGQ,Verified Buccaneers Ticket,P27,70.0,92.6,GM2DCOSYHIYTC
341,X,12,primary,GJ6DC7BXGQ,Verified Buccaneers Ticket,P27,70.0,92.6,GM2DCOSYHIYTE
341,X,13,primary,GJ6DC7BXGQ,Verified Buccaneers Ticket,P27,70.0,92.6,GM2DCOSYHIYTG
341,X,20,primary,GJ6DC7BXGQ,Verified Buccaneers Ticket,P27,70.0,92.6,GM2DCOSYHIZDA
341,X,21,primary,GJ6DC7BXGQ,Verified Buccaneers Ticket,P27,70.0,92.6,GM2DCOSYHIZDC
341,X,22,primary,GJ6DC7BXGQ,Verified Buccaneers Ticket,P27,70.0,92.6,GM2DCOSYHIZDE
341,X,23,primary,GJ6DC7BXGQ,Verified Buccaneers Ticket,P27,70.0,92.6,GM2DCOSYHIZDG
341,X,24,primary,GJ6DC7BXGQ,Verified Buccaneers Ticket,P27,70.0,92.6,GM2DCOSYHIZDI
341,X,25,primary,GJ6DC7BXGQ,Verified Buccaneers Ticket,P27,70.0,92.6,GM2DCOSYHIZDK
341,X,26,primary,GJ6DC7BXGQ,Verified Buccaneers Ticket,P27,70.0,92.6,GM2DCOSYHIZDM
341,X,27,primary,GJ6DCOBYGAYDAMBUPQ3TI,Aisle Seats,P27,75.0,98.93,GM2DCOSYHIZDO
341,X,28,primary,GJ6DCOBYGAYDAMBUPQ3TI,Aisle Seats,P27,75.0,98.93,GM2DCOSYHIZDQ
341,Y,9,primary,GJ6DC7BXGQ,Verified Buccaneers Ticket,P27,70.0,92.6,GM2DCOSZHI4Q
341,Y,10,primary,GJ6DC7BXGQ,Verified Buccaneers Ticket,P27,70.0,92.6,GM2DCOSZHIYTA
341,Y,11,primary,GJ6DC7BXGQ,Verified Buccaneers Ticket,P27,70.0,92.6,GM2DCOSZHIYTC
341,Y,12,primary,GJ6DC7BXGQ,Verified Buccaneers Ticket,P27,70.0,92.6,GM2DCOSZHIYTE
341,Y,13,primary,GJ6DC7BXGQ,Verified Buccaneers Ticket,P27,70.0,92.6,GM2DCOSZHIYTG
341,Y,14,primary,GJ6DC7BXGQ,Verified Buccaneers Ticket,P27,70.0,92.6,GM2DCOSZHIYTI
341,Y,20,resale,GN6DCMRVG43DSNRTGYZHYMJZHE4TEOLBHFSTK,,,63.0,73.4,GM2DCOSZHIZDA
341,Y,21,resale,GN6DCMRVG43DSNRTGYZHYMJZHE4TEOLBHFSTK,,,63.0,73.4,GM2DCOSZHIZDC
341,Y,22,resale,GN6DCMRVG43DSNRTGYZHYMJZHE4TEOLBHFSTK,,,63.0,73.4,GM2DCOSZHIZDE
341,Y,23,resale,GN6DCMRVG43DSNRTGYZHYMJZHE4TEOLBHFSTK,,,63.0,73.4,GM2DCOSZHIZDG
341,Y,24,resale,GN6DCMRVG43DSNRTGYZHYMJZHE4TEOLBHFSTK,,,63.0,73.4,GM2DCOSZHIZDI
341,Y,25,resale,GN6DCMRVG43DSNRTGYZHYMJZHE4TEOLBHFSTK,,,63.0,73.4,GM2DCOSZHIZDK
341,Y,26,resale,GN6DCMRVG43DSNRTGYZHYMJZHE4TEOLBHFSTK,,,63.0,73.4,GM2DCOSZHIZDM
341,Y,27,resale,GN6DCMRVG43DSNRTGYZHYMJZHE4TEOLBHFSTK,,,63.0,73.4,GM2DCOSZHIZDO
341,Y,28,resale,GN6DCMRVG43DSNRTGYZHYMJZHE4TEOLBHFSTK,,,63.0,73.4,GM2DCOSZHIZDQ
342,A,26,resale,GN6DCMJZG43DMMJSGM2XYMJZHE4GIOBRMRTDK,,,91.0,106.02,GM2DEOSBHIZDM
342,A,27,resale,GN6DCMJZG43DMMJSGM2XYMJZHE4GIOBRMRTDK,,,91.0,106.02,GM2DEOSBHIZDO
342,AA,29,primary,GJ6DC7BXGQ,Verified Buccaneers Ticket,P27,70.0,92.6,GM2DEOSBIE5DEOI
342,AA,30,primary,GJ6DC7BXGQ,Verified Buccaneers Ticket,P27,70.0,92.6,GM2DEOSBIE5DGMA
342,AA,31,primary,GJ6DC7BXGQ,Verified Buccaneers Ticket,P27,70.0,92.6,GM2DEOSBIE5DGMI
342,AA,32,primary,GJ6DC7BXGQ,Verified Buccaneers Ticket,P27,70.0,92.6,GM2DEOSBIE5DGMQ
342,AA,33,primary,GJ6DC7BXGQ,Verified Buccaneers Ticket,P27,70.0,92.6,GM2DEOSBIE5DGMY
342,AA,34,primary,GJ6DC7BXGQ,Verified Buccaneers Ticket,P27,70.0,92.6,GM2DEOSBIE5DGNA
342,AA,35,primary,GJ6DCOBYGAYDAMBUPQ3TI,Aisle Seats,P27,75.0,98.93,GM2DEOSBIE5DGNI
342,AA,36,primary,GJ6DCOBYGAYDAMBUPQ3TI,Aisle Seats,P27,75.0,98.93,GM2DEOSBIE5DGNQ
342,B,19,resale,GN6DCMJZG43DMMJUGIYHYMJZHE4GIOBWME4DK,,,81.0,94.37,GM2DEOSCHIYTS
342,B,22,resale,GN6DCMJZGA3TCNJSGM3HYMJZHEZTCNJXGNQTK,,,351.0,408.92,GM2DEOSCHIZDE
342,B,23,resale,GN6DCMJZGA3TCNJSGM3HYMJZHEZTCNJXGNQTK,,,351.0,408.92,GM2DEOSCHIZDG
342,B,24,resale,GN6DCMJZGA3TCNJSGM3HYMJZHEZTCNJXGNQTK,,,351.0,408.92,GM2DEOSCHIZDI
342,B,25,resale,GN6DCMJZGA3TCNJSGM3HYMJZHEZTCNJXGNQTK,,,351.0,408.92,GM2DEOSCHIZDK
342,BB,3,primary,GJ6DCOBYGAYDAMBUPQ3TI,Aisle Seats,P27,75.0,98.93,GM2DEOSCII5DG
342,BB,4,primary,GJ6DCOBYGAYDAMBUPQ3TI,Aisle Seats,P27,75.0,98.93,GM2DEOSCII5DI
342,BB,5,primary,GJ6DC7BXGQ,Verified Buccaneers Ticket,P27,70.0,92.6,GM2DEOSCII5DK
342,BB,6,primary,GJ6DC7BXGQ,Verified Buccaneers Ticket,P27,70.0,92.6,GM2DEOSCII5DM
342,BB,7,primary,GJ6DC7BXGQ,Verified Buccaneers Ticket,P27,70.0,92.6,GM2DEOSCII5DO
342,BB,8,primary,GJ6DC7BXGQ,Verified Buccaneers Ticket,P27,70.0,92.6,GM2DEOSCII5DQ
342,BB,9,primary,GJ6DC7BXGQ,Verified Buccaneers Ticket,P27,70.0,92.6,GM2DEOSCII5DS
342,BB,10,primary,GJ6DC7BXGQ,Verified Buccaneers Ticket,P27,70.0,92.6,GM2DEOSCII5DCMA
342,BB,11,primary,GJ6DC7BXGQ,Verified Buccaneers Ticket,P27,70.0,92.6,GM2DEOSCII5DCMI
342,BB,12,primary,GJ6DC7BXGQ,Verified Buccaneers Ticket,P27,70.0,92.6,GM2DEOSCII5DCMQ
342,BB,35,primary,GJ6DCOBYGAYDAMBUPQ3TI,Aisle Seats,P27,75.0,98.93,GM2DEOSCII5DGNI
342,BB,36,primary,GJ6DCOBYGAYDAMBUPQ3TI,Aisle Seats,P27,75.0,98.93,GM2DEOSCII5DGNQ
342,CC,14,resale,GN6DCMRVG43DSNRTGYYXYMJZHE4TEOJZMI4DK,,,57.0,66.41,GM2DEOSDIM5DCNA
342,CC,15,resale,GN6DCMRVG43DSNRTGYYXYMJZHE4TEOJZMI4DK,,,57.0,66.41,GM2DEOSDIM5DCNI
342,CC,16,resale,GN6DCMRVG43DSNRTGYYXYMJZHE4TEOJZMI4DK,,,57.0,66.41,GM2DEOSDIM5DCNQ
342,CC,17,resale,GN6DCMRVG43DSNRTGYYXYMJZHE4TEOJZMI4DK,,,57.0,66.41,GM2DEOSDIM5DCNY
342,CC,18,resale,GN6DCMRVG43DSNRTGYYXYMJZHE4TEOJZMI4DK,,,57.0,66.41,GM2DEOSDIM5DCOA
342,CC,19,primary,GJ6DC7BXGQ,Verified Buccaneers Ticket,P27,70.0,92.6,GM2DEOSDIM5DCOI
342,CC,20,primary,GJ6DC7BXGQ,Verified Buccaneers Ticket,P27,70.0,92.6,GM2DEOSDIM5DEMA
342,CC,21,primary,GJ6DC7BXGQ,Verified Buccaneers Ticket,P27,70.0,92.6,GM2DEOSDIM5DEMI
342,CC,22,primary,GJ6DC7BXGQ,Verified Buccaneers Ticket,P27,70.0,92.6,GM2DEOSDIM5DEMQ
342,CC,23,primary,GJ6DC7BXGQ,Verified Buccaneers Ticket,P27,70.0,92.6,GM2DEOSDIM5DEMY
342,CC,24,primary,GJ6DC7BXGQ,Verified Buccaneers Ticket,P27,70.0,92.6,GM2DEOSDIM5DENA
342,CC,25,primary,GJ6DC7BXGQ,Verified Buccaneers Ticket,P27,70.0,92.6,GM2DEOSDIM5DENI
342,CC,26,primary,GJ6DC7BXGQ,Verified Buccaneers Ticket,P27,70.0,92.6,GM2DEOSDIM5DENQ
342,CC,27,primary,GJ6DC7BXGQ,Verified Buccaneers Ticket,P27,70.0,92.6,GM2DEOSDIM5DENY
342,CC,28,primary,GJ6DC7BXGQ,Verified Buccaneers Ticket,P27,70.0,92.6,GM2DEOSDIM5DEOA
342,CC,35,primary,GJ6DCOBYGAYDAMBUPQ3TI,Aisle Seats,P27,75.0,98.93,GM2DEOSDIM5DGNI
342,CC,36,primary,GJ6DCOBYGAYDAMBUPQ3TI,Aisle Seats,P27,75.0,98.93,GM2DEOSDIM5DGNQ
342,D,19,resale,GN6DCMJZGEYDGMZWHAYXYMJZHE4GIOBVMEZDK,,,75.0,87.38,GM2DEOSEHIYTS
342,D,20,resale,GN6DCMJZGEYDGMZWHAYXYMJZHE4GIOBVMEZDK,,,75.0,87.38,GM2DEOSEHIZDA
342,D,21,resale,GN6DCMJZGEYDGMZWHAYXYMJZHE4GIOBVMEZDK,,,75.0,87.38,GM2DEOSEHIZDC
342,D,22,resale,GN6DCMJZGEYDGMZWHAYXYMJZHE4GIOBVMEZDK,,,75.0,87.38,GM2DEOSEHIZDE
342,D,23,resale,GN6DCMJZGEYDGMZWHAYXYMJZHE4GIOBVMEZDK,,,75.0,87.38,GM2DEOSEHIZDG
342,D,24,resale,GN6DCMJZGEYDGMZWHAYXYMJZHE4GIOBVMEZDK,,,75.0,87.38,GM2DEOSEHIZDI
342,D,25,resale,GN6DCMJZGEYDGMZWHAYXYMJZHE4GIOBVMEZDK,,,75.0,87.38,GM2DEOSEHIZDK
342,D,26,resale,GN6DCMJZGEYDGMZWHAYXYMJZHE4GIOBVMEZDK,,,75.0,87.38,GM2DEOSEHIZDM
342,DD,2,primary,GJ6DC7BXGQ,Verified Buccaneers Ticket,P27,70.0,92.6,GM2DEOSEIQ5DE
342,DD,3,primary,GJ6DC7BXGQ,Verified Buccaneers Ticket,P27,70.0,92.6,GM2DEOSEIQ5DG
342,DD,4,primary,GJ6DC7BXGQ,Verified Buccaneers Ticket,P27,70.0,92.6,GM2DEOSEIQ5DI
342,DD,5,primary,GJ6DC7BXGQ,Verified Buccaneers Ticket,P27,70.0,92.6,GM2DEOSEIQ5DK
342,DD,6,primary,GJ6DC7BXGQ,Verified Buccaneers Ticket,P27,70.0,92.6,GM2DEOSEIQ5DM
342,DD,7,primary,GJ6DC7BXGQ,Verified Buccaneers Ticket,P27,70.0,92.6,GM2DEOSEIQ5DO
342,DD,8,primary,GJ6DC7BXGQ,Verified Buccaneers Ticket,P27,70.0,92.6,GM2DEOSEIQ5DQ
342,DD,9,primary,GJ6DC7BXGQ,Verified Buccaneers Ticket,P27,70.0,92.6,GM2DEOSEIQ5DS
342,DD,10,primary,GJ6DC7BXGQ,Verified Buccaneers Ticket,P27,70.0,92.6,GM2DEOSEIQ5DCMA
342,DD,32,primary,GJ6DC7BXGQ,Verified Buccaneers Ticket,P27,70.0,92.6,GM2DEOSEIQ5DGMQ
342,DD,33,primary,GJ6DC7BXGQ,Verified Buccaneers Ticket,P27,70.0,92.6,GM2DEOSEIQ5DGMY
342,DD,34,primary,GJ6DC7BXGQ,Verified Buccaneers Ticket,P27,70.0,92.6,GM2DEOSEIQ5DGNA
342,DD,35,primary,GJ6DC7BXGQ,Verified Buccaneers Ticket,P27,70.0,92.6,GM2DEOSEIQ5DGNI
342,DD,36,primary,GJ6DC7BXGQ,Verified Buccaneers Ticket,P27,70.0,92.6,GM2DEOSEIQ5DGNQ
342,G,31,resale,GN6DCMRVG42DKMJTGM2XYMJZHE4DKY3DMFSTK,,,105.0,122.33,GM2DEOSHHIZTC
342,G,32,resale,GN6DCMRVG42DKMJTGM2XYMJZHE4DKY3DMFSTK,,,105.0,122.33,GM2DEOSHHIZTE
342,G,33,resale,GN6DCMRVG42DKMJTGM2XYMJZHE4DKY3DMFSTK,,,105.0,122.33,GM2DEOSHHIZTG
342,G,34,resale,GN6DCMRVG42DKMJTGM2XYMJZHE4DKY3DMFSTK,,,105.0,122.33,GM2DEOSHHIZTI
342,H,33,resale,GN6DCMJZGE2TOMBYGUYHYMJZHFRDCMTEMU2TK,,,69.0,80.39,GM2DEOSIHIZTG
342,H,34,resale,GN6DCMJZGE2TOMBYGUYHYMJZHFRDCMTEMU2TK,,,69.0,80.39,GM2DEOSIHIZTI
342,H,35,resale,GN6DCMJZGE2TOMBYGUYHYMJZHFRDCMTEMU2TK,,,69.0,80.39,GM2DEOSIHIZTK
342,H,36,resale,GN6DCMJZGE2TOMBYGUYHYMJZHFRDCMTEMU2TK,,,69.0,80.39,GM2DEOSIHIZTM
342,J,28,resale,GN6DCMJZGE2TOMBYGY2HYMJZHFRDCMTBGFTDK,,,65.0,75.73,GM2DEOSKHIZDQ
342,J,29,resale,GN6DCMJZGE2TOMBYGY2HYMJZHFRDCMTBGFTDK,,,65.0,75.73,GM2DEOSKHIZDS
342,J,30,resale,GN6DCMJZGE2TOMBYGY2HYMJZHFRDCMTBGFTDK,,,65.0,75.73,GM2DEOSKHIZTA
342,K,15,primary,GJ6DC7BXGQ,Verified Buccaneers Ticket,P27,70.0,92.6,GM2DEOSLHIYTK
342,K,16,primary,GJ6DC7BXGQ,Verified Buccaneers Ticket,P27,70.0,92.6,GM2DEOSLHIYTM
342,L,13,primary,GJ6DCOBYGAYDAMBUPQ3TI,Aisle Seats,P27,75.0,98.93,GM2DEOSMHIYTG
342,L,14,primary,GJ6DCOBYGAYDAMBUPQ3TI,Aisle Seats,P27,75.0,98.93,GM2DEOSMHIYTI
342,L,24,primary,GJ6DC7BXGQ,Verified Buccaneers Ticket,P27,70.0,92.6,GM2DEOSMHIZDI
342,L,25,primary,GJ6DC7BXGQ,Verified Buccaneers Ticket,P27,70.0,92.6,GM2DEOSMHIZDK
342,L,35,primary,GJ6DCOBYGAYDAMBUPQ3TI,Aisle Seats,P27,75.0,98.93,GM2DEOSMHIZTK
342,L,36,primary,GJ6DCOBYGAYDAMBUPQ3TI,Aisle Seats,P27,75.0,98.93,GM2DEOSMHIZTM
342,M,35,primary,GJ6DCOBYGAYDAMBUPQ3TI,Aisle Seats,P27,75.0,98.93,GM2DEOSNHIZTK
342,M,36,primary,GJ6DCOBYGAYDAMBUPQ3TI,Aisle Seats,P27,75.0,98.93,GM2DEOSNHIZTM
342,N,17,primary,GJ6DC7BXGQ,Verified Buccaneers Ticket,P27,70.0,92.6,GM2DEOSOHIYTO
342,N,18,primary,GJ6DC7BXGQ,Verified Buccaneers Ticket,P27,70.0,92.6,GM2DEOSOHIYTQ
342,P,10,primary,GJ6DCOBYGAYDAMBUPQ3TI,Aisle Seats,P27,75.0,98.93,GM2DEOSQHIYTA
342,P,11,primary,GJ6DCOBYGAYDAMBUPQ3TI,Aisle Seats,P27,75.0,98.93,GM2DEOSQHIYTC
342,P,12,resale,GN6DCMJZG42TIOJTGQ3HYMJZHE4GIOBXGFQTK,,,68.0,79.22,GM2DEOSQHIYTE
342,P,13,resale,GN6DCMJZG42TIOJTGQ3HYMJZHE4GIOBXGFQTK,,,68.0,79.22,GM2DEOSQHIYTG
342,P,14,resale,GN6DCMJZG42TIOJTGQ3HYMJZHE4GIOBXGFQTK,,,68.0,79.22,GM2DEOSQHIYTI
342,P,15,resale,GN6DCMJZG42TIOJTGQ3HYMJZHE4GIOBXGFQTK,,,68.0,79.22,GM2DEOSQHIYTK
342,P,16,resale,GN6DCMJZG42TIOJTGQ3HYMJZHE4GIOBXGFQTK,,,68.0,79.22,GM2DEOSQHIYTM
342,P,17,resale,GN6DCMJZG42TIOJTGQ3HYMJZHE4GIOBXGFQTK,,,68.0,79.22,GM2DEOSQHIYTO
342,P,18,resale,GN6DCMJZG42TIOJTGQ3HYMJZHE4GIOBXGFQTK,,,68.0,79.22,GM2DEOSQHIYTQ
342,P,19,resale,GN6DCMJZG42TIOJTGQ3HYMJZHE4GIOBXGFQTK,,,68.0,79.22,GM2DEOSQHIYTS
342,P,20,resale,GN6DCMJZG42TIOJTGQ3HYMJZHE4GIOBXGFQTK,,,68.0,79.22,GM2DEOSQHIZDA
342,P,21,resale,GN6DCMJZG42TIOJTGQ3HYMJZHE4GIOBXGFQTK,,,68.0,79.22,GM2DEOSQHIZDC
342,P,22,resale,GN6DCMJZG42TIOJTGQ3HYMJZHE4GIOBXGFQTK,,,68.0,79.22,GM2DEOSQHIZDE
342,P,23,resale,GN6DCMJZG42TIOJTGQ3HYMJZHE4GIOBXGFQTK,,,68.0,79.22,GM2DEOSQHIZDG
342,P,29,primary,GJ6DC7BXGQ,Verified Buccaneers Ticket,P27,70.0,92.6,GM2DEOSQHIZDS
342,P,30,primary,GJ6DC7BXGQ,Verified Buccaneers Ticket,P27,70.0,92.6,GM2DEOSQHIZTA
342,P,31,primary,GJ6DC7BXGQ,Verified Buccaneers Ticket,P27,70.0,92.6,GM2DEOSQHIZTC
342,P,32,primary,GJ6DC7BXGQ,Verified Buccaneers Ticket,P27,70.0,92.6,GM2DEOSQHIZTE
342,P,33,primary,GJ6DC7BXGQ,Verified Buccaneers Ticket,P27,70.0,92.6,GM2DEOSQHIZTG
342,P,34,primary,GJ6DC7BXGQ,Verified Buccaneers Ticket,P27,70.0,92.6,GM2DEOSQHIZTI
342,R,10,resale,GN6DCMRUGYYTQMJTGMYHYMJZHE4GIODEGAZTK,,,64.0,74.56,GM2DEOSSHIYTA
342,R,11,resale,GN6DCMRUGYYTQMJTGMYHYMJZHE4GIODEGAZTK,,,64.0,74.56,GM2DEOSSHIYTC
342,R,12,resale,GN6DCMRUGYYTQMJTGMYHYMJZHE4GIODEGAZTK,,,64.0,74.56,GM2DEOSSHIYTE
342,R,23,primary,GJ6DC7BXGQ,Verified Buccaneers Ticket,P27,70.0,92.6,GM2DEOSSHIZDG
342,R,24,primary,GJ6DC7BXGQ,Verified Buccaneers Ticket,P27,70.0,92.6,GM2DEOSSHIZDI
342,R,25,primary,GJ6DC7BXGQ,Verified Buccaneers Ticket,P27,70.0,92.6,GM2DEOSSHIZDK
342,R,26,primary,GJ6DC7BXGQ,Verified Buccaneers Ticket,P27,70.0,92.6,GM2DEOSSHIZDM
342,R,27,primary,GJ6DC7BXGQ,Verified Buccaneers Ticket,P27,70.0,92.6,GM2DEOSSHIZDO
342,R,28,primary,GJ6DC7BXGQ,Verified Buccaneers Ticket,P27,70.0,92.6,GM2DEOSSHIZDQ
342,R,35,primary,GJ6DCOBYGAYDAMBUPQ3TI,Aisle Seats,P27,75.0,98.93,GM2DEOSSHIZTK
342,R,36,primary,GJ6DCOBYGAYDAMBUPQ3TI,Aisle Seats,P27,75.0,98.93,GM2DEOSSHIZTM
342,S,9,primary,GJ6DCOBYGAYDAMBUPQ3TI,Aisle Seats,P27,75.0,98.93,GM2DEOSTHI4Q
342,S,10,primary,GJ6DCOBYGAYDAMBUPQ3TI,Aisle Seats,P27,75.0,98.93,GM2DEOSTHIYTA
342,S,11,primary,GJ6DC7BXGQ,Verified Buccaneers Ticket,P27,70.0,92.6,GM2DEOSTHIYTC
342,S,12,primary,GJ6DC7BXGQ,Verified Buccaneers Ticket,P27,70.0,92.6,GM2DEOSTHIYTE
342,S,13,primary,GJ6DC7BXGQ,Verified Buccaneers Ticket,P27,70.0,92.6,GM2DEOSTHIYTG
342,S,14,primary,GJ6DC7BXGQ,Verified Buccaneers Ticket,P27,70.0,92.6,GM2DEOSTHIYTI
342,S,15,primary,GJ6DC7BXGQ,Verified Buccaneers Ticket,P27,70.0,92.6,GM2DEOSTHIYTK
342,S,16,primary,GJ6DC7BXGQ,Verified Buccaneers Ticket,P27,70.0,92.6,GM2DEOSTHIYTM
342,S,17,primary,GJ6DC7BXGQ,Verified Buccaneers Ticket,P27,70.0,92.6,GM2DEOSTHIYTO
342,S,35,primary,GJ6DCOBYGAYDAMBUPQ3TI,Aisle Seats,P27,75.0,98.93,GM2DEOSTHIZTK
342,S,36,primary,GJ6DCOBYGAYDAMBUPQ3TI,Aisle Seats,P27,75.0,98.93,GM2DEOSTHIZTM
342,T,35,primary,GJ6DCOBYGAYDAMBUPQ3TI,Aisle Seats,P27,75.0,98.93,GM2DEOSUHIZTK
342,T,36,primary,GJ6DCOBYGAYDAMBUPQ3TI,Aisle Seats,P27,75.0,98.93,GM2DEOSUHIZTM
342,U,23,primary,GJ6DC7BXGQ,Verified Buccaneers Ticket,P27,70.0,92.6,GM2DEOSVHIZDG
342,U,24,primary,GJ6DC7BXGQ,Verified Buccaneers Ticket,P27,70.0,92.6,GM2DEOSVHIZDI
342,V,7,primary,GJ6DCOBYGAYDAMBUPQ3TI,Aisle Seats,P27,75.0,98.93,GM2DEOSWHI3Q
342,V,8,primary,GJ6DCOBYGAYDAMBUPQ3TI,Aisle Seats,P27,75.0,98.93,GM2DEOSWHI4A
342,V,14,resale,GN6DCMRVG43DSNRTGY2HYMJZHE4TEOLCGQYDK,,,63.0,73.4,GM2DEOSWHIYTI
342,V,15,resale,GN6DCMRVG43DSNRTGY2HYMJZHE4TEOLCGQYDK,,,63.0,73.4,GM2DEOSWHIYTK
342,V,16,resale,GN6DCMRVG43DSNRTGY2HYMJZHE4TEOLCGQYDK,,,63.0,73.4,GM2DEOSWHIYTM
342,V,17,resale,GN6DCMRVG43DSNRTGY2HYMJZHE4TEOLCGQYDK,,,63.0,73.4,GM2DEOSWHIYTO
342,V,18,resale,GN6DCMRVG43DSNRTGY2HYMJZHE4TEOLCGQYDK,,,63.0,73.4,GM2DEOSWHIYTQ
342,V,19,resale,GN6DCMRVG43DSNRTGY2HYMJZHE4TEOLCGQYDK,,,63.0,73.4,GM2DEOSWHIYTS
342,V,20,resale,GN6DCMRVG43DSNRTGY2HYMJZHE4TEOLCGQYDK,,,63.0,73.4,GM2DEOSWHIZDA
342,V,21,resale,GN6DCMRVG43DSNRTGY2HYMJZHE4TEOLCGQYDK,,,63.0,73.4,GM2DEOSWHIZDC
342,V,22,resale,GN6DCMRVG43DSNRTGY2HYMJZHE4TEOLCGQYDK,,,63.0,73.4,GM2DEOSWHIZDE
342,V,23,resale,GN6DCMRVG43DSNRTGY2HYMJZHE4TEOLCGQYDK,,,63.0,73.4,GM2DEOSWHIZDG
342,V,24,resale,GN6DCMRVG43DSNRTGY2HYMJZHE4TEOLCGQYDK,,,63.0,73.4,GM2DEOSWHIZDI
342,V,25,resale,GN6DCMRVG43DSNRTGY2HYMJZHE4TEOLCGQYDK,,,63.0,73.4,GM2DEOSWHIZDK
342,X,5,primary,GJ6DCOBYGAYDAMBUPQ3TI,Aisle Seats,P27,75.0,98.93,GM2DEOSYHI2Q
342,X,6,primary,GJ6DCOBYGAYDAMBUPQ3TI,Aisle Seats,P27,75.0,98.93,GM2DEOSYHI3A
342,X,7,primary,GJ6DC7BXGQ,Verified Buccaneers Ticket,P27,70.0,92.6,GM2DEOSYHI3Q
342,X,8,primary,GJ6DC7BXGQ,Verified Buccaneers Ticket,P27,70.0,92.6,GM2DEOSYHI4A
342,X,9,primary,GJ6DC7BXGQ,Verified Buccaneers Ticket,P27,70.0,92.6,GM2DEOSYHI4Q
342,X,10,primary,GJ6DC7BXGQ,Verified Buccaneers Ticket,P27,70.0,92.6,GM2DEOSYHIYTA
342,X,11,primary,GJ6DC7BXGQ,Verified Buccaneers Ticket,P27,70.0,92.6,GM2DEOSYHIYTC
342,X,12,primary,GJ6DC7BXGQ,Verified Buccaneers Ticket,P27,70.0,92.6,GM2DEOSYHIYTE
342,X,27,primary,GJ6DC7BXGQ,Verified Buccaneers Ticket,P27,70.0,92.6,GM2DEOSYHIZDO
342,X,28,primary,GJ6DC7BXGQ,Verified Buccaneers Ticket,P27,70.0,92.6,GM2DEOSYHIZDQ
342,X,29,primary,GJ6DC7BXGQ,Verified Buccaneers Ticket,P27,70.0,92.6,GM2DEOSYHIZDS
342,X,30,primary,GJ6DC7BXGQ,Verified Buccaneers Ticket,P27,70.0,92.6,GM2DEOSYHIZTA
342,X,31,primary,GJ6DC7BXGQ,Verified Buccaneers Ticket,P27,70.0,92.6,GM2DEOSYHIZTC
342,X,32,primary,GJ6DC7BXGQ,Verified Buccaneers Ticket,P27,70.0,92.6,GM2DEOSYHIZTE
342,X,33,primary,GJ6DC7BXGQ,Verified Buccaneers Ticket,P27,70.0,92.6,GM2DEOSYHIZTG
342,X,34,primary,GJ6DC7BXGQ,Verified Buccaneers Ticket,P27,70.0,92.6,GM2DEOSYHIZTI
342,X,35,primary,GJ6DCOBYGAYDAMBUPQ3TI,Aisle Seats,P27,75.0,98.93,GM2DEOSYHIZTK
342,X,36,primary,GJ6DCOBYGAYDAMBUPQ3TI,Aisle Seats,P27,75.0,98.93,GM2DEOSYHIZTM
342,Y,5,primary,GJ6DCOBYGAYDAMBUPQ3TI,Aisle Seats,P27,75.0,98.93,GM2DEOSZHI2Q
342,Y,6,primary,GJ6DCOBYGAYDAMBUPQ3TI,Aisle Seats,P27,75.0,98.93,GM2DEOSZHI3A
342,Y,31,primary,GJ6DC7BXGQ,Verified Buccaneers Ticket,P27,70.0,92.6,GM2DEOSZHIZTC
342,Y,32,primary,GJ6DC7BXGQ,Verified Buccaneers Ticket,P27,70.0,92.6,GM2DEOSZHIZTE
342,Y,33,primary,GJ6DC7BXGQ,Verified Buccaneers Ticket,P27,70.0,92.6,GM2DEOSZHIZTG
342,Y,34,primary,GJ6DC7BXGQ,Verified Buccaneers Ticket,P27,70.0,92.6,GM2DEOSZHIZTI
342,Y,35,primary,GJ6DCOBYGAYDAMBUPQ3TI,Aisle Seats,P27,75.0,98.93,GM2DEOSZHIZTK
342,Y,36,primary,GJ6DCOBYGAYDAMBUPQ3TI,Aisle Seats,P27,75.0,98.93,GM2DEOSZHIZTM
342,Z,35,primary,GJ6DCOBYGAYDAMBUPQ3TI,Aisle Seats,P27,75.0,98.93,GM2DEOS2HIZTK
342,Z,36,primary,GJ6DCOBYGAYDAMBUPQ3TI,Aisle Seats,P27,75.0,98.93,GM2DEOS2HIZTM
343,A,5,resale,GN6DCMJZG43DMMJUGE4HYMJZHE4GIOBZGFTDK,,,85.0,99.03,GM2DGOSBHI2Q
343,A,11,resale,GN6DCMJZGA3TCNBZGI2XYMJZHEZTCNJRMNRDK,,,368.0,428.72,GM2DGOSBHIYTC
343,A,12,resale,GN6DCMJZGA3TCNBZGI2XYMJZHEZTCNJRMNRDK,,,368.0,428.72,GM2DGOSBHIYTE
343,AA,1,primary,GJ6DCOBYGAYDAMBUPQ3TI,Aisle Seats,P27,75.0,98.93,GM2DGOSBIE5DC
343,AA,2,primary,GJ6DCOBYGAYDAMBUPQ3TI,Aisle Seats,P27,75.0,98.93,GM2DGOSBIE5DE
343,AA,15,primary,GJ6DC7BXGQ,Verified Buccaneers Ticket,P27,70.0,92.6,GM2DGOSBIE5DCNI
343,AA,16,primary,GJ6DC7BXGQ,Verified Buccaneers Ticket,P27,70.0,92.6,GM2DGOSBIE5DCNQ
343,AA,17,primary,GJ6DC7BXGQ,Verified Buccaneers Ticket,P27,70.0,92.6,GM2DGOSBIE5DCNY
343,AA,18,primary,GJ6DC7BXGQ,Verified Buccaneers Ticket,P27,70.0,92.6,GM2DGOSBIE5DCOA
343,AA,19,primary,GJ6DC7BXGQ,Verified Buccaneers Ticket,P27,70.0,92.6,GM2DGOSBIE5DCOI
343,AA,20,primary,GJ6DC7BXGQ,Verified Buccaneers Ticket,P27,70.0,92.6,GM2DGOSBIE5DEMA
343,B,11,resale,GN6DCMRVGU3DKNJWHEZXYMJZHE4GIODBHFRDK,,,81.0,94.37,GM2DGOSCHIYTC
343,B,12,resale,GN6DCMRVGU3DKNJWHEZXYMJZHE4GIODBHFRDK,,,81.0,94.37,GM2DGOSCHIYTE
343,BB,1,primary,GJ6DCOBYGAYDAMBUPQ3TI,Aisle Seats,P27,75.0,98.93,GM2DGOSCII5DC
343,BB,2,primary,GJ6DCOBYGAYDAMBUPQ3TI,Aisle Seats,P27,75.0,98.93,GM2DGOSCII5DE
343,BB,3,primary,GJ6DC7BXGQ,Verified Buccaneers Ticket,P27,70.0,92.6,GM2DGOSCII5DG
343,BB,4,primary,GJ6DC7BXGQ,Verified Buccaneers Ticket,P27,70.0,92.6,GM2DGOSCII5DI
343,BB,5,primary,GJ6DC7BXGQ,Verified Buccaneers Ticket,P27,70.0,92.6,GM2DGOSCII5DK
343,BB,6,primary,GJ6DC7BXGQ,Verified Buccaneers Ticket,P27,70.0,92.6,GM2DGOSCII5DM
343,BB,7,primary,GJ6DC7BXGQ,Verified Buccaneers Ticket,P27,70.0,92.6,GM2DGOSCII5DO
343,BB,8,primary,GJ6DC7BXGQ,Verified Buccaneers Ticket,P27,70.0,92.6,GM2DGOSCII5DQ
343,BB,17,primary,GJ6DC7BXGQ,Verified Buccaneers Ticket,P27,70.0,92.6,GM2DGOSCII5DCNY
343,BB,18,primary,GJ6DC7BXGQ,Verified Buccaneers Ticket,P27,70.0,92.6,GM2DGOSCII5DCOA
343,BB,19,primary,GJ6DC7BXGQ,Verified Buccaneers Ticket,P27,70.0,92.6,GM2DGOSCII5DCOI
343,BB,20,primary,GJ6DC7BXGQ,Verified Buccaneers Ticket,P27,70.0,92.6,GM2DGOSCII5DEMA
343,BB,21,primary,GJ6DC7BXGQ,Verified Buccaneers Ticket,P27,70.0,92.6,GM2DGOSCII5DEMI
343,BB,22,primary,GJ6DC7BXGQ,Verified Buccaneers Ticket,P27,70.0,92.6,GM2DGOSCII5DEMQ
343,BB,23,primary,GJ6DCOBYGAYDAMBUPQ3TI,Aisle Seats,P27,75.0,98.93,GM2DGOSCII5DEMY
343,BB,24,primary,GJ6DCOBYGAYDAMBUPQ3TI,Aisle Seats,P27,75.0,98.93,GM2DGOSCII5DENA
343,C,5,resale,GN6DCMRTGY2TCMRUGM4HYMJZHFSDIOJRMQ2TK,,,228.0,265.62,GM2DGOSDHI2Q
343,C,6,resale,GN6DCMRTGY2TCMRUGM4HYMJZHFSDIOJRMQ2TK,,,228.0,265.62,GM2DGOSDHI3A
343,C,7,resale,GN6DCMRTGY2TCMRUGM4HYMJZHFSDIOJRMQ2TK,,,228.0,265.62,GM2DGOSDHI3Q
343,C,8,resale,GN6DCMRTGY2TCMRUGM4HYMJZHFSDIOJRMQ2TK,,,228.0,265.62,GM2DGOSDHI4A
343,C,9,resale,GN6DCMRTGY2TCMRUGM4HYMJZHFSDIOJRMQ2TK,,,228.0,265.62,GM2DGOSDHI4Q
343,C,10,resale,GN6DCMRTGY2TCMRUGM4HYMJZHFSDIOJRMQ2TK,,,228.0,265.62,GM2DGOSDHIYTA
343,C,11,resale,GN6DCMRVGIZTGNBSGEZXYMJZHE4GIOBWMQ3TK,,,71.0,82.72,GM2DGOSDHIYTC
343,C,12,resale,GN6DCMRVGIZTGNBSGEZXYMJZHE4GIOBWMQ3TK,,,71.0,82.72,GM2DGOSDHIYTE
343,C,13,resale,GN6DCMRVGIZTGNBSGEZXYMJZHE4GIOBWMQ3TK,,,71.0,82.72,GM2DGOSDHIYTG
343,C,14,resale,GN6DCMRVGIZTGNBSGEZXYMJZHE4GIOBWMQ3TK,,,71.0,82.72,GM2DGOSDHIYTI
343,C,15,resale,GN6DCMRVGIZTGNBSGEZXYMJZHE4GIOBWMQ3TK,,,71.0,82.72,GM2DGOSDHIYTK
343,C,16,resale,GN6DCMRVGIZTGNBSGEZXYMJZHE4GIOBWMQ3TK,,,71.0,82.72,GM2DGOSDHIYTM
343,C,17,resale,GN6DCMRVGIZTGNBSGEZXYMJZHE4GIOBWMQ3TK,,,71.0,82.72,GM2DGOSDHIYTO
343,CC,1,primary,GJ6DCOBYGAYDAMBUPQ3TI,Aisle Seats,P27,75.0,98.93,GM2DGOSDIM5DC
343,CC,2,primary,GJ6DCOBYGAYDAMBUPQ3TI,Aisle Seats,P27,75.0,98.93,GM2DGOSDIM5DE
343,CC,3,primary,GJ6DC7BXGQ,Verified Buccaneers Ticket,P27,70.0,92.6,GM2DGOSDIM5DG
343,CC,4,primary,GJ6DC7BXGQ,Verified Buccaneers Ticket,P27,70.0,92.6,GM2DGOSDIM5DI
343,CC,5,primary,GJ6DC7BXGQ,Verified Buccaneers Ticket,P27,70.0,92.6,GM2DGOSDIM5DK
343,CC,6,primary,GJ6DC7BXGQ,Verified Buccaneers Ticket,P27,70.0,92.6,GM2DGOSDIM5DM
343,CC,7,primary,GJ6DC7BXGQ,Verified Buccaneers Ticket,P27,70.0,92.6,GM2DGOSDIM5DO
343,CC,8,primary,GJ6DC7BXGQ,Verified Buccaneers Ticket,P27,70.0,92.6,GM2DGOSDIM5DQ
343,CC,19,primary,GJ6DC7BXGQ,Verified Buccaneers Ticket,P27,70.0,92.6,GM2DGOSDIM5DCOI
343,CC,20,primary,GJ6DC7BXGQ,Verified Buccaneers Ticket,P27,70.0,92.6,GM2DGOSDIM5DEMA
343,CC,21,primary,GJ6DC7BXGQ,Verified Buccaneers Ticket,P27,70.0,92.6,GM2DGOSDIM5DEMI
343,CC,22,primary,GJ6DC7BXGQ,Verified Buccaneers Ticket,P27,70.0,92.6,GM2DGOSDIM5DEMQ
343,CC,23,primary,GJ6DCOBYGAYDAMBUPQ3TI,Aisle Seats,P27,75.0,98.93,GM2DGOSDIM5DEMY
343,CC,24,primary,GJ6DCOBYGAYDAMBUPQ3TI,Aisle Seats,P27,75.0,98.93,GM2DGOSDIM5DENA
343,DD,12,resale,GN6DCMRVGY2DSMZZGI4XYMJZHE4GIOBYGUYDK,,,59.0,68.74,GM2DGOSEIQ5DCMQ
343,DD,13,resale,GN6DCMRVGY2DSMZZGI4XYMJZHE4GIOBYGUYDK,,,59.0,68.74,GM2DGOSEIQ5DCMY
343,DD,14,resale,GN6DCMRVGY2DSMZZGI4XYMJZHE4GIOBYGUYDK,,,59.0,68.74,GM2DGOSEIQ5DCNA
343,DD,15,resale,GN6DCMRVGY2DSMZZGI4XYMJZHE4GIOBYGUYDK,,,59.0,68.74,GM2DGOSEIQ5DCNI
343,DD,16,resale,GN6DCMRVGY2DSMZZGI4XYMJZHE4GIOBYGUYDK,,,59.0,68.74,GM2DGOSEIQ5DCNQ
343,DD,17,resale,GN6DCMRVGY2DSMZZGI4XYMJZHE4GIOBYGUYDK,,,59.0,68.74,GM2DGOSEIQ5DCNY
343,DD,18,resale,GN6DCMRVGY2DSMZZGI4XYMJZHE4GIOBYGUYDK,,,59.0,68.74,GM2DGOSEIQ5DCOA
343,DD,19,resale,GN6DCMRVGY2DSMZZGI4XYMJZHE4GIOBYGUYDK,,,59.0,68.74,GM2DGOSEIQ5DCOI
343,DD,20,resale,GN6DCMRVGY2DSMZZGI4XYMJZHE4GIOBYGUYDK,,,59.0,68.74,GM2DGOSEIQ5DEMA
343,DD,21,resale,GN6DCMRVGY2DSMZZGI4XYMJZHE4GIOBYGUYDK,,,59.0,68.74,GM2DGOSEIQ5DEMI
343,DD,22,resale,GN6DCMRVGY2DSMZZGI4XYMJZHE4GIOBYGUYDK,,,59.0,68.74,GM2DGOSEIQ5DEMQ
343,DD,23,resale,GN6DCMRVGY2DSMZZGI4XYMJZHE4GIOBYGUYDK,,,59.0,68.74,GM2DGOSEIQ5DEMY
343,E,8,resale,GN6DCMRUGU3TCNJTGY2XYMJZHEZTCNLEMM3TK,,,105.0,122.33,GM2DGOSFHI4A
343,E,9,resale,GN6DCMRUGU3TCNJTGY2XYMJZHEZTCNLEMM3TK,,,105.0,122.33,GM2DGOSFHI4Q
343,E,10,resale,GN6DCMRUGU3TCNJTGY2XYMJZHEZTCNLEMM3TK,,,105.0,122.33,GM2DGOSFHIYTA
343,J,11,resale,GN6DCMJZG42TIOJTGQZXYMJZHE4GIN3DHA2DK,,,67.0,78.06,GM2DGOSKHIYTC
343,J,12,resale,GN6DCMJZG42TIOJTGQZXYMJZHE4GIN3DHA2DK,,,67.0,78.06,GM2DGOSKHIYTE
343,J,13,resale,GN6DCMJZG42TIOJTGQZXYMJZHE4GIN3DHA2DK,,,67.0,78.06,GM2DGOSKHIYTG
343,K,1,resale,GN6DCMRVG43DSNRTGU3XYMJZHE4TEYJRGA2DK,,,67.0,78.06,GM2DGOSLHIYQ
343,K,2,resale,GN6DCMRVG43DSNRTGU3XYMJZHE4TEYJRGA2DK,,,67.0,78.06,GM2DGOSLHIZA
343,K,3,resale,GN6DCMRVG43DSNRTGU3XYMJZHE4TEYJRGA2DK,,,67.0,78.06,GM2DGOSLHIZQ
343,K,4,resale,GN6DCMRVG43DSNRTGU3XYMJZHE4TEYJRGA2DK,,,67.0,78.06,GM2DGOSLHI2A
343,L,1,primary,GJ6DCOBYGAYDAMBUPQ3TI,Aisle Seats,P27,75.0,98.93,GM2DGOSMHIYQ
343,L,2,primary,GJ6DCOBYGAYDAMBUPQ3TI,Aisle Seats,P27,75.0,98.93,GM2DGOSMHIZA
343,L,3,primary,GJ6DC7BXGQ,Verified Buccaneers Ticket,P27,70.0,92.6,GM2DGOSMHIZQ
343,L,4,primary,GJ6DC7BXGQ,Verified Buccaneers Ticket,P27,70.0,92.6,GM2DGOSMHI2A
343,L,5,primary,GJ6DC7BXGQ,Verified Buccaneers Ticket,P27,70.0,92.6,GM2DGOSMHI2Q
343,L,6,primary,GJ6DC7BXGQ,Verified Buccaneers Ticket,P27,70.0,92.6,GM2DGOSMHI3A
343,L,7,primary,GJ6DC7BXGQ,Verified Buccaneers Ticket,P27,70.0,92.6,GM2DGOSMHI3Q
343,L,23,primary,GJ6DCOBYGAYDAMBUPQ3TI,Aisle Seats,P27,75.0,98.93,GM2DGOSMHIZDG
343,L,24,primary,GJ6DCOBYGAYDAMBUPQ3TI,Aisle Seats,P27,75.0,98.93,GM2DGOSMHIZDI
343,M,11,primary,GJ6DC7BXGQ,Verified Buccaneers Ticket,P27,70.0,92.6,GM2DGOSNHIYTC
343,M,12,primary,GJ6DC7BXGQ,Verified Buccaneers Ticket,P27,70.0,92.6,GM2DGOSNHIYTE
343,M,13,primary,GJ6DC7BXGQ,Verified Buccaneers Ticket,P27,70.0,92.6,GM2DGOSNHIYTG
343,M,14,primary,GJ6DC7BXGQ,Verified Buccaneers Ticket,P27,70.0,92.6,GM2DGOSNHIYTI
343,M,15,primary,GJ6DC7BXGQ,Verified Buccaneers Ticket,P27,70.0,92.6,GM2DGOSNHIYTK
343,M,16,primary,GJ6DC7BXGQ,Verified Buccaneers Ticket,P27,70.0,92.6,GM2DGOSNHIYTM
343,M,23,primary,GJ6DCOBYGAYDAMBUPQ3TI,Aisle Seats,P27,75.0,98.93,GM2DGOSNHIZDG
343,M,24,primary,GJ6DCOBYGAYDAMBUPQ3TI,Aisle Seats,P27,75.0,98.93,GM2DGOSNHIZDI
343,P,19,primary,GJ6DC7BXGQ,Verified Buccaneers Ticket,P27,70.0,92.6,GM2DGOSQHIYTS
343,P,20,primary,GJ6DC7BXGQ,Verified Buccaneers Ticket,P27,70.0,92.6,GM2DGOSQHIZDA
343,P,21,primary,GJ6DC7BXGQ,Verified Buccaneers Ticket,P27,70.0,92.6,GM2DGOSQHIZDC
343,P,22,primary,GJ6DC7BXGQ,Verified Buccaneers Ticket,P27,70.0,92.6,GM2DGOSQHIZDE
343,P,23,primary,GJ6DCOBYGAYDAMBUPQ3TI,Aisle Seats,P27,75.0,98.93,GM2DGOSQHIZDG
343,P,24,primary,GJ6DCOBYGAYDAMBUPQ3TI,Aisle Seats,P27,75.0,98.93,GM2DGOSQHIZDI
343,R,12,primary,GJ6DC7BXGQ,Verified Buccaneers Ticket,P27,70.0,92.6,GM2DGOSSHIYTE
343,R,13,primary,GJ6DC7BXGQ,Verified Buccaneers Ticket,P27,70.0,92.6,GM2DGOSSHIYTG
343,R,14,primary,GJ6DC7BXGQ,Verified Buccaneers Ticket,P27,70.0,92.6,GM2DGOSSHIYTI
343,R,15,primary,GJ6DC7BXGQ,Verified Buccaneers Ticket,P27,70.0,92.6,GM2DGOSSHIYTK
343,R,16,primary,GJ6DC7BXGQ,Verified Buccaneers Ticket,P27,70.0,92.6,GM2DGOSSHIYTM
343,R,17,primary,GJ6DC7BXGQ,Verified Buccaneers Ticket,P27,70.0,92.6,GM2DGOSSHIYTO
343,R,18,primary,GJ6DC7BXGQ,Verified Buccaneers Ticket,P27,70.0,92.6,GM2DGOSSHIYTQ
343,R,19,primary,GJ6DC7BXGQ,Verified Buccaneers Ticket,P27,70.0,92.6,GM2DGOSSHIYTS
343,R,20,primary,GJ6DC7BXGQ,Verified Buccaneers Ticket,P27,70.0,92.6,GM2DGOSSHIZDA
343,R,21,primary,GJ6DC7BXGQ,Verified Buccaneers Ticket,P27,70.0,92.6,GM2DGOSSHIZDC
343,R,22,primary,GJ6DC7BXGQ,Verified Buccaneers Ticket,P27,70.0,92.6,GM2DGOSSHIZDE
343,R,23,primary,GJ6DCOBYGAYDAMBUPQ3TI,Aisle Seats,P27,75.0,98.93,GM2DGOSSHIZDG
343,R,24,primary,GJ6DCOBYGAYDAMBUPQ3TI,Aisle Seats,P27,75.0,98.93,GM2DGOSSHIZDI
343,S,1,primary,GJ6DCOBYGAYDAMBUPQ3TI,Aisle Seats,P27,75.0,98.93,GM2DGOSTHIYQ
343,S,2,primary,GJ6DCOBYGAYDAMBUPQ3TI,Aisle Seats,P27,75.0,98.93,GM2DGOSTHIZA
343,S,3,primary,GJ6DC7BXGQ,Verified Buccaneers Ticket,P27,70.0,92.6,GM2DGOSTHIZQ
343,S,4,primary,GJ6DC7BXGQ,Verified Buccaneers Ticket,P27,70.0,92.6,GM2DGOSTHI2A
343,S,5,primary,GJ6DC7BXGQ,Verified Buccaneers Ticket,P27,70.0,92.6,GM2DGOSTHI2Q
343,S,6,primary,GJ6DC7BXGQ,Verified Buccaneers Ticket,P27,70.0,92.6,GM2DGOSTHI3A
343,S,7,primary,GJ6DC7BXGQ,Verified Buccaneers Ticket,P27,70.0,92.6,GM2DGOSTHI3Q
343,S,8,primary,GJ6DC7BXGQ,Verified Buccaneers Ticket,P27,70.0,92.6,GM2DGOSTHI4A
343,S,9,primary,GJ6DC7BXGQ,Verified Buccaneers Ticket,P27,70.0,92.6,GM2DGOSTHI4Q
343,S,10,primary,GJ6DC7BXGQ,Verified Buccaneers Ticket,P27,70.0,92.6,GM2DGOSTHIYTA
343,S,11,primary,GJ6DC7BXGQ,Verified Buccaneers Ticket,P27,70.0,92.6,GM2DGOSTHIYTC
343,S,12,primary,GJ6DC7BXGQ,Verified Buccaneers Ticket,P27,70.0,92.6,GM2DGOSTHIYTE
343,S,23,primary,GJ6DCOBYGAYDAMBUPQ3TI,Aisle Seats,P27,75.0,98.93,GM2DGOSTHIZDG
343,S,24,primary,GJ6DCOBYGAYDAMBUPQ3TI,Aisle Seats,P27,75.0,98.93,GM2DGOSTHIZDI
343,T,1,resale,GN6DCMJZG43DMMJZHAZHYMJZHE4GIN3FMM2TK,,,65.0,75.73,GM2DGOSUHIYQ
343,T,2,resale,GN6DCMJZG43DMMJZHAZHYMJZHE4GIN3FMM2TK,,,65.0,75.73,GM2DGOSUHIZA
343,T,3,resale,GN6DCMJZG43DMMJZHAZHYMJZHE4GIN3FMM2TK,,,65.0,75.73,GM2DGOSUHIZQ
343,T,4,resale,GN6DCMJZG43DMMJZHAZHYMJZHE4GIN3FMM2TK,,,65.0,75.73,GM2DGOSUHI2A
343,T,5,resale,GN6DCMJZG43DMMJZHAZHYMJZHE4GIN3FMM2TK,,,65.0,75.73,GM2DGOSUHI2Q
343,T,6,resale,GN6DCMJZG43DMMJZHAZHYMJZHE4GIN3FMM2TK,,,65.0,75.73,GM2DGOSUHI3A
343,T,7,resale,GN6DCMJZG43DMMJZHAZHYMJZHE4GIN3FMM2TK,,,65.0,75.73,GM2DGOSUHI3Q
343,T,8,resale,GN6DCMJZG43DMMJZHAZHYMJZHE4GIN3FMM2TK,,,65.0,75.73,GM2DGOSUHI4A
343,T,9,resale,GN6DCMJZG43DMMJZHAZHYMJZHE4GIN3FMM2TK,,,65.0,75.73,GM2DGOSUHI4Q
343,T,10,resale,GN6DCMJZG43DMMJZHAZHYMJZHE4GIN3FMM2TK,,,65.0,75.73,GM2DGOSUHIYTA
343,T,11,resale,GN6DCMJZG43DMMJZHAZHYMJZHE4GIN3FMM2TK,,,65.0,75.73,GM2DGOSUHIYTC
343,T,12,resale,GN6DCMJZG43DMMJZHAZHYMJZHE4GIN3FMM2TK,,,65.0,75.73,GM2DGOSUHIYTE
343,T,13,resale,GN6DCMJZG43DMMJZHAZHYMJZHE4GIN3FMM2TK,,,65.0,75.73,GM2DGOSUHIYTG
343,T,14,resale,GN6DCMRUHE2TMMRQHAYXYMJZHEZTCNLCGM2TK,,,135.0,157.28,GM2DGOSUHIYTI
343,T,15,resale,GN6DCMRUHE2TMMRQHAYXYMJZHEZTCNLCGM2TK,,,135.0,157.28,GM2DGOSUHIYTK
343,T,16,resale,GN6DCMRUHE2TMMRQHAYXYMJZHEZTCNLCGM2TK,,,135.0,157.28,GM2DGOSUHIYTM
343,T,17,primary,GJ6DC7BXGQ,Verified Buccaneers Ticket,P27,70.0,92.6,GM2DGOSUHIYTO
343,T,18,primary,GJ6DC7BXGQ,Verified Buccaneers Ticket,P27,70.0,92.6,GM2DGOSUHIYTQ
343,T,19,primary,GJ6DC7BXGQ,Verified Buccaneers Ticket,P27,70.0,92.6,GM2DGOSUHIYTS
343,T,20,primary,GJ6DC7BXGQ,Verified Buccaneers Ticket,P27,70.0,92.6,GM2DGOSUHIZDA
343,T,21,primary,GJ6DC7BXGQ,Verified Buccaneers Ticket,P27,70.0,92.6,GM2DGOSUHIZDC
343,T,22,primary,GJ6DC7BXGQ,Verified Buccaneers Ticket,P27,70.0,92.6,GM2DGOSUHIZDE
343,T,23,primary,GJ6DCOBYGAYDAMBUPQ3TI,Aisle Seats,P27,75.0,98.93,GM2DGOSUHIZDG
343,T,24,primary,GJ6DCOBYGAYDAMBUPQ3TI,Aisle Seats,P27,75.0,98.93,GM2DGOSUHIZDI
343,U,1,primary,GJ6DCOBYGAYDAMBUPQ3TI,Aisle Seats,P27,75.0,98.93,GM2DGOSVHIYQ
343,U,2,primary,GJ6DCOBYGAYDAMBUPQ3TI,Aisle Seats,P27,75.0,98.93,GM2DGOSVHIZA
343,U,3,primary,GJ6DC7BXGQ,Verified Buccaneers Ticket,P27,70.0,92.6,GM2DGOSVHIZQ
343,U,4,primary,GJ6DC7BXGQ,Verified Buccaneers Ticket,P27,70.0,92.6,GM2DGOSVHI2A
343,U,5,primary,GJ6DC7BXGQ,Verified Buccaneers Ticket,P27,70.0,92.6,GM2DGOSVHI2Q
343,U,6,primary,GJ6DC7BXGQ,Verified Buccaneers Ticket,P27,70.0,92.6,GM2DGOSVHI3A
343,U,7,primary,GJ6DC7BXGQ,Verified Buccaneers Ticket,P27,70.0,92.6,GM2DGOSVHI3Q
343,U,8,primary,GJ6DC7BXGQ,Verified Buccaneers Ticket,P27,70.0,92.6,GM2DGOSVHI4A
343,U,9,primary,GJ6DC7BXGQ,Verified Buccaneers Ticket,P27,70.0,92.6,GM2DGOSVHI4Q
343,U,10,primary,GJ6DC7BXGQ,Verified Buccaneers Ticket,P27,70.0,92.6,GM2DGOSVHIYTA
343,U,23,primary,GJ6DCOBYGAYDAMBUPQ3TI,Aisle Seats,P27,75.0,98.93,GM2DGOSVHIZDG
343,U,24,primary,GJ6DCOBYGAYDAMBUPQ3TI,Aisle Seats,P27,75.0,98.93,GM2DGOSVHIZDI
343,V,1,primary,GJ6DCOBYGAYDAMBUPQ3TI,Aisle Seats,P27,75.0,98.93,GM2DGOSWHIYQ
343,V,2,primary,GJ6DCOBYGAYDAMBUPQ3TI,Aisle Seats,P27,75.0,98.93,GM2DGOSWHIZA
343,V,13,primary,GJ6DC7BXGQ,Verified Buccaneers Ticket,P27,70.0,92.6,GM2DGOSWHIYTG
343,V,14,primary,GJ6DC7BXGQ,Verified Buccaneers Ticket,P27,70.0,92.6,GM2DGOSWHIYTI
343,V,15,primary,GJ6DC7BXGQ,Verified Buccaneers Ticket,P27,70.0,92.6,GM2DGOSWHIYTK
343,V,16,primary,GJ6DC7BXGQ,Verified Buccaneers Ticket,P27,70.0,92.6,GM2DGOSWHIYTM
343,V,17,primary,GJ6DC7BXGQ,Verified Buccaneers Ticket,P27,70.0,92.6,GM2DGOSWHIYTO
343,V,18,primary,GJ6DC7BXGQ,Verified Buccaneers Ticket,P27,70.0,92.6,GM2DGOSWHIYTQ
343,V,21,primary,GJ6DC7BXGQ,Verified Buccaneers Ticket,P27,70.0,92.6,GM2DGOSWHIZDC
343,V,22,primary,GJ6DC7BXGQ,Verified Buccaneers Ticket,P27,70.0,92.6,GM2DGOSWHIZDE
343,V,23,primary,GJ6DCOBYGAYDAMBUPQ3TI,Aisle Seats,P27,75.0,98.93,GM2DGOSWHIZDG
343,V,24,primary,GJ6DCOBYGAYDAMBUPQ3TI,Aisle Seats,P27,75.0,98.93,GM2DGOSWHIZDI
343,W,1,resale,GN6DCMRVGY2DSMZZGI3XYMJZHE4GIOBUGU3DK,,,65.0,75.73,GM2DGOSXHIYQ
343,W,2,resale,GN6DCMRVGY2DSMZZGI3XYMJZHE4GIOBUGU3DK,,,65.0,75.73,GM2DGOSXHIZA
343,W,3,resale,GN6DCMRVGY2DSMZZGI3XYMJZHE4GIOBUGU3DK,,,65.0,75.73,GM2DGOSXHIZQ
343,W,4,resale,GN6DCMRVGY2DSMZZGI3XYMJZHE4GIOBUGU3DK,,,65.0,75.73,GM2DGOSXHI2A
343,W,5,resale,GN6DCMRVGY2DSMZZGI3XYMJZHE4GIOBUGU3DK,,,65.0,75.73,GM2DGOSXHI2Q
343,W,6,resale,GN6DCMRVGY2DSMZZGI3XYMJZHE4GIOBUGU3DK,,,65.0,75.73,GM2DGOSXHI3A
343,W,7,resale,GN6DCMRVGY2DSMZZGI3XYMJZHE4GIOBUGU3DK,,,65.0,75.73,GM2DGOSXHI3Q
343,W,8,resale,GN6DCMRVGY2DSMZZGI3XYMJZHE4GIOBUGU3DK,,,65.0,75.73,GM2DGOSXHI4A
343,W,9,resale,GN6DCMRVGY2DSMZZGI3XYMJZHE4GIOBUGU3DK,,,65.0,75.73,GM2DGOSXHI4Q
343,W,10,resale,GN6DCMRVGY2DSMZZGI3XYMJZHE4GIOBUGU3DK,,,65.0,75.73,GM2DGOSXHIYTA
343,W,11,resale,GN6DCMRVGY2DSMZZGI3XYMJZHE4GIOBUGU3DK,,,65.0,75.73,GM2DGOSXHIYTC
343,W,12,resale,GN6DCMRVGY2DSMZZGI3XYMJZHE4GIOBUGU3DK,,,65.0,75.73,GM2DGOSXHIYTE
343,WC,10,primary,GJ6DC7BXGQ,Verified Buccaneers Ticket,P27,70.0,92.6,GM2DGOSXIM5DCMA
343,WC,11,primary,GJ6DC7BXGQ,Verified Buccaneers Ticket,P27,70.0,92.6,GM2DGOSXIM5DCMI
343,WC,12,primary,GJ6DC7BXGQ,Verified Buccaneers Ticket,P27,70.0,92.6,GM2DGOSXIM5DCMQ
343,WC,13,primary,GJ6DC7BXGQ,Verified Buccaneers Ticket,P27,70.0,92.6,GM2DGOSXIM5DCMY
343,X,1,primary,GJ6DCOBYGAYDAMBUPQ3TI,Aisle Seats,P27,75.0,98.93,GM2DGOSYHIYQ
343,X,2,primary,GJ6DCOBYGAYDAMBUPQ3TI,Aisle Seats,P27,75.0,98.93,GM2DGOSYHIZA
343,X,3,primary,GJ6DC7BXGQ,Verified Buccaneers Ticket,P27,70.0,92.6,GM2DGOSYHIZQ
343,X,4,primary,GJ6DC7BXGQ,Verified Buccaneers Ticket,P27,70.0,92.6,GM2DGOSYHI2A
343,X,5,primary,GJ6DC7BXGQ,Verified Buccaneers Ticket,P27,70.0,92.6,GM2DGOSYHI2Q
343,X,6,primary,GJ6DC7BXGQ,Verified Buccaneers Ticket,P27,70.0,92.6,GM2DGOSYHI3A
343,X,7,primary,GJ6DC7BXGQ,Verified Buccaneers Ticket,P27,70.0,92.6,GM2DGOSYHI3Q
343,X,8,primary,GJ6DC7BXGQ,Verified Buccaneers Ticket,P27,70.0,92.6,GM2DGOSYHI4A
343,X,9,primary,GJ6DC7BXGQ,Verified Buccaneers Ticket,P27,70.0,92.6,GM2DGOSYHI4Q
343,X,10,primary,GJ6DC7BXGQ,Verified Buccaneers Ticket,P27,70.0,92.6,GM2DGOSYHIYTA
343,X,23,primary,GJ6DCOBYGAYDAMBUPQ3TI,Aisle Seats,P27,75.0,98.93,GM2DGOSYHIZDG
343,X,24,primary,GJ6DCOBYGAYDAMBUPQ3TI,Aisle Seats,P27,75.0,98.93,GM2DGOSYHIZDI
343,Z,1,primary,GJ6DCOBYGAYDAMBUPQ3TI,Aisle Seats,P27,75.0,98.93,GM2DGOS2HIYQ
343,Z,2,primary,GJ6DCOBYGAYDAMBUPQ3TI,Aisle Seats,P27,75.0,98.93,GM2DGOS2HIZA
344,BB,9,primary,GJ6DC7BXGQ,Verified Buccaneers Ticket,P27,70.0,92.6,GM2DIOSCII5DS
344,BB,10,primary,GJ6DC7BXGQ,Verified Buccaneers Ticket,P27,70.0,92.6,GM2DIOSCII5DCMA
344,BB,11,primary,GJ6DC7BXGQ,Verified Buccaneers Ticket,P27,70.0,92.6,GM2DIOSCII5DCMI
344,BB,12,primary,GJ6DC7BXGQ,Verified Buccaneers Ticket,P27,70.0,92.6,GM2DIOSCII5DCMQ
344,BB,13,primary,GJ6DC7BXGQ,Verified Buccaneers Ticket,P27,70.0,92.6,GM2DIOSCII5DCMY
344,C,10,resale,GN6DCMJZGEYDGNZTHAZHYMJZHE4GIOBYGUZTK,,,71.0,82.72,GM2DIOSDHIYTA
344,C,11,resale,GN6DCMJZGEYDGNZTHAZHYMJZHE4GIOBYGUZTK,,,71.0,82.72,GM2DIOSDHIYTC
344,C,12,resale,GN6DCMJZGEYDGNZTHAZHYMJZHE4GIOBYGUZTK,,,71.0,82.72,GM2DIOSDHIYTE
344,C,13,resale,GN6DCMJZGEYDGNZTHAZHYMJZHE4GIOBYGUZTK,,,71.0,82.72,GM2DIOSDHIYTG
344,CC,1,resale,GN6DCMJZHE2DENJTGM2XYMJZHE4GIOBSMFRDK,,,59.0,68.74,GM2DIOSDIM5DC
344,CC,2,resale,GN6DCMJZHE2DENJTGM2XYMJZHE4GIOBSMFRDK,,,59.0,68.74,GM2DIOSDIM5DE
344,CC,3,resale,GN6DCMJZHE2DENJTGM2XYMJZHE4GIOBSMFRDK,,,59.0,68.74,GM2DIOSDIM5DG
344,CC,4,resale,GN6DCMJZHE2DENJTGM2XYMJZHE4GIOBSMFRDK,,,59.0,68.74,GM2DIOSDIM5DI
344,CC,5,resale,GN6DCMJZHE2DENJTGM2XYMJZHE4GIOBSMFRDK,,,59.0,68.74,GM2DIOSDIM5DK
344,CC,6,resale,GN6DCMJZHE2DENJTGM2XYMJZHE4GIOBSMFRDK,,,59.0,68.74,GM2DIOSDIM5DM
344,CC,7,resale,GN6DCMJZHE2DENJTGM2XYMJZHE4GIOBSMFRDK,,,59.0,68.74,GM2DIOSDIM5DO
344,CC,8,resale,GN6DCMJZHE2DENJTGM2XYMJZHE4GIOBSMFRDK,,,59.0,68.74,GM2DIOSDIM5DQ
344,CC,9,resale,GN6DCMJZHE2DENJTGM2XYMJZHE4GIOBSMFRDK,,,59.0,68.74,GM2DIOSDIM5DS
344,CC,10,resale,GN6DCMJZHE2DENJTGM2XYMJZHE4GIOBSMFRDK,,,59.0,68.74,GM2DIOSDIM5DCMA
344,CC,11,resale,GN6DCMJZHE2DENJTGM2XYMJZHE4GIOBSMFRDK,,,59.0,68.74,GM2DIOSDIM5DCMI
344,CC,12,resale,GN6DCMJZHE2DENJTGM2XYMJZHE4GIOBSMFRDK,,,59.0,68.74,GM2DIOSDIM5DCMQ
344,CC,13,resale,GN6DCMJZHE2DENJTGM2XYMJZHE4GIOBSMFRDK,,,59.0,68.74,GM2DIOSDIM5DCMY
344,DD,2,primary,GJ6DC7BXGQ,Verified Buccaneers Ticket,P27,70.0,92.6,GM2DIOSEIQ5DE
344,DD,3,primary,GJ6DC7BXGQ,Verified Buccaneers Ticket,P27,70.0,92.6,GM2DIOSEIQ5DG
344,DD,4,primary,GJ6DC7BXGQ,Verified Buccaneers Ticket,P27,70.0,92.6,GM2DIOSEIQ5DI
344,DD,5,primary,GJ6DC7BXGQ,Verified Buccaneers Ticket,P27,70.0,92.6,GM2DIOSEIQ5DK
344,DD,6,primary,GJ6DC7BXGQ,Verified Buccaneers Ticket,P27,70.0,92.6,GM2DIOSEIQ5DM
344,DD,7,primary,GJ6DC7BXGQ,Verified Buccaneers Ticket,P27,70.0,92.6,GM2DIOSEIQ5DO
344,DD,8,primary,GJ6DC7BXGQ,Verified Buccaneers Ticket,P27,70.0,92.6,GM2DIOSEIQ5DQ
344,DD,9,primary,GJ6DC7BXGQ,Verified Buccaneers Ticket,P27,70.0,92.6,GM2DIOSEIQ5DS
344,DD,10,primary,GJ6DC7BXGQ,Verified Buccaneers Ticket,P27,70.0,92.6,GM2DIOSEIQ5DCMA
344,DD,11,primary,GJ6DC7BXGQ,Verified Buccaneers Ticket,P27,70.0,92.6,GM2DIOSEIQ5DCMI
344,DD,12,primary,GJ6DC7BXGQ,Verified Buccaneers Ticket,P27,70.0,92.6,GM2DIOSEIQ5DCMQ
344,DD,13,primary,GJ6DC7BXGQ,Verified Buccaneers Ticket,P27,70.0,92.6,GM2DIOSEIQ5DCMY
344,F,4,resale,GN6DCMRUGU2DEOBXG4YHYMJZHE4GIOBWME3DK,,,70.0,81.55,GM2DIOSGHI2A
344,F,5,resale,GN6DCMRUGU2DEOBXG4YHYMJZHE4GIOBWME3DK,,,70.0,81.55,GM2DIOSGHI2Q
344,F,6,resale,GN6DCMRUGU2DEOBXG4YHYMJZHE4GIOBWME3DK,,,70.0,81.55,GM2DIOSGHI3A
344,F,7,resale,GN6DCMRUGU2DEOBXG4YHYMJZHE4GIOBWME3DK,,,70.0,81.55,GM2DIOSGHI3Q
344,F,8,resale,GN6DCMRUGU2DEOBXG4YHYMJZHE4GIOBWME3DK,,,70.0,81.55,GM2DIOSGHI4A
344,F,9,resale,GN6DCMRUGU2DEOBXG4YHYMJZHE4GIOBWME3DK,,,70.0,81.55,GM2DIOSGHI4Q
344,L,1,resale,GN6DCMJZG42TIOJTGQYHYMJZHE4GIOBXHAZDK,,,71.0,82.72,GM2DIOSMHIYQ
344,L,2,resale,GN6DCMJZG42TIOJTGQYHYMJZHE4GIOBXHAZDK,,,71.0,82.72,GM2DIOSMHIZA
344,L,3,resale,GN6DCMJZG42TIOJTGQYHYMJZHE4GIOBXHAZDK,,,71.0,82.72,GM2DIOSMHIZQ
344,L,4,resale,GN6DCMJZG42TIOJTGQYHYMJZHE4GIOBXHAZDK,,,71.0,82.72,GM2DIOSMHI2A
344,L,5,resale,GN6DCMJZG42TIOJTGQYHYMJZHE4GIOBXHAZDK,,,71.0,82.72,GM2DIOSMHI2Q
344,L,6,resale,GN6DCMJZG42TIOJTGQYHYMJZHE4GIOBXHAZDK,,,71.0,82.72,GM2DIOSMHI3A
344,L,7,resale,GN6DCMJZG42TIOJTGQYHYMJZHE4GIOBXHAZDK,,,71.0,82.72,GM2DIOSMHI3Q
344,L,8,resale,GN6DCMJZG42TIOJTGQYHYMJZHE4GIOBXHAZDK,,,71.0,82.72,GM2DIOSMHI4A
344,L,9,resale,GN6DCMJZG42TIOJTGQYHYMJZHE4GIOBXHAZDK,,,71.0,82.72,GM2DIOSMHI4Q
344,L,10,resale,GN6DCMJZG42TIOJTGQYHYMJZHE4GIOBXHAZDK,,,71.0,82.72,GM2DIOSMHIYTA
344,L,11,resale,GN6DCMJZG42TIOJTGQYHYMJZHE4GIOBXHAZDK,,,71.0,82.72,GM2DIOSMHIYTC
344,L,12,resale,GN6DCMJZG42TIOJTGQYHYMJZHE4GIOBXHAZDK,,,71.0,82.72,GM2DIOSMHIYTE
344,L,13,resale,GN6DCMJZG42TIOJTGQYHYMJZHE4GIOBXHAZDK,,,71.0,82.72,GM2DIOSMHIYTG
344,M,1,primary,GJ6DCOBYGAYDAMBUPQ3TI,Aisle Seats,P27,75.0,98.93,GM2DIOSNHIYQ
344,M,2,primary,GJ6DCOBYGAYDAMBUPQ3TI,Aisle Seats,P27,75.0,98.93,GM2DIOSNHIZA
344,M,7,primary,GJ6DC7BXGQ,Verified Buccaneers Ticket,P27,70.0,92.6,GM2DIOSNHI3Q
344,M,8,primary,GJ6DC7BXGQ,Verified Buccaneers Ticket,P27,70.0,92.6,GM2DIOSNHI4A
344,M,9,primary,GJ6DC7BXGQ,Verified Buccaneers Ticket,P27,70.0,92.6,GM2DIOSNHI4Q
344,M,10,primary,GJ6DC7BXGQ,Verified Buccaneers Ticket,P27,70.0,92.6,GM2DIOSNHIYTA
344,N,5,primary,GJ6DC7BXGQ,Verified Buccaneers Ticket,P27,70.0,92.6,GM2DIOSOHI2Q
344,N,6,primary,GJ6DC7BXGQ,Verified Buccaneers Ticket,P27,70.0,92.6,GM2DIOSOHI3A
344,N,7,primary,GJ6DC7BXGQ,Verified Buccaneers Ticket,P27,70.0,92.6,GM2DIOSOHI3Q
344,P,12,primary,GJ6DC7BXGQ,Verified Buccaneers Ticket,P27,70.0,92.6,GM2DIOSQHIYTE
344,P,13,primary,GJ6DC7BXGQ,Verified Buccaneers Ticket,P27,70.0,92.6,GM2DIOSQHIYTG
344,R,1,primary,GJ6DCOBYGAYDAMBUPQ3TI,Aisle Seats,P27,75.0,98.93,GM2DIOSSHIYQ
344,R,2,primary,GJ6DCOBYGAYDAMBUPQ3TI,Aisle Seats,P27,75.0,98.93,GM2DIOSSHIZA
344,S,1,resale,GN6DCMJZG43DMMJZG42HYMJZHE4GIODGGQ4DK,,,65.0,75.73,GM2DIOSTHIYQ
344,S,2,resale,GN6DCMJZG43DMMJZG42HYMJZHE4GIODGGQ4DK,,,65.0,75.73,GM2DIOSTHIZA
344,S,3,resale,GN6DCMJZG43DMMJZG42HYMJZHE4GIODGGQ4DK,,,65.0,75.73,GM2DIOSTHIZQ
344,S,4,resale,GN6DCMJZG43DMMJZG42HYMJZHE4GIODGGQ4DK,,,65.0,75.73,GM2DIOSTHI2A
344,S,5,resale,GN6DCMJZG43DMMJZG42HYMJZHE4GIODGGQ4DK,,,65.0,75.73,GM2DIOSTHI2Q
344,S,6,resale,GN6DCMJZG43DMMJZG42HYMJZHE4GIODGGQ4DK,,,65.0,75.73,GM2DIOSTHI3A
344,S,7,resale,GN6DCMJZG43DMMJZG42HYMJZHE4GIODGGQ4DK,,,65.0,75.73,GM2DIOSTHI3Q
344,S,8,resale,GN6DCMJZG43DMMJZG42HYMJZHE4GIODGGQ4DK,,,65.0,75.73,GM2DIOSTHI4A
344,S,9,resale,GN6DCMJZG43DMMJZG42HYMJZHE4GIODGGQ4DK,,,65.0,75.73,GM2DIOSTHI4Q
344,S,10,resale,GN6DCMJZG43DMMJZG42HYMJZHE4GIODGGQ4DK,,,65.0,75.73,GM2DIOSTHIYTA
344,S,11,resale,GN6DCMJZG43DMMJZG42HYMJZHE4GIODGGQ4DK,,,65.0,75.73,GM2DIOSTHIYTC
344,S,12,resale,GN6DCMJZG43DMMJZG42HYMJZHE4GIODGGQ4DK,,,65.0,75.73,GM2DIOSTHIYTE
344,S,13,resale,GN6DCMJZG43DMMJZG42HYMJZHE4GIODGGQ4DK,,,65.0,75.73,GM2DIOSTHIYTG
344,T,1,primary,GJ6DCOBYGAYDAMBUPQ3TI,Aisle Seats,P27,75.0,98.93,GM2DIOSUHIYQ
344,T,2,primary,GJ6DCOBYGAYDAMBUPQ3TI,Aisle Seats,P27,75.0,98.93,GM2DIOSUHIZA
344,T,3,primary,GJ6DC7BXGQ,Verified Buccaneers Ticket,P27,70.0,92.6,GM2DIOSUHIZQ
344,T,8,primary,GJ6DC7BXGQ,Verified Buccaneers Ticket,P27,70.0,92.6,GM2DIOSUHI4A
344,T,9,primary,GJ6DC7BXGQ,Verified Buccaneers Ticket,P27,70.0,92.6,GM2DIOSUHI4Q
344,T,10,primary,GJ6DC7BXGQ,Verified Buccaneers Ticket,P27,70.0,92.6,GM2DIOSUHIYTA
344,T,11,primary,GJ6DC7BXGQ,Verified Buccaneers Ticket,P27,70.0,92.6,GM2DIOSUHIYTC
344,W,1,primary,GJ6DCOBYGAYDAMBUPQ3TI,Aisle Seats,P27,75.0,98.93,GM2DIOSXHIYQ
344,W,2,primary,GJ6DCOBYGAYDAMBUPQ3TI,Aisle Seats,P27,75.0,98.93,GM2DIOSXHIZA
344,W,3,primary,GJ6DC7BXGQ,Verified Buccaneers Ticket,P27,70.0,92.6,GM2DIOSXHIZQ
344,W,4,primary,GJ6DC7BXGQ,Verified Buccaneers Ticket,P27,70.0,92.6,GM2DIOSXHI2A
344,W,5,primary,GJ6DC7BXGQ,Verified Buccaneers Ticket,P27,70.0,92.6,GM2DIOSXHI2Q
344,W,6,primary,GJ6DC7BXGQ,Verified Buccaneers Ticket,P27,70.0,92.6,GM2DIOSXHI3A
344,W,12,primary,GJ6DC7BXGQ,Verified Buccaneers Ticket,P27,70.0,92.6,GM2DIOSXHIYTE
344,W,13,primary,GJ6DC7BXGQ,Verified Buccaneers Ticket,P27,70.0,92.6,GM2DIOSXHIYTG
344,X,1,resale,GN6DCMRVG43DSNRTGU2HYMJZHE4TEYJUGIYTK,,,61.0,71.07,GM2DIOSYHIYQ
344,X,2,resale,GN6DCMRVG43DSNRTGU2HYMJZHE4TEYJUGIYTK,,,61.0,71.07,GM2DIOSYHIZA
344,X,3,resale,GN6DCMRVG43DSNRTGU2HYMJZHE4TEYJUGIYTK,,,61.0,71.07,GM2DIOSYHIZQ
344,X,4,resale,GN6DCMRVG43DSNRTGU2HYMJZHE4TEYJUGIYTK,,,61.0,71.07,GM2DIOSYHI2A
344,X,5,resale,GN6DCMRVG43DSNRTGU2HYMJZHE4TEYJUGIYTK,,,61.0,71.07,GM2DIOSYHI2Q
344,X,6,resale,GN6DCMRVG43DSNRTGU2HYMJZHE4TEYJUGIYTK,,,61.0,71.07,GM2DIOSYHI3A
344,X,7,resale,GN6DCMRVG43DSNRTGU2HYMJZHE4TEYJUGIYTK,,,61.0,71.07,GM2DIOSYHI3Q
344,X,8,resale,GN6DCMRVG43DSNRTGU2HYMJZHE4TEYJUGIYTK,,,61.0,71.07,GM2DIOSYHI4A
344,X,9,resale,GN6DCMRVG43DSNRTGU2HYMJZHE4TEYJUGIYTK,,,61.0,71.07,GM2DIOSYHI4Q
344,X,10,resale,GN6DCMRVG43DSNRTGU2HYMJZHE4TEYJUGIYTK,,,61.0,71.07,GM2DIOSYHIYTA
344,X,11,primary,GJ6DC7BXGQ,Verified Buccaneers Ticket,P27,70.0,92.6,GM2DIOSYHIYTC
344,X,12,primary,GJ6DC7BXGQ,Verified Buccaneers Ticket,P27,70.0,92.6,GM2DIOSYHIYTE
344,X,13,primary,GJ6DC7BXGQ,Verified Buccaneers Ticket,P27,70.0,92.6,GM2DIOSYHIYTG
344,Z,1,primary,GJ6DCOBYGAYDAMBUPQ3TI,Aisle Seats,P27,75.0,98.93,GM2DIOS2HIYQ
344,Z,2,primary,GJ6DCOBYGAYDAMBUPQ3TI,Aisle Seats,P27,75.0,98.93,GM2DIOS2HIZA
